Country Name,Country Code,2015 [YR2015] - GDP (current US$) [NY.GDP.MKTP.CD],"2015 [YR2015] - International tourism, receipts (current US$) [ST.INT.RCPT.CD]","2015 [YR2015] - International tourism, expenditures (current US$) [ST.INT.XPND.CD]",2016 [YR2016] - GDP (current US$) [NY.GDP.MKTP.CD],"2016 [YR2016] - International tourism, receipts (current US$) [ST.INT.RCPT.CD]","2016 [YR2016] - International tourism, expenditures (current US$) [ST.INT.XPND.CD]",2017 [YR2017] - GDP (current US$) [NY.GDP.MKTP.CD],"2017 [YR2017] - International tourism, receipts (current US$) [ST.INT.RCPT.CD]","2017 [YR2017] - International tourism, expenditures (current US$) [ST.INT.XPND.CD]",2018 [YR2018] - GDP (current US$) [NY.GDP.MKTP.CD],"2018 [YR2018] - International tourism, receipts (current US$) [ST.INT.RCPT.CD]","2018 [YR2018] - International tourism, expenditures (current US$) [ST.INT.XPND.CD]",2019 [YR2019] - GDP (current US$) [NY.GDP.MKTP.CD],"2019 [YR2019] - International tourism, receipts (current US$) [ST.INT.RCPT.CD]","2019 [YR2019] - International tourism, expenditures (current US$) [ST.INT.XPND.CD]",2020 [YR2020] - GDP (current US$) [NY.GDP.MKTP.CD],"2020 [YR2020] - International tourism, receipts (current US$) [ST.INT.RCPT.CD]","2020 [YR2020] - International tourism, expenditures (current US$) [ST.INT.XPND.CD]"
Afghanistan,AFG,19998143635.873,86000000,151000000,18019554403.4503,62000000,89000000,18896353155.8839,16000000,130000000,18418860354.4238,50000000,226000000,18904502222.2108,85000000,168000000,20143451705.7548,75000000,49000000
Albania,ALB,11386853143.152,1613000000,1311000000,11861199830.8396,1821000000,1338000000,13019726211.7369,2050000000,1473000000,15156424061.9815,2306000000,1750000000,15401826080.5183,2458000000,1852000000,15162734205.2462,1243000000,805000000
Algeria,DZA,165979224316.667,347000000,762000000,160034212613.438,246000000,556000000,170096989042.831,171000000,632000000,174910891124.491,196500000,542000000,171760290068.157,140000000,670000000,145743722826.258,50000000,272000000
American Samoa,ASM,673000000,..,..,671000000,22000000,..,612000000,22000000,..,639000000,..,..,647000000,..,..,716000000,..,..
Andorra,AND,2789881258.60547,..,..,2896610479.86779,..,..,3000162081.22356,..,..,3218419896.93327,..,..,3155149347.92151,1910000000,187000000,2891001149.40074,..,..
Angola,AGO,87219300384.5072,1171000000,389000000,49840491178.1518,628000000,823000000,68972769395.6274,884000000,1216000000,77792944471.9494,557000000,762000000,69309110145.7687,395000000,717000000,50241368243.6314,19000000,691000000
Antigua and Barbuda,ATG,1336692592.59259,802000000,95000000,1436585185.18519,844000000,101000000,1467955555.55556,820000000,106000000,1604770370.37037,854000000,111000000,1675403703.7037,992000000,119000000,1416348148.14815,416000000,35000000
Argentina,ARG,594749285413.212,5441000000,9348000000,557532317363.451,5466000000,12273000000,643628396190.388,5830000000,14180000000,524819898586.906,5999000000,13084000000,447754686715.081,5654000000,9845000000,385540406815.599,1702000000,2746000000
Armenia,ARM,10553337527.7745,956000000,1057000000,10546136240.3952,1037000000,1033000000,11527458712.6187,1224000000,1218000000,12457940705.3088,1358000000,1335000000,13619290545.8131,1553000000,1543000000,12641698593.7908,303000000,330000000
Aruba,ABW,2963128491.62011,1659000000,357000000,2983798882.68156,1757000000,319000000,3092178770.94972,1855000000,349000000,3276187709.49721,2035000000,394000000,3395793854.7486,2109000000,399000000,2610038938.54749,1077000000,310000000
Australia,AUS,1350580336316.75,36249000000,34071000000,1206562910556.58,39059000000,35718000000,1326467487376.42,43975000000,39710000000,1428266513154.48,47327000000,42439000000,1392218527563.26,47953000000,41345000000,1326944627876.87,26234000000,7654000000
Austria,AUT,381971148530.543,20422000000,11337000000,395837353031.51,20965000000,11634000000,417261151844.981,22424000000,12878000000,454991174096.094,25413000000,14109000000,444621176100.54,25924000000,13922000000,435225238000.43,15362000000,5551000000
Azerbaijan,AZE,53076244754.5037,2535000000,2743000000,37867007022.7844,2855000000,2593000000,40866632047.8414,3214000000,2803000000,47112479289.4186,2830000000,2453000000,48174235294.1176,2004099975.58594,1839000000,42693000000,340000000,439000000
"Bahamas, The",BHS,11672900000,2554000000,347000000,11750800000,3091000000,440000000,12253500000,2951000000,554000000,12653600000,3756000000,519000000,13058700000,4150000000,514000000,9754600000,1007000000,166000000
Bahrain,BHR,31050638297.8723,2827000000,4939000000,32234973404.2553,4021000000,3267000000,35473776595.7447,4380000000,3178000000,37802005319.1489,3834000000,2522000000,38653318085.1064,3860000000,2637000000,34621807712.766,724000000,..
Bangladesh,BGD,195078574089.067,150300003.051758,827000000,265236389198.948,214300003.051758,843000000,293754769935.148,348000000,1127000000,321379163135.647,357000000,1207000000,351238397263.802,391000000,1389000000,373902196399.317,217899993.896484,659000000
Barbados,BRB,4724691200,974000000,119000000,4832811750,1071000000,99000000,4981588900,..,..,5097283200,..,..,5324250000,..,..,4671800000,..,..
Belarus,BLR,56454895054.6555,1013000000,997000000,47723549319.0842,1019000000,891000000,54725311690.0478,1124500000,1082000000,60031163987.191,1221000000,1170000000,64410112583.362,1290000000,1224500000,61371755326.2351,542000000,477000000
Belgium,BEL,462335574841.484,8975000000,15856000000,476062757356.94,8784000000,16522000000,502764720556.358,9636000000,17835000000,543299066998.892,10319000000,20789000000,535865692402.342,10581000000,20998000000,525213067068.319,7447000000,13928000000
Belize,BLZ,2210500000,..,50000000,2258500000,..,55000000,2286000000,..,53000000,2315000000,..,50000000,2416500000,..,45400001.5258789,2080000000,..,22040000.9155273
Benin,BEN,11388160997.1088,148000000,141000000,11821065852.127,129000000,87000000,12701655845.9622,160000000,148000000,14262408079.7005,175000000,76000000,14391686309.0337,240860000.610352,130000000,15651545208.8771,..,..
Bermuda,BMU,6654541000,370000000,363000000,6899911000,440000000,373000000,7142316000,513000000,369000000,7225977000,583000000,334000000,7423465000,601000000,342000000,6887147000,94000000,212000000
Bhutan,BTN,2003596824.31099,120000000,44000000,2158971717.50418,139000000,52000000,2450366107.88229,153000000,63000000,2446867582.27133,121000000,79000000,2535655609.45889,120000000,67000000,2325185520.59339,84000000,50000000
Bolivia,BOL,33000198248.9146,810000000,849000000,33941126193.9219,827000000,960000000,37508642170.767,928000000,997000000,40287647930.5355,948000000,1009000000,40895322850.9407,977000000,1111000000,36629843806.0781,243000000,325000000
Bosnia and Herzegovina,BIH,16404352155.614,794000000,278000000,17116926092.3905,875000000,290000000,18326376394.0796,984000000,346000000,20484048415.5019,1147000000,378000000,20482603346.4473,1225000000,393000000,20226030731.0131,438000000,163000000
Botswana,BWA,13530749289.7861,534299987.792969,256399993.896484,15082636722.856,505000000,237100006.103516,16105156375.5848,542010009.765625,253300003.051758,17031943186.1353,584200012.207031,278299987.792969,16725908661.9419,712400024.414063,294700012.207031,14960291540.5283,217000000,91800003.0517578
Brazil,BRA,1802211999555.59,6254000000,20356000000,1795693265824.27,6613000000,17068000000,2063514688761.67,6175000000,22991000000,1916933708404.16,6324000000,22229000000,1873288159000.64,6127000000,21178000000,1476107292036.59,3099000000,6490000000
British Virgin Islands,VGB,..,484000000,..,..,..,..,..,..,..,..,..,..,..,..,..,..,..,..
Brunei Darussalam,BRN,12930292949.4216,147000000,459000000,11400467372.4943,144000000,499000000,12128182463.596,177000000,504000000,13567164444.9707,190000000,585000000,13469240162.5496,..,..,12005795914.7306,..,..
Bulgaria,BGR,50828088835.9428,3568000000,1346000000,53987487124.3421,4148000000,1636000000,59343060705.828,4663000000,2047000000,66399602077.1693,5061000000,2247000000,68911930627.8977,4832000000,2196000000,70404359049.232,1792000000,1263000000
Burkina Faso,BFA,11832159315.9778,152000000,160000000,12833363043.9719,172000000,176000000,14106955625.3571,172000000,182000000,15890066209.8959,179000000,191000000,16178161666.1334,173000000,185199996.948242,17933606212.6294,..,..
Burundi,BDI,3104003545.60675,..,..,2644487777.23693,..,..,2723586962.18686,..,..,2667182198.97925,..,..,2576518879.39881,..,..,2649680261.01097,..,..
Cabo Verde,CPV,1749857628.40716,380000000,109000000,1849789992.74328,397000000,79000000,1996741544.61549,451000000,100000000,2205099509.15921,520000000,112000000,2266752197.42617,567000000,107000000,1878277311.2253,169000000,59000000
Cambodia,KHM,18049954289.4229,3419000000,641000000,20016747858.3122,3523000000,762000000,22177200588.6749,4024000000,919000000,24571753581.7841,4832000000,1080000000,27089390032.8915,5312000000,1162000000,25872797892.0285,1119000000,213000000
Cameroon,CMR,32210233021.5735,476000000,742000000,33814337040.7804,508000000,818000000,36098547058.7877,544000000,845000000,39973842058.565,633000000,915000000,39670976440.3158,681000000,984000000,40773241211.6941,437000000,697000000
Canada,CAN,1556508816217.14,..,..,1527994741907.43,..,..,1649265644244.09,..,..,1725297938435.76,..,..,1743725183672.52,..,..,1647598402302.68,..,..
Cayman Islands,CYM,4708167255.28727,680000000,191000000,4909322200.00212,708000000,194000000,5166281293.18715,832000000,271000000,5530178498.90783,911000000,284000000,5941896599.57333,964000000,299000000,5647224973.03878,..,..
Central African Republic,CAF,1695825714.2427,..,..,1825018144.46187,..,..,2072349974.15272,..,..,2220979144.52008,..,..,2221301350.75537,..,..,2326720902.35741,..,..
Chad,TCD,10950392257.2764,..,..,10097778097.0969,..,..,10000394388.1158,..,..,11239167890.2816,..,..,11314951088.2451,..,..,10715396051.4388,..,..
Channel Islands,CHI,..,..,..,9511207129.35458,..,..,9530244530.24453,..,..,10422948632.4216,..,..,10381669645.1366,..,..,9811538461.53846,..,..
Chile,CHL,242496655711.515,3412000000,2518000000,249298706449.182,3744000000,2733000000,276364936832.331,4115000000,3093000000,295402646018.151,3911000000,3124000000,278493308134.096,3279000000,3142000000,254096103516.324,1034000000,720000000
China,CHN,11061573199439.7,..,..,11233314018690.1,..,..,12310491176727.3,..,..,13894907485398.9,..,..,14279968485748,..,..,14687743556969.6,..,..
Colombia,COL,293492370228.847,5281000000,4890000000,282720100286.228,5631000000,4891000000,311866875135.576,5899000000,5136000000,334198218100.716,6655000000,5531000000,323031701210.767,6784000000,5658000000,270150956772.567,1959000000,1576000000
Comoros,COM,966029599.801322,51599998.4741211,34000000,1012835492.51585,50500000,38000000,1077439756.12224,60599998.4741211,42000000,1188797449.96036,73699996.9482422,48000000,1195019531.03671,72699996.9482422,53000000,1225039195.93744,18500000,43000000
"Congo, Dem. Rep.",COD,37917706485.5896,100000,127000000,37134801548.836,4300000,60000000,38019264804.5125,6000000,68000000,47568210020.9338,60500000,115000000,51775829868.7669,..,..,48716961864.5378,..,..
"Congo, Rep.",COG,11890259176.6829,46900001.5258789,557000000,10219341017.1383,42900001.5258789,457000000,11094823676.5914,..,..,13670038019.8594,..,..,12750338736.1661,..,..,10483151093.6873,..,..
Costa Rica,CRI,56441920823.7632,3408000000,898000000,58847019584.9144,3776000000,1055000000,60516044623.4876,3758000000,1322000000,62420164964.6987,4073000000,1198000000,64417670555.7821,4282000000,1330000000,62395610764.0705,1479000000,697000000
Cote d'Ivoire,CIV,45815005170.6127,214000000,560000000,48407761031.6758,477000000,491000000,52512344033.9625,509000000,564000000,58522477744.7313,551000000,625000000,59898479821.1946,550500000,702000000,62982768371.5174,199300003.051758,315000000
Croatia,HRV,50742086222.907,8207000000,770000000,52391038979.0338,9215000000,954000000,55937483557.9256,10534000000,1410000000,61330483609.8835,11348000000,1741000000,61329267533.1316,11974000000,1811000000,57624938982.3606,5631853027.34375,789687194.824219
Cuba,CUB,87133000000,2819000000,..,91370000000,3069000000,..,96851000000,3302000000,..,100050000000,2783000000,..,103428000000,2645000000,..,107352000000,1152000000,..
Curacao,CUW,3042737430.1676,712000000,419000000,3014748603.35196,644000000,428000000,3009497206.70391,572000000,447000000,3020388826.81564,604000000,452000000,2995185474.86034,706000000,411000000,2496174748.60335,282000000,127000000
Cyprus,CYP,19909269064.8473,2525664306.64063,1453000000,21046452117.3765,2870000000,1559318481.44531,22946583375.5508,3274000000,1378000000,25597301190.678,3449000000,1569000000,25945194240.4544,3245000000,1596000000,25008266159.2479,663000000,880000000
Czechia,CZE,188033050459.881,6766000000,4819000000,196272068576.338,7041000000,4962000000,218628940951.675,7695000000,5533000000,249000540729.179,8283000000,6074000000,252548179964.897,7967000000,6034000000,245974558654.043,3890000000,3495000000
Denmark,DNK,302673070846.857,6685000000,8918000000,313115929314.339,7494000000,9174000000,332121063806.391,8508000000,9804000000,356841216410.068,9097000000,10485000000,346498737961.635,..,..,355222449505.211,..,..
Djibouti,DJI,2424391785.43897,30900000,..,2604955228.70117,33500000,..,2762581334.22612,36200000,..,2913466732.12507,57000000,..,3088853638.56832,..,..,3181071153.6622,..,..
Dominica,DMA,540737037.037037,202000000,34000000,576229629.62963,198000000,33000000,521551851.851852,161000000,28000000,554770370.37037,111000000,28000000,611537037.037037,..,31000000,504214814.814815,..,9000000
Dominican Republic,DOM,71164826719.5026,6116000000,803000000,75704647977.2591,6720000000,882000000,79998045975.5137,7184000000,940000000,85555390385.9812,7561000000,1006000000,88941371980.2651,..,1060000000,78844655833.2194,..,444000000
Ecuador,ECU,99290381000,1557000000,994000000,99937696000,1729000000,1454000000,104295862000,2018000000,1463000000,107562008000,2279000000,1523000000,108108009000,2288000000,1650000000,99291124000,705000000,533000000
"Egypt, Arab Rep.",EGY,329366576819.407,6897000000,3636000000,332441717791.411,3306000000,4351000000,248362771739.13,8636000000,2419000000,262588632526.73,12704000000,2897000000,318678815489.749,14256000000,3718000000,383817841547.099,4874000000,2578000000
El Salvador,SLV,23438240000,1203000000,332000000,24191430000,1161000000,451000000,24979190000,1227000000,466000000,26020850000,1370000000,490000000,26881140000,1664000000,504000000,24930080000,755000000,162000000
Equatorial Guinea,GNQ,13185496881.4052,..,..,11240808846.6924,..,..,12200913887.6428,..,..,13097012124.2261,..,..,11364133546.2494,..,..,10099157995.5789,..,..
Eritrea,ERI,..,..,..,..,48000000,..,..,..,..,..,..,..,..,..,..,..,..,..
Estonia,EST,22890762090.1508,1893000000,1169000000,24072829276.775,1911000000,1299000000,26924385103.0662,2124000000,1395000000,30624720196.2285,2326000000,1647000000,31081901909.2151,2310000000,1808000000,31370395572.7653,865000000,676000000
Eswatini,SWZ,4063245671.29285,14199999.8092651,64000000,3816019222.86268,13199999.8092651,33000000,4402969225.92165,13199999.8092651,74000000,4666598023.91856,16399999.6185303,43000000,4466214522.19539,14300000.1907349,33000000,3982236726.3678,7300000.19073486,36400001.5258789
Ethiopia,ETH,64589329344.6937,2279000000,..,74296745599.0048,2138000000,461000000,81770886908.5198,2505000000,363500000,84269196152.0333,3548000000,612700012.207031,95912607970.1686,3529000000,661000000,107657734392.446,2282000000,322500000
Faroe Islands,FRO,2573906035.59584,..,..,2813278761.27524,..,..,2980057167.73595,..,..,3188601035.1907,..,..,3275684065.13139,..,..,3248670978.10165,..,..
Fiji,FJI,4682480303.97469,1094000000,115000000,4930213787.50451,1149000000,119000000,5353468387.56019,1243000000,138000000,5581425890.96651,1370000000,160000000,5481692621.61125,1345000000,174000000,4477030179.83128,236000000,77000000
Finland,FIN,234534382384.766,4011000000,5786000000,240771351298.84,4017000000,6199000000,255647979916.473,5210000000,6740000000,275708001767.838,5762000000,7223000000,268514916972.544,5944000000,6841000000,271886077382.097,1757000000,1940000000
France,FRA,2439188643162.5,66441000000,47713000000,2472964344587.23,63557000000,49029000000,2595151045197.67,67717000000,53787000000,2790956878746.61,72518000000,59131000000,2728870246705.83,70776000000,59751000000,2639008701648.21,35958000000,31193000000
French Polynesia,PYF,5325846341.7909,758000000,277000000,5497036486.74487,782000000,226000000,5833352684.45264,..,..,6135116260.64814,..,..,6022276207.18983,..,..,5731835679.23061,..,..
Gabon,GAB,14383107763.1182,28700000.7629395,346000000,14023890263.875,..,..,14929487495.759,..,..,16867326389.8696,..,..,16874405460.1964,..,..,15314577167.8199,..,..
"Gambia, The",GMB,1378176605.93705,92000000,5400000.09536743,1484578897.15783,88000000,7199999.80926514,1504909447.77459,128000000,8500000,1670671340.37966,174000000,10399999.6185303,1813609679.15313,157000000,10000000,1812170878.30632,53000000,5199999.80926514
Georgia,GEO,14953675992.6704,2049000000,609000000,15141598622.5692,2315000000,706000000,16242647229.7398,2971000000,853000000,17596922469.9152,3518000000,960000000,17470436258.5131,3551000000,1124000000,15842922532.7202,586000000,292000000
Germany,DEU,3357585719351.56,50669000000,85334000000,3469853463945.63,52234000000,87412000000,3690849152517.69,55750000000,97163000000,3974443355019.53,59446000000,103502000000,3888226035921.49,58372000000,101231000000,3889668895299.56,..,..
Ghana,GHA,49406014245.4296,911000000,1405000000,56164933479.4044,952000000,1571000000,60405920071.1024,919000000,1581000000,67298913752.0241,996000000,1329000000,68337974418.7681,1490000000,1380000000,70043095503.2503,191000000,946000000
Gibraltar,GIB,..,..,..,..,..,..,..,..,..,..,..,..,..,..,..,..,..,..
Greece,GRC,195683527003.375,17547000000,3535000000,193148146586.938,16811000000,3412000000,199844406013.533,19139000000,3306000000,212049447242.107,21594000000,3910000000,205257014892.498,23003000000,4211000000,188925995936.803,6193000000,1500000000
Greenland,GRL,2499113085.48255,..,..,2707146783.13056,..,..,2851610655.92391,..,..,3055791340.7025,..,..,2997331094.25136,..,..,3082909157.60994,..,..
Grenada,GRD,997007407.407407,422000000,40000000,1061640740.74074,437000000,40000000,1125685185.18519,482000000,38000000,1166514814.81481,548000000,42000000,1213485185.18519,..,48000000,1043411111.11111,..,12000000
Guam,GUM,5799000000,..,..,5901000000,..,..,6013000000,..,..,6056000000,..,..,6366000000,..,..,5886000000,..,..
Guatemala,GTM,62186064718.7424,1169500000,1020000000,66053402744.7267,1202699951.17188,1032000000,71653756504.1625,1217599975.58594,1066000000,73328369925.8478,1235099975.58594,1105000000,77172313916.4218,1227199951.17188,1128000000,77715183063.2054,298500000,346000000
Guinea,GIN,8794202394.72245,27000000,38000000,8595955600.7877,16600000.3814697,16299999.2370605,10324668270.876,16600000.3814697,102400001.525879,11857030366.4598,4699999.80926514,411700012.207031,13442861496.5747,10399999.6185303,419500000,14177835840.8311,1289999.96185303,1075099975.58594
Guinea-Bissau,GNB,1048229632.99726,..,..,1179004911.26075,..,..,1350177012.24771,16440000.5340576,..,1504630233.68639,20000000,74599998.4741211,1439638410.99593,18920000.0762939,88900001.5258789,1431758231.68287,..,..
Guyana,GUY,4279840193.7046,..,..,4482697336.56174,..,..,4748174334.14044,..,..,4787637005.53638,..,..,5173760191.84652,..,..,5471256594.72422,..,..
Haiti,HTI,14849629407.9546,609000000,503000000,14069277532.4999,511000000,503000000,15093357143.42,460000000,485000000,16403864521.4121,620000000,599000000,15016090929.8744,..,554000000,14508222518.158,..,..
Honduras,HND,20979791685.416,671000000,454000000,21717604580.8627,585000000,482000000,23136248046.2979,610000000,517000000,24067750465.9361,601000000,558000000,25089937108.6681,556000000,655000000,23827859694.7921,189000000,230000000
"Hong Kong SAR, China",HKG,309385622601.348,42491000000,23059000000,320860317562.562,37838000000,24141000000,341273289534.466,38170000000,25388000000,361731070995.726,42313000000,26498000000,363074560517.276,32697000000,..,344943149590.058,..,..
Hungary,HUN,125174166987.372,6929000000,2456000000,128609822750.039,7481000000,2738000000,143112196040.326,8448000000,3049000000,160565642983.587,9618000000,3239000000,164020460331.659,10225000000,3352000000,157227094449.074,4224000000,1334000000
Iceland,ISL,17517210519.0912,..,..,20793168030.9524,..,..,24728285177.4603,..,..,26260850582.0687,..,..,24663643101.958,..,..,21553080483.8132,..,..
India,IND,2103588347241.77,21472000000,17686000000,2294796889945.04,23111000000,19184000000,2651474263257.15,27878000000,21856000000,2702929639861.5,29143000000,25790000000,2835606242052.48,31661000000,28595000000,2671595389575.7,13413000000,15777000000
Indonesia,IDN,860854232717.853,12054000000,9800000000,931877364033.902,12566000000,9932000000,1015618744168.15,14691000000,10945000000,1042271532953.36,17915000000,13171000000,1119099871386.16,18405000000,14449000000,1059054842711.72,3533000000,1980000000
"Iran, Islamic Rep.",IRN,408212917871.725,4771000000,9658000000,457954614595.24,4634000000,11142000000,486630147094.69,4531000000,12568000000,327900695065.853,5252000000,9271000000,283649531542.631,..,..,239735486745.704,..,..
Iraq,IRQ,166774104911.48,2833000000,7934000000,166602488747.885,3120000000,7647000000,187217660050.676,2959000000,8093000000,227367469034.031,1986000000,7855000000,233636097800.338,3593000000,10925000000,180924091442.953,955000000,4172000000
Ireland,IRL,291775166506.891,11476000000,5704000000,299091127524.513,12649000000,6234000000,336377500160.549,14294000000,6616000000,385736680797.111,15276000000,7541000000,399321701632.424,14808000000,8156000000,425852281928.114,4160000000,2334000000
Isle of Man,IMN,7084795708.26863,..,..,6846373276.62067,..,..,6979791187.09008,..,..,7491654051.08011,..,..,7314966839.10981,..,..,6684229268.52985,..,..
Israel,ISR,303414276832.04,6605000000,7506000000,322102790386.835,6616000000,8210000000,358245427458.541,7602000000,8985000000,376691526553.276,8048000000,9975000000,402470513619.148,8459000000,10389000000,413267669231.522,2661000000,2175000000
Italy,ITA,1836637711060.55,41415000000,30312000000,1877071687633.83,42423000000,30584000000,1961796197354.37,46719000000,34819000000,2091932426266.94,51602000000,37644000000,2011302198827.41,51910000000,37908000000,1897210466667.52,20459000000,12965000000
Jamaica,JAM,14188938780.5039,..,413000000,14077105502.9175,..,413000000,14808984880.5796,..,455000000,15730791525.65,..,505000000,15830766372.2651,..,508000000,13812421859.4026,..,291000000
Japan,JPN,4444930651964.18,27285000000,23252000000,5003677627544.24,33456000000,25968000000,4930837369151.42,36978000000,25774000000,5040880939324.86,45276000000,28097000000,5117993853016.51,49209000000,29146000000,5048789595589.43,11395000000,6741000000
Jordan,JOR,38587017887.3239,4968000000,1267000000,39892551126.7606,4943000000,1367000000,41608435915.493,5549000000,1496000000,43370860704.2254,6221000000,1493000000,44503005774.6479,6765000000,1569000000,43579916197.1831,1745000000,408000000
Kazakhstan,KAZ,184388404428.843,1833000000,3046000000,137278320084.171,2038000000,2580000000,166805788966.78,2356000000,2695000000,179339977517.062,2651000000,2852000000,181667185041.48,2922000000,2955000000,171082365723.326,589000000,861000000
Kenya,KEN,70120446663.6256,1596000000,..,74815143796.3978,1472000000,..,82036511258.8324,1564000000,..,92202979940.671,1784000000,..,100378435824.178,1762000000,..,100657505600.655,..,..
Kiribati,KIR,170292283.246013,..,..,178507958.050329,..,..,188540699.145686,5170000.07629395,24569999.6948242,196501504.185186,..,..,175181684.792212,..,..,177553260.108828,..,..
"Korea, Dem. People's Rep.",PRK,..,..,..,..,..,..,..,..,..,..,..,..,..,..,..,..,..,..
"Korea, Rep.",KOR,1465773245547.15,18711000000,27957000000,1500111596236.37,20924000000,29817000000,1623901496835.79,17173000000,34453000000,1724845615629.26,23104000000,38022000000,1651422932447.77,25456000000,35339000000,1644312785467.12,11776000000,16705000000
Kosovo,XKX,6295845465.35898,..,..,6682674062.9615,..,..,7180768692.26354,..,..,7878762812.20156,..,..,7899741278.93571,..,..,7717143395.25699,..,..
Kuwait,KWT,114585567439.674,931000000,13148000000,109406169162.833,831000000,13232000000,120687635952.46,643000000,13722000000,138202309918.726,919000000,14318000000,136191752590.897,1198000000,15839000000,105948765156.029,524000000,6696000000
Kyrgyz Republic,KGZ,6678177483.42949,482000000,535000000,6813095396.14317,477000000,582000000,7702938395.18458,480000000,422000000,8271106196.04253,518000000,451000000,8871019822.76098,708000000,519000000,7780873258.66887,195000000,185000000
Lao PDR,LAO,14426381187.0894,725000000,1002000000,15912495368.8717,717000000,912099975.585938,17071162084.4067,655000000,930000000,18141651381.3884,833000000,1005000000,18740559554.1632,974000000,1029000000,18981800705.0794,227000000,260000000
Latvia,LVA,27263090547.0617,..,..,28083597512.4849,..,..,30483806017.8321,..,..,34429023435.0205,..,..,34343961072.8229,..,..,34601740323.338,..,..
Lebanon,LBN,49929337837.0813,7087000000,5187000000,51147308773.9304,7373000000,5252000000,53027680685.8375,8086000000,5704000000,54901519155.6219,8694000000,6395000000,51605959131.3654,8717000000,6495000000,31712128253.7961,2369000000,1699000000
Lesotho,LSO,2359754087.58169,..,180000000,2114426468.65681,..,262000000,2306741598.79677,..,307000000,2556247155.56945,..,347000000,2436029587.61009,..,323000000,2117736527.79886,..,277000000
Liberia,LBR,3227075700,..,..,3398419600,..,..,3390703400,..,..,3422754800,..,..,3319596500,..,..,3039982500,..,..
Libya,LBY,48717506272.6981,..,1066000000,49912085228.3487,..,813000000,67157451660.2727,..,2005000000,76686048499.3527,..,2042000000,69254143968.3398,..,..,46808208747.2754,..,..
Liechtenstein,LIE,6268513139.70288,..,..,6237299538.02934,..,..,6474310909.50636,..,..,6692618410.5125,..,..,6436467007.11932,..,..,6405765970.4778,..,..
Lithuania,LTU,41435533340.3883,..,..,43047309305.7375,..,..,47758736931.7805,..,..,53751411409.4437,..,..,54760617012.9166,..,..,56914826860.6918,..,..
Luxembourg,LUX,60071584216.1375,6182000000,2333000000,62216885435.9505,5606000000,2048000000,65712180342.9842,5472000000,2607000000,71000359760.4599,5642000000,2872000000,69825641851.0104,5645000000,3288000000,73992591285.3017,4454000000,2458000000
"Macao SAR, China",MAC,45048188247.6458,31620000000,1435000000,45070807279.6288,31155000000,1500000000,50440935654.0075,36595000000,1702000000,55284309690.2698,41478000000,1941000000,55204960999.5882,41166000000,2034000000,25459685019.548,9442000000,886000000
Madagascar,MDG,11323020699.9128,696000000,240000000,11848613859.5279,912000000,300000000,13176313593.5509,849000000,319000000,13760033282.6071,879000000,309000000,14104664677.9627,951000000,319000000,13051441203.4474,202000000,97000000
Malawi,MWI,9219474373.16418,39000000,121000000,7909868618.46366,30000000,100000000,8943543677.18899,35000000,120000000,9880675785.93057,55000000,174000000,11025371147.1876,62000000,195000000,12056108780.2073,35000000,119000000
Malaysia,MYS,301354783698.72,19194000000,11599000000,301255332137.075,19682000000,11339000000,319109103242.055,20311000000,12145000000,358788833524.945,21775000000,13207000000,365177744321.011,22200000000,13694000000,337339463179.961,3386000000,5206000000
Maldives,MDV,4109416450.22514,2691000000,309000000,4379134272.943,2640000000,347000000,4754185598.8417,2771000000,369000000,5300949822.99805,3054000000,414000000,5609385433.592,3171000000,431000000,3746329358.28788,1409000000,106000000
Mali,MLI,13104764378.7114,186000000,207000000,14026048334.2131,201600006.103516,213000000,15365713059.1057,206399993.896484,220000000,17070867577.6666,231000000,255000000,17280250805.2245,..,..,17465392779.0366,..,..
Malta,MLT,11091467513.7109,..,..,11667976402.763,..,..,13489296992.0001,..,..,15298004130.4975,..,..,15881258056.2009,..,..,15046136935.4814,..,..
Marshall Islands,MHL,182997300,1500000,26200000.7629395,200716000,30399999.6185303,27000000,212701200,18100000.3814697,27600000.3814697,219330300,20100000.3814697,31399999.6185303,232092300,..,..,241722400,..,..
Mauritania,MRT,6166863960.00061,31000000,73000000,6398741855.76276,33000000,74000000,6800138755.34592,24000000,61000000,7473550557.07378,6000000,38000000,8066118984.30581,13699999.8092651,56000000,8405498735.74293,6400000.09536743,35000000
Mauritius,MUS,12007291045.6489,1680000000,616000000,12594155346.298,1824000000,683000000,13713505998.0391,2005000000,738000000,14735695930.9727,2161000000,663000000,14436347115.2893,2024000000,656000000,11401040995.9946,518000000,224000000
Mexico,MEX,1171870072962.76,18729000000,12668000000,1078493059306.95,20619000000,12823000000,1158912015259.01,22467000000,13647000000,1222405556421.13,23802000000,14074000000,1269009571610.76,25847000000,12300000000,1090514966785.91,11449000000,4286000000
"Micronesia, Fed. Sts.",FSM,316489900,..,..,332265200,..,..,366666800,..,..,401932300,..,..,412000000,..,..,408000000,..,..
Moldova,MDA,7798692878.40136,300000000,370000000,7982450758.03213,344000000,334000000,9519053158.46404,442000000,380000000,11253727815.4762,500000000,438000000,11735774634.4239,527000000,479000000,11531967881.0624,354000000,303000000
Monaco,MCO,6261646949.53125,..,..,6472837332.95721,..,..,6431274937.64707,..,..,7194256778.2745,..,..,7383941919.21567,..,..,6739642360.46694,..,..
Mongolia,MNG,11619892592.6599,279000000,473000000,11181350649.2247,379000000,536000000,11480847740.0839,462000000,618000000,13178094719.8612,526000000,822000000,14206359016.4014,605000000,1036000000,13312981427.4023,49000000,573000000
Montenegro,MNE,4054728172.94375,947000000,69000000,4376929571.63114,978000000,91000000,4856602178.63413,1110000000,91000000,5506944403.30196,1224000000,73000000,5542053845.29274,1276000000,72000000,4769995511.55242,180000000,38000000
Morocco,MAR,110413820681.034,7765000000,2155000000,111572946646.535,7922000000,2312000000,118540574727.552,9086000000,2829000000,127341141871.205,9520000000,2987000000,128920265075.525,9949000000,3102000000,121347533649.793,4514000000,1509000000
Mozambique,MOZ,15950979333.1582,202000000,322000000,11936993086.9579,114000000,290000000,13219079497.7055,164000000,237000000,14845400592.6712,331000000,135000000,15390031039.9957,324000000,99000000,14156864916.4711,113000000,95000000
Myanmar,MMR,63045306513.9317,2199000000,146000000,60291738934.7768,2289000000,201000000,61449391917.1276,1988000000,136000000,67144726167.9294,1670000000,118000000,68697761477.1809,2501000000,214000000,78930259068.5275,..,..
Namibia,NAM,11335161230.1608,540000000,71000000,10722018975.0783,295000000,82000000,12895153160.466,449000000,92000000,13682019171.6627,488000000,69000000,12541928102.7657,451000000,118000000,10583748757.3345,155000000,77000000
Nauru,NRU,84863407.8650093,1700000,6400000,97541914.5833045,3400000,10000000,109355653.690742,3900000,9000000,130995580.092154,1600000,7100000,125160081.80546,..,..,124685686.622889,..,..
Nepal,NPL,24360801338.0543,509000000,669000000,24524109484.7453,498000000,634000000,28971588880.8208,712000000,886000000,33111525182.7133,740000000,915000000,34186180694.9285,801000000,713000000,33433659223.1789,238000000,267000000
Netherlands,NLD,765572770634.375,17558000000,20234000000,784060430240.101,19421800781.25,20188800781.25,833869641687.068,21844699218.75,22301099609.375,914043438179.591,23919099609.375,23359300781.25,910194347568.61,23723900390.625,22547400390.625,909793466661.466,10926200195.3125,7435700195.3125
New Caledonia,NCL,8738203041.54697,246000000,253000000,8724568970.67697,248000000,252000000,9173669999.59434,..,..,9896402295.48329,..,..,9475655341.98316,..,..,9454629451.03219,..,..
New Zealand,NZL,178064471137.921,9464000000,3721000000,188838342527.975,9773000000,4010000000,206556258844.567,10594000000,4463000000,211886686924.483,10961000000,4603000000,213091987153.092,..,..,212569779569.515,..,..
Nicaragua,NIC,12756722238.3709,..,273000000,13286066154.9603,..,310000000,13785890939.4447,..,365000000,13025266513.3167,..,349000000,12699028889.666,..,312000000,12678162359.4021,..,102000000
Niger,NER,9683867926.72766,80000000,140000000,10398861980.6524,84000000,110000000,11185101444.3729,91000000,120000000,12808661487.4035,114000000,141000000,12916454870.5458,130000000,144500000,13744174582.2532,..,..
Nigeria,NGA,493026782401.561,461000000,9017000000,404649048648.026,1088000000,4524000000,375745732274.676,2615000000,8194000000,421739210176.152,1977000000,13218000000,474517470742.749,1471000000,16406000000,432198936002.177,321000000,6613000000
North Macedonia,MKD,10064519962.5655,268000000,189000000,10672467073.2873,283000000,204000000,11307067000.7188,331000000,233000000,12683068033.1043,387000000,282000000,12606338448.547,401000000,302000000,12363580534.6811,253000000,153000000
Northern Mariana Islands,MNP,910000000,..,..,1230000000,..,..,1560000000,..,..,1301000000,..,..,1181000000,..,..,858000000,..,..
Norway,NOR,388159512245.53,6370000000,16485000000,370956547619.048,6285000000,16384000000,401745275035.261,6565000000,17489000000,439788625883.8,7280000000,18307000000,408742840909.091,7040000000,17683000000,367633418886.627,2196000000,4230000000
Oman,OMN,78710793237.9714,2247000000,2208000000,75128738621.5865,2324000000,2643000000,80856697009.1027,2629000000,2915000000,91505851755.5267,2874000000,3210000000,88060858257.4772,3077000000,3406000000,75909397659.2978,669000000,1236000000
Pakistan,PAK,270556104886.456,915000000,2642000000,313629998960.445,790000000,2931000000,339205536454.445,865000000,3316000000,356128167702.894,845000000,2959000000,320909472926.461,992000000,2998000000,300425609206.18,765000000,1245000000
Palau,PLW,280457700,156000000,21899999.6185303,298300000,148000000,23799999.2370605,285600000,123000000,23299999.2370605,284900000,..,..,278900000,..,..,251900000,..,..
Panama,PAN,54091800000,5754000000,1272000000,57907700000,6283000000,1351000000,62202700000,6827000000,1132000000,67294169234.6291,7139000000,1395000000,69721787532.9789,7052000000,1623000000,57086836942.4052,1841000000,601000000
Papua New Guinea,PNG,21723439625.73,..,135000000,20758874952.5805,1600000.02384186,126599998.474121,22742696407.5093,15260000.2288818,168600006.103516,24109780113.2307,4230000.01907349,134000000,24751069237.9977,..,..,23848442440.267,..,..
Paraguay,PRY,36211372646.38,348000000,494000000,36089550671.834,356000000,512000000,38997129809.1697,399000000,545000000,40225448651.3062,393000000,549000000,37925338460.1556,409000000,552000000,35432177936.3317,104000000,226000000
Peru,PER,189802961890.097,4140000000,2539000000,191898127860.843,4288000000,2700000000,211007952315.888,4439000000,2893000000,222597030191.041,4505000000,3353000000,228325852220.761,4703000000,3627399902.34375,201947603715.409,1002000000,938000000
Philippines,PHL,306445871631.969,6414000000,11868000000,318627003965.989,6289000000,11681000000,328480738147.1,8349000000,12442000000,346841896890.489,9715000000,12474000000,376823404772.837,11455000000,12926000000,361751145432.404,2769000000,4872000000
Poland,POL,477111287969.227,11164000000,8285000000,470024559638.496,11922000000,8509000000,524641206562.004,13925000000,9420000000,588779850763.487,15569000000,10367000000,596058473058.766,15712000000,10161000000,599442783603.187,8379000000,5547000000
Portugal,PRT,199394066525.44,16007000000,4576000000,206426152308.937,17347000000,4707000000,221357874718.932,21586000000,5509000000,242313116577.963,24366000000,6427000000,239986922638.897,24592000000,6823000000,229031860520.773,10522000000,3536000000
Puerto Rico,PRI,103375500000,3825000000,983000000,104336700000,3974000000,1059000000,103445500000,3868000000,1072000000,100958100000,3303000000,893000000,105126400000,3612000000,..,103130900000,2921000000,..
Qatar,QAT,161739955576.923,12131000000,11641000000,151732181868.132,12593000000,13152000000,161099122225.275,15757000000,12284000000,183334953818.681,15239000000,11754000000,176371267689.082,15647000000,12528000000,144411363345.27,14318000000,11504000000
Romania,ROU,177883897811.434,2229000000,2526000000,185287615324.922,2474000000,2910000000,210147181055.277,3553000000,4955000000,243316050520.725,3879000000,6109000000,251017797625.017,4240000000,7172000000,251362534092.315,1611000000,3472000000
Russian Federation,RUS,1363482179761.17,13186000000,38432000000,1276786344534.27,12822000000,27654000000,1574199355092.71,14938000000,35584000000,1657328764645.93,18735000000,38791000000,1693114993990.49,17235000000,40611000000,1493075887459.81,4961000000,10800000000
Rwanda,RWA,8543869360.36164,427000000,350000000,8695318854.11055,443000000,364000000,9252833678.08916,496500000,419000000,9636510839.30707,547000000,390000000,10346675636.3397,635900024.414063,382799987.792969,10172925171.5869,212000000,127000000
Samoa,WSM,824150487.210566,142399993.896484,2900000.09536743,843924750.673535,148699996.948242,2099999.90463257,884844419.778891,167000000,3900000.09536743,878448439.453724,192300003.051758,4099999.90463257,912950619.371868,206100006.103516,5199999.80926514,868898350.356664,23059999.4659424,1799999.95231628
San Marino,SMR,1419400403.82339,..,..,1468342430.68836,..,..,1528621195.45849,..,..,1655354303.82885,..,..,1616188702.34405,..,..,1541247884.00207,..,..
Sao Tome and Principe,STP,316066072.343754,62500000,..,345495614.979982,69100000,..,375614126.193877,65900000,..,412253809.728799,71900000,..,427425039.684339,..,..,472551023.610419,..,..
Saudi Arabia,SAU,669484381328.891,11183000000,20366000000,665999879694.192,13438000000,17671000000,714994694991.651,15020000000,19065000000,846583785179.856,16974000000,17939000000,838564705624.643,19849000000,16415000000,734271183954.88,5960000000,9069000000
Senegal,SEN,17774766696.6987,417000000,261000000,19040312331.1615,439000000,277000000,20996562958.501,470000000,295000000,23116701539.5646,557000000,324000000,23403995984.9306,..,..,24530513058.5946,..,..
Serbia,SRB,39655949731.3816,1322000000,1254000000,40692661657.284,1461000000,1351000000,44179075778.9267,1706000000,1549000000,50640662859.4987,1941000000,1837000000,51514242775.5241,2000000000,2000000000,53356484763.839,1422000000,1179000000
Seychelles,SYC,1391427967.33495,483000000,54000000,1458954109.81959,505000000,92000000,1529773286.49646,585000000,104000000,1587813245.28225,611000000,101000000,1645090567.04612,618000000,109000000,1183515397.64891,228000000,39000000
Sierra Leone,SLE,4252029353.82191,37000000,34000000,3862721204.61052,41000000,36500000,3719443317.52413,39000000,62000000,4085114542.06831,39000000,61000000,4076578653.54714,..,83000000,4062906363.55623,..,..
Singapore,SGP,307998545269.398,16617000000,23658000000,319029973659.293,18944000000,23957000000,343272878686.388,19891000000,24588000000,376869585632.115,20416000000,25346000000,376837488316.973,..,..,348392174863.651,..,..
Sint Maarten (Dutch part),SXM,1253072625.69832,913000000,118000000,1263687150.83799,871000000,114000000,1191620111.73184,646000000,100000000,1185474860.3352,468000000,77000000,1459776536.31285,708000000,77000000,1240279329.60894,243000000,21000000
Slovak Republic,SVK,88900883130.8374,2480000000,2266000000,89952699524.8965,2812000000,2420000000,95649966260.981,3024000000,2599000000,106137924015.591,3318000000,2823000000,105710052464.625,3350000000,2811000000,106728917483.033,1303000000,1291000000
Slovenia,SVN,43107506024.3254,2594000000,1370000000,44766722790.5838,2717899902.34375,1483800048.82813,48589100043.0958,3055100097.65625,1641099975.58594,54177882425.8421,3377500000,1864300048.82813,54331588482.3048,3353100097.65625,1771699951.17188,53706800043.6833,1418000000,855799987.792969
Solomon Islands,SLB,1307909891.29375,60000000,60700000.7629395,1379490315.02286,71000000,74900001.5258789,1469789050.30851,79000000,72699996.9482422,1615478421.45974,92000000,53000000,1619154958.40233,82000000,62500000,1536145831.0639,7000000,30909999.8474121
Somalia,SOM,5335000000,..,..,5534000000,..,..,5609000000,..,..,5856000006.22021,..,..,6485000000,..,..,6883000000,..,..
South Africa,ZAF,346709790458.563,9140000000,5734000000,323585509674.481,8807000000,5354000000,381448814653.456,9706000000,6068000000,404158882459.024,9789000000,6348000000,388531226582.351,9064000000,5866000000,337619569570.511,2716000000,1594000000
South Sudan,SSD,11997800760.2242,22000000,759000000,..,23500000,323000000,..,26000000,293000000,..,12000000,513000000,..,..,..,..,..,469000000
Spain,ESP,1196156971279.69,..,..,1233554967011.71,..,..,1313245330197.66,..,..,1421702715218.01,..,..,1394320055129.38,..,..,1276962685648.23,..,..
Sri Lanka,LKA,85140955516.7505,3978000000,2152000000,88012281909.7522,4591000000,2295000000,94376237831.5778,5083000000,2409000000,94493871351.4217,5608000000,2487000000,89014978319.0703,4663000000,2436000000,84440535698.8207,1076000000,803000000
St. Kitts and Nevis,KNA,957037037.037037,317000000,52000000,1008100000,332000000,51000000,1058944444.44444,355000000,56000000,1076922222.22222,367000000,56000000,1107844444.44444,..,60000000,884522222.222222,..,18000000
St. Lucia,LCA,1807222222.22222,810000000,76000000,1865444444.44444,776000000,78000000,1996703703.7037,875000000,84000000,2057074074.07407,989000000,85000000,2094185185.18518,..,92000000,1516000000,..,28000000
St. Martin (French part),MAF,..,..,..,..,..,..,..,..,..,..,..,..,..,..,..,..,..,..
St. Vincent and the Grenadines,VCT,786554580.796867,211100006.103516,40000000,814302267.073348,221300003.051758,41000000,844039068.757533,215399993.896484,38000000,884328180.526933,231000000,40000000,910765709.768752,255000000,40000000,869111852.751778,85000000,13000000
Sudan,SDN,84984672415.9401,949000000,195000000,102943515502.994,1009000000,203000000,129718581297.431,1029000000,29000000,32333780383.2924,1043000000,13000000,32338079165.2893,..,..,27034593750,..,..
Suriname,SUR,5126238146.34146,99000000,128000000,3317421499.77314,74000000,112000000,3591679371.03991,61000000,99000000,3996198760.32389,73000000,104000000,4016040575.08796,64000000,94000000,2911807496.20227,19000000,64000000
Sweden,SWE,505103781349.757,..,..,515654671469.547,..,..,541018749769.097,..,..,555455371487.089,..,..,533879529188.454,..,..,547054174235.876,..,..
Switzerland,CHE,694118186379.628,20140000000,19675000000,687895460902.713,19787000000,19941000000,695200833086.499,20399000000,21501000000,725562534363.895,21294000000,21441000000,721369112726.724,21257000000,21097000000,739913619797.445,9994000000,10372000000
Syrian Arab Republic,SYR,16468399180.3822,..,..,12598742886.9368,..,..,16369724433.2751,..,..,21496337967.8677,..,..,22600896352.1266,..,..,11159274040.2708,..,..
Tajikistan,TJK,8271431932.43678,146000000,..,6992416096.89018,149600006.103516,24600000.3814697,7536403146.68377,171600006.103516,15100000.3814697,7765000282.29397,170899993.896484,24200000.7629395,8300813889.63698,179100006.103516,28399999.6185303,8133963813.3329,102400001.525879,10800000.1907349
Tanzania,TZA,47378603783.6471,1924000000,1288000000,49774004999.2038,2149000000,992000000,53275968094.8533,2265000000,873000000,57003686049.4102,2465000000,818000000,61026765850.3054,2624500000,738200012.207031,66068737757.2651,..,..
Thailand,THA,401296242133.903,44851000000,9539000000,413366345843.744,48459000000,11267000000,456356812774.563,57057000000,12676000000,506754212432.991,61383000000,14406000000,543976695638.812,64371000000,14969000000,500457261548.076,15360000000,3681000000
Timor-Leste,TLS,1594447600,51000000,100000000,1650619400,58000000,118000000,1595724300,73000000,137000000,1563887900,78000000,131000000,2028551600,..,110000000,2158392500,..,61000000
Togo,TGO,5681469374.10362,212000000,53000000,6031632014.86013,223000000,55000000,6395472028.24361,245000000,57000000,7029217931.75029,269000000,65000000,6992656428.93581,264000000,61000000,7389329392.7704,..,..
Tonga,TON,437003006.744784,46400001.5258789,32400001.5258789,420548768.072805,52700000.7629395,23799999.2370605,460374252.206137,48500000,37700000.7629395,488906860.874058,48099998.4741211,41200000.7629395,512053639.842631,57099998.4741211,44000000,484796858.839009,47700000.7629395,38000000
Trinidad and Tobago,TTO,26851970249.3032,809000000,253000000,23496215880.5212,708000000,230000000,23797686961.8447,717000000,147000000,24322359037.409,541000000,149000000,23849557811.3959,481000000,133000000,21059428846.0153,151000000,42000000
Tunisia,TUN,45779494041.9295,1869000000,767000000,44360065796.6202,1706000000,823000000,42163530590.9462,1782000000,871000000,42686509835.5287,2320000000,954000000,41905637658.6053,2683000000,889000000,42538462678.1201,1007000000,407000000
Turkiye,TUR,864313960482.343,35648000000,5635000000,869682954136.208,26505000000,5698000000,858988578709.755,31993000000,5865000000,778476714087.962,36791000000,6068000000,759934804372.319,41415000000,5354000000,720288811761.915,13771000000,1639000000
Turkmenistan,TKM,35799714285.7143,..,..,36169428571.4286,..,..,37926285714.2857,..,..,40765428571.4286,..,..,44220285714.2857,..,..,45610571428.5714,..,..
Turks and Caicos Islands,TCA,942070000,..,..,1032452000,..,..,1022365000,..,..,1113178000,..,..,1197415000,..,..,924583000,..,..
Tuvalu,TUV,36811928.82414,..,9399999.61853027,41629064.9653416,..,11399999.6185303,45276606.0014551,..,10100000.3814697,48015219.9526234,..,10800000.1907349,54123195.2727502,..,9800000.19073486,51746568.697119,..,..
Uganda,UGA,32387183733.0207,1049000000,278000000,29203988697.459,1118000000,309000000,30744473839.7439,954000000,365000000,32927025621.3848,1522000000,497000000,35348155092.292,1400000000,596000000,37605430214.347,518000000,268000000
Ukraine,UKR,91030968761.4155,1662000000,5408000000,93355868977.6619,1723000000,6306000000,112090503817.399,2019000000,7536000000,130891086689.522,2269000000,8287000000,153883045524.931,2595000000,8907000000,156617719786.254,687000000,4823000000
United Arab Emirates,ARE,370275469571.137,25587099609.375,16637099609.375,369255326235.534,28657400390.625,17127259765.625,390516804029.952,29705500000,17644699218.75,427049432157.931,34609500000,18004099609.375,417989721742.682,38413300781.25,18382000000,349473015330.157,24615400390.625,15085000000
United Kingdom,GBR,2934857946213.47,..,..,2699659680997.2,..,..,2683488510504.04,..,..,2878152147315.82,..,..,2857057847953.02,..,..,2704609160088.15,..,..
United States,USA,18206020741000,230574000000,144669000000,18695110842000,228549000000,147640000000,19477336549000,233758000000,158287000000,20533057312000,241984000000,176818000000,21380976119000,239447000000,186079000000,21060473613000,84205000000,48837000000
Uruguay,URY,57680328702.241,2349000000,1384000000,57480788380.312,2396000000,1079000000,65006047680.3225,2924000000,1222000000,65203071110.6037,2708000000,1252000000,62048585618.505,2335000000,1424000000,53666908479.5585,1085000000,412000000
Uzbekistan,UZB,86196264741.9423,688000000,1902000000,86138288633.2241,579000000,1832000000,62081322741.1228,835000000,2107000000,52870108217.5626,1314000000,2722000000,60283503705.3907,1679000000,2753000000,60224701295.7983,395000000,1062000000
Vanuatu,VUT,730870805.20235,254000000,34000000,780889605.899977,275000000,28000000,880061830.96959,289000000,19000000,914736985.430944,325000000,21000000,936526267.622513,295000000,32000000,909421043.508407,67000000,22000000
"Venezuela, RB",VEN,..,654000000,3249000000,..,546000000,2920000000,..,..,..,..,..,..,..,..,..,..,..,..
Vietnam,VNM,239258340825.533,7350000000,3595000000,257096001174.075,8500000000,4500000000,281353626107.245,8890000000,5040000000,310106472642.968,10080000000,5910000000,334365257920.289,11830000000,6460000000,346615750166.553,3232000000,4360000000
Virgin Islands (U.S.),VIR,3663000000,1324000000,..,3798000000,1343000000,..,3794000000,1202000000,..,3922000000,993000000,..,4117000000,1031000000,..,4204000000,686000000,..
West Bank and Gaza,PSE,13972400000,312000000,606000000,15405400000,235000000,620000000,16128000000,225000000,813000000,16276600000,245000000,826000000,17133500000,..,914000000,15531700000,..,567000000
"Yemen, Rep.",YEM,42444489460.9387,116000000,79000000,31317824906.4358,116000000,56000000,26842231204.8047,..,..,21606161066.2074,..,..,..,..,..,..,..,..
Zambia,ZMB,21251216798.7762,..,400000000,20958412538.3093,..,423000000,25873601260.8353,..,410000000,26311506435.0598,..,478000000,23308667781.2258,..,511000000,18110638619.3723,..,474000000
Zimbabwe,ZWE,19963120600,191000000,557000000,20548678100,194000000,406000000,17584890936.6523,158000000,337000000,34156069918.0609,191000000,269000000,21832234925.5021,285000000,257000000,21509698406.1116,66000000,157000000
,,,,,,,,,,,,,,,,,,,
,,,,,,,,,,,,,,,,,,,
,,,,,,,,,,,,,,,,,,,
Data from database: World Development Indicators,,,,,,,,,,,,,,,,,,,
Last Updated: 09/19/2023,,,,,,,,,,,,,,,,,,,
