,Year,Country Name,International Tourism Expenditures (US$),International Tourism Receipts (US$),# of arrivals,GDP (US$),Total Population
1084,2020,Zimbabwe,157000000,66000000,639000,21509698406.1116,15669666.0
216,2016,Zimbabwe,406000000,194000000,2168000,20548678100,14452704.0
433,2017,Zimbabwe,337000000,158000000,2423000,17584890936.6523,14751101.0
650,2018,Zimbabwe,269000000,191000000,2580000,34156069918.0609,15052184.0
867,2019,Zimbabwe,257000000,285000000,2294000,21832234925.5021,15354608.0
647,2018,West Bank and Gaza,826000000,245000000,606000,16276600000,4569087.0
213,2016,West Bank and Gaza,620000000,235000000,400000,15405400000,4367088.0
430,2017,West Bank and Gaza,813000000,225000000,503000,16128000000,4454805.0
428,2017,Vietnam,5040000000,8890000000,12922000,281353626107.245,94033048.0
211,2016,Vietnam,4500000000,8500000000,10013000,257096001174.075,93126529.0
645,2018,Vietnam,5910000000,10080000000,15498000,310106472642.968,94914330.0
1079,2020,Vietnam,4360000000,3232000000,3837000,346615750166.553,96648685.0
862,2019,Vietnam,6460000000,11830000000,18009000,334365257920.289,95776716.0
426,2017,Vanuatu,19000000,289000000,332700.012207031,880061830.96959,290239.0
1077,2020,Vanuatu,22000000,67000000,82400.0015258789,909421043.508407,311685.0
860,2019,Vanuatu,32000000,295000000,256000,936526267.622513,304404.0
209,2016,Vanuatu,28000000,275000000,351600.006103516,780889605.899977,283218.0
643,2018,Vanuatu,21000000,325000000,350200.012207031,914736985.430944,297298.0
208,2016,Uzbekistan,1832000000,579000000,2027000,86138288633.2241,31847900.0
425,2017,Uzbekistan,2107000000,835000000,2690000,62081322741.1228,32388600.0
859,2019,Uzbekistan,2753000000,1679000000,6749000,60283503705.3907,33580350.0
642,2018,Uzbekistan,2722000000,1314000000,5346000,52870108217.5626,32956100.0
858,2019,Uruguay,1424000000,2335000000,3480000,62048585618.505,3428409.0
424,2017,Uruguay,1222000000,2924000000,4219000,65006047680.3225,3422200.0
641,2018,Uruguay,1252000000,2708000000,3954000,65203071110.6037,3427042.0
207,2016,Uruguay,1079000000,2396000000,3632000,57480788380.312,3413766.0
857,2019,United States,186079000000,239447000000,165478000,21380976119000,328329953.0
1074,2020,United States,48837000000,84205000000,45037000,21060473613000,331511512.0
423,2017,United States,158287000000,233758000000,174291750,19477336549000,325122128.0
640,2018,United States,176818000000,241984000000,169324921.875,20533057312000,326838199.0
206,2016,United States,147640000000,228549000000,175261484.375,18695110842000,323071755.0
855,2019,United Arab Emirates,18382000000,38413300781.25,25282000,417989721742.682,9211657.0
638,2018,United Arab Emirates,18004099609.375,34609500000,23092000,427049432157.931,9140169.0
1072,2020,United Arab Emirates,15085000000,24615400390.625,8084000,349473015330.157,9287289.0
204,2016,United Arab Emirates,17127259765.625,28657400390.625,20894000,369255326235.534,8994263.0
421,2017,United Arab Emirates,17644699218.75,29705500000,21805000,390516804029.952,9068296.0
637,2018,Ukraine,8287000000,2269000000,14342000,130891086689.522,44622518.0
1071,2020,Ukraine,4823000000,687000000,3382000,156617719786.254,44132049.0
420,2017,Ukraine,7536000000,2019000000,14579000,112090503817.399,44831135.0
203,2016,Ukraine,6306000000,1723000000,13734000,93355868977.6619,45004673.0
854,2019,Ukraine,8907000000,2595000000,13710000,153883045524.931,44386203.0
202,2016,Uganda,309000000,1118000000,1323000,29203988697.459,38748299.0
419,2017,Uganda,365000000,954000000,1402000,30744473839.7439,40127085.0
1070,2020,Uganda,268000000,518000000,473000,37605430214.347,44404611.0
853,2019,Uganda,596000000,1400000000,1543000,35348155092.292,42949080.0
636,2018,Uganda,497000000,1522000000,1506000,32927025621.3848,41515395.0
1066,2020,Turkiye,1639000000,13771000000,15971000,720288811761.915,84135428.0
849,2019,Turkiye,5354000000,41415000000,51747000,759934804372.319,83481684.0
198,2016,Turkiye,5698000000,26505000000,30907000,869682954136.208,81019394.0
415,2017,Turkiye,5865000000,31993000000,37970000,858988578709.755,82089826.0
632,2018,Turkiye,6068000000,36791000000,46113000,778476714087.962,82809304.0
631,2018,Tunisia,954000000,2320000000,8299000,42686509835.5287,11933041.0
848,2019,Tunisia,889000000,2683000000,9429000,41905637658.6053,12049314.0
197,2016,Tunisia,823000000,1706000000,5724000,44360065796.6202,11685667.0
414,2017,Tunisia,871000000,1782000000,7052000,42163530590.9462,11811443.0
1065,2020,Tunisia,407000000,1007000000,2012000,42538462678.1201,12161723.0
1064,2020,Trinidad and Tobago,42000000,151000000,141000,21059428846.0153,1518147.0
630,2018,Trinidad and Tobago,149000000,541000000,501000,24322359037.409,1504709.0
847,2019,Trinidad and Tobago,133000000,481000000,480000,23849557811.3959,1519955.0
196,2016,Trinidad and Tobago,230000000,708000000,492000,23496215880.5212,1469330.0
413,2017,Trinidad and Tobago,147000000,717000000,465000,23797686961.8447,1478607.0
629,2018,Tonga,41200000.7629395,48099998.4741211,77300.0030517578,488906860.874058,105150.0
846,2019,Tonga,44000000,57099998.4741211,94000,512053639.842631,104951.0
195,2016,Tonga,23799999.2370605,52700000.7629395,86699.9969482422,420548768.072805,105707.0
412,2017,Tonga,37700000.7629395,48500000,86599.9984741211,460374252.206137,105415.0
845,2019,Togo,61000000,264000000,876000,6992656428.93581,8243094.0
194,2016,Togo,55000000,223000000,338000,6031632014.86013,7661354.0
628,2018,Togo,65000000,269000000,573000,7029217931.75029,8046679.0
411,2017,Togo,57000000,245000000,514000,6395472028.24361,7852795.0
410,2017,Timor-Leste,137000000,73000000,73900.0015258789,1595724300,1243235.0
193,2016,Timor-Leste,118000000,58000000,65599.9984741211,1650619400,1224562.0
627,2018,Timor-Leste,131000000,78000000,74599.9984741211,1563887900,1261845.0
843,2019,Thailand,14969000000,64371000000,39916000,543976695638.812,71307763.0
192,2016,Thailand,11267000000,48459000000,32530000,413366345843.744,70607037.0
626,2018,Thailand,14406000000,61383000000,38178000,506754212432.991,71127802.0
409,2017,Thailand,12676000000,57057000000,35592000,456356812774.563,70898202.0
842,2019,Tanzania,738200012.207031,2624500000,1527000,61026765850.3054,59872579.0
191,2016,Tanzania,992000000,2149000000,1284000,49774004999.2038,54401802.0
408,2017,Tanzania,873000000,2265000000,1327000,53275968094.8533,56267032.0
625,2018,Tanzania,818000000,2465000000,1506000,57003686049.4102,58090443.0
407,2017,Tajikistan,15100000.3814697,171600006.103516,431000,7536403146.68377,8925525.0
190,2016,Tajikistan,24600000.3814697,149600006.103516,344000,6992416096.89018,8725318.0
624,2018,Tajikistan,24200000.7629395,170899993.896484,1035000,7765000282.29397,9128132.0
188,2016,Switzerland,19941000000,19787000000,10402000,687895460902.713,8373338.0
622,2018,Switzerland,21441000000,21294000000,11715000,725562534363.895,8514329.0
405,2017,Switzerland,21501000000,20399000000,11133000,695200833086.499,8451840.0
839,2019,Switzerland,21097000000,21257000000,11818000,721369112726.724,8575280.0
186,2016,Suriname,112000000,74000000,257000,3317421499.77314,581453.0
403,2017,Suriname,99000000,61000000,279000,3591679371.03991,587559.0
619,2018,Sudan,13000000,1043000000,836000,32333780383.2924,41999059.0
402,2017,Sudan,29000000,1029000000,813000,129718581297.431,40679828.0
185,2016,Sudan,203000000,1009000000,800000,102943515502.994,39377169.0
184,2016,St. Vincent and the Grenadines,41000000,221300003.051758,227000,814302267.073348,105963.0
618,2018,St. Vincent and the Grenadines,40000000,231000000,356000,884328180.526933,105281.0
835,2019,St. Vincent and the Grenadines,40000000,255000000,392000,910765709.768752,104924.0
401,2017,St. Vincent and the Grenadines,38000000,215399993.896484,303000,844039068.757533,105549.0
399,2017,St. Lucia,84000000,875000000,1064000,1996703703.7037,177163.0
182,2016,St. Lucia,78000000,776000000,948000,1865444444.44444,176413.0
616,2018,St. Lucia,85000000,989000000,1165000,2057074074.07407,177888.0
181,2016,St. Kitts and Nevis,51000000,332000000,1055000,1008100000,47788.0
615,2018,St. Kitts and Nevis,56000000,367000000,1278000,1076922222.22222,47761.0
398,2017,St. Kitts and Nevis,56000000,355000000,1194000,1058944444.44444,47785.0
831,2019,Sri Lanka,2436000000,4663000000,2027000,89014978319.0703,21803000.0
1048,2020,Sri Lanka,803000000,1076000000,540000,84440535698.8207,21919000.0
614,2018,Sri Lanka,2487000000,5608000000,2521000,94493871351.4217,21670000.0
180,2016,Sri Lanka,2295000000,4591000000,2168000,88012281909.7522,21425494.0
397,2017,Sri Lanka,2409000000,5083000000,2248000,94376237831.5778,21506813.0
1045,2020,South Africa,1594000000,2716000000,3886600.09765625,337619569570.511,58801927.0
394,2017,South Africa,6068000000,9706000000,14975000,381448814653.456,56641209.0
611,2018,South Africa,6348000000,9789000000,15004000,404158882459.024,57339635.0
828,2019,South Africa,5866000000,9064000000,14797000,388531226582.351,58087055.0
177,2016,South Africa,5354000000,8807000000,15121000,323585509674.481,56422274.0
392,2017,Solomon Islands,72699996.9482422,79000000,25700.0007629395,1469789050.30851,643634.0
175,2016,Solomon Islands,74900001.5258789,71000000,23200.0007629395,1379490315.02286,628102.0
609,2018,Solomon Islands,53000000,92000000,27899.9996185303,1615478421.45974,659249.0
826,2019,Solomon Islands,62500000,82000000,28899.9996185303,1619154958.40233,674993.0
1043,2020,Solomon Islands,30909999.8474121,7000000,4400.00009536743,1536145831.0639,691191.0
825,2019,Slovenia,1771699951.17188,3353100097.65625,4702000,54331588482.3048,2088385.0
174,2016,Slovenia,1483800048.82813,2717899902.34375,3397000,44766722790.5838,2065042.0
608,2018,Slovenia,1864300048.82813,3377500000,4425000,54177882425.8421,2073894.0
391,2017,Slovenia,1641099975.58594,3055100097.65625,3991000,48589100043.0958,2066388.0
1042,2020,Slovenia,855799987.792969,1418000000,1216000,53706800043.6833,2102419.0
390,2017,Slovak Republic,2599000000,3024000000,15406000,95649966260.981,5439232.0
607,2018,Slovak Republic,2823000000,3318000000,15299000,106137924015.591,5446771.0
173,2016,Slovak Republic,2420000000,2812000000,17376000,89952699524.8965,5430798.0
823,2019,Sint Maarten (Dutch part),77000000,708000000,1952000,1459776536.31285,41608.0
389,2017,Sint Maarten (Dutch part),100000000,646000000,1640000,1191620111.73184,40574.0
606,2018,Sint Maarten (Dutch part),77000000,468000000,1775000,1185474860.3352,40895.0
172,2016,Sint Maarten (Dutch part),114000000,871000000,2197000,1263687150.83799,39969.0
171,2016,Singapore,23957000000,18944000000,16403000,319029973659.293,5607283.0
605,2018,Singapore,25346000000,20416000000,18508000,376869585632.115,5638676.0
388,2017,Singapore,24588000000,19891000000,17425000,343272878686.388,5612253.0
387,2017,Sierra Leone,62000000,39000000,59000,3719443317.52413,7677565.0
170,2016,Sierra Leone,36500000,41000000,60000,3862721204.61052,7493913.0
604,2018,Sierra Leone,61000000,39000000,66000,4085114542.06831,7861281.0
169,2016,Seychelles,92000000,505000000,333000,1458954109.81959,94677.0
1037,2020,Seychelles,39000000,228000000,124500,1183515397.64891,98462.0
603,2018,Seychelles,101000000,611000000,405000,1587813245.28225,96762.0
820,2019,Seychelles,109000000,618000000,428000,1645090567.04612,97625.0
386,2017,Seychelles,104000000,585000000,382000,1529773286.49646,95843.0
168,2016,Serbia,1351000000,1461000000,1281000,40692661657.284,7058322.0
602,2018,Serbia,1837000000,1941000000,1711000,50640662859.4987,6982604.0
819,2019,Serbia,2000000000,2000000000,1847000,51514242775.5241,6945235.0
1036,2020,Serbia,1179000000,1422000000,446000,53356484763.839,6899126.0
385,2017,Serbia,1549000000,1706000000,1497000,44179075778.9267,7020858.0
167,2016,Senegal,277000000,439000000,1219000,19040312331.1615,14751356.0
384,2017,Senegal,295000000,470000000,1376000,20996562958.501,15157793.0
600,2018,Saudi Arabia,17939000000,16974000000,17570000,846583785179.856,35018133.0
817,2019,Saudi Arabia,16415000000,19849000000,20292000,838564705624.643,35827362.0
166,2016,Saudi Arabia,17671000000,13438000000,20887000,665999879694.192,33416270.0
383,2017,Saudi Arabia,19065000000,15020000000,18607000,714994694991.651,34193122.0
597,2018,Samoa,4099999.90463257,192300003.051758,172000,878448439.453724,209701.0
380,2017,Samoa,3900000.09536743,167000000,158000,884844419.778891,207630.0
814,2019,Samoa,5199999.80926514,206100006.103516,181000,912950619.371868,211905.0
163,2016,Samoa,2099999.90463257,148699996.948242,146000,843924750.673535,205544.0
1031,2020,Samoa,1799999.95231628,23059999.4659424,23899.9996185303,868898350.356664,214929.0
596,2018,Rwanda,390000000,547000000,1711000,9636510839.30707,12531808.0
162,2016,Rwanda,364000000,443000000,1377000,8695318854.11055,11930899.0
379,2017,Rwanda,419000000,496500000,1570000,9252833678.08916,12230339.0
813,2019,Rwanda,382799987.792969,635900024.414063,1634000,10346675636.3397,12835028.0
1029,2020,Russian Federation,10800000000,4961000000,6359000,1493075887459.81,144073139.0
378,2017,Russian Federation,35584000000,14938000000,24390000,1574199355092.71,144496739.0
161,2016,Russian Federation,27654000000,12822000000,24571000,1276786344534.27,144342397.0
595,2018,Russian Federation,38791000000,18735000000,24551000,1657328764645.93,144477859.0
812,2019,Russian Federation,40611000000,17235000000,24419000,1693114993990.49,144406261.0
160,2016,Romania,2910000000,2474000000,10223000,185287615324.922,19702267.0
1028,2020,Romania,3472000000,1611000000,5023000,251362534092.315,19265250.0
377,2017,Romania,4955000000,3553000000,10926000,210147181055.277,19588715.0
811,2019,Romania,7172000000,4240000000,12815000,251017797625.017,19371648.0
594,2018,Romania,6109000000,3879000000,11720000,243316050520.725,19473970.0
810,2019,Qatar,12528000000,15647000000,2136500,176371267689.082,2807235.0
1027,2020,Qatar,11504000000,14318000000,582000,144411363345.27,2760385.0
593,2018,Qatar,11754000000,15239000000,1819000,183334953818.681,2766732.0
159,2016,Qatar,13152000000,12593000000,2938000,151732181868.132,2595166.0
376,2017,Qatar,12284000000,15757000000,2256000,161099122225.275,2711755.0
592,2018,Puerto Rico,893000000,3303000000,4260000,100958100000,3193354.0
158,2016,Puerto Rico,1059000000,3974000000,5003000,104336700000,3406672.0
375,2017,Puerto Rico,1072000000,3868000000,4927000,103445500000,3325286.0
157,2016,Portugal,4707000000,17347000000,13359000,206426152308.937,10325452.0
591,2018,Portugal,6427000000,24366000000,16186000,242313116577.963,10283822.0
808,2019,Portugal,6823000000,24592000000,17283000,239986922638.897,10286263.0
1025,2020,Portugal,3536000000,10522000000,4208000,229031860520.773,10297081.0
374,2017,Portugal,5509000000,21586000000,15432000,221357874718.932,10300300.0
156,2016,Poland,8509000000,11922000000,80476000,470024559638.496,37970087.0
590,2018,Poland,10367000000,15569000000,85946000,588779850763.487,37974750.0
807,2019,Poland,10161000000,15712000000,88515000,596058473058.766,37965475.0
373,2017,Poland,9420000000,13925000000,83804000,524641206562.004,37974826.0
806,2019,Philippines,12926000000,11455000000,8261000,376823404772.837,110380804.0
589,2018,Philippines,12474000000,9715000000,7168000,346841896890.489,108568836.0
372,2017,Philippines,12442000000,8349000000,6621000,328480738147.1,106738501.0
155,2016,Philippines,11681000000,6289000000,5967000,318627003965.989,104875266.0
1023,2020,Philippines,4872000000,2769000000,1483000,361751145432.404,112190977.0
805,2019,Peru,3627399902.34375,4703000000,5275000,228325852220.761,32824861.0
154,2016,Peru,2700000000,4288000000,4718000,191898127860.843,31132779.0
371,2017,Peru,2893000000,4439000000,4992000,211007952315.888,31605486.0
588,2018,Peru,3353000000,4505000000,5384000,222597030191.041,32203944.0
1022,2020,Peru,938000000,1002000000,1119000,201947603715.409,33304756.0
804,2019,Paraguay,552000000,409000000,4368000,37925338460.1556,6530026.0
153,2016,Paraguay,512000000,356000000,4318000,36089550671.834,6266615.0
587,2018,Paraguay,549000000,393000000,4183000,40225448651.3062,6443328.0
1021,2020,Paraguay,226000000,104000000,1077000,35432177936.3317,6618695.0
370,2017,Paraguay,545000000,399000000,4744000,38997129809.1697,6355404.0
586,2018,Papua New Guinea,134000000,4230000.01907349,195000,24109780113.2307,9329227.0
152,2016,Papua New Guinea,126599998.474121,1600000.02384186,198000,20758874952.5805,8899169.0
369,2017,Papua New Guinea,168600006.103516,15260000.2288818,182000,22742696407.5093,9114796.0
1019,2020,Panama,601000000,1841000000,647000,57086836942.4052,4294396.0
368,2017,Panama,1132000000,6827000000,2517000,62202700000,4096063.0
585,2018,Panama,1395000000,7139000000,2487000,67294169234.6291,4165255.0
151,2016,Panama,1351000000,6283000000,2379000,57907700000,4026336.0
802,2019,Panama,1623000000,7052000000,2494000,69721787532.9789,4232532.0
367,2017,Palau,23299999.2370605,123000000,123000,285600000,17837.0
150,2016,Palau,23799999.2370605,148000000,138000,298300000,17816.0
582,2018,Oman,3210000000,2874000000,3242000,91505851755.5267,4601157.0
1016,2020,Oman,1236000000,669000000,869000,75909397659.2978,4543399.0
148,2016,Oman,2643000000,2324000000,3207000,75128738621.5865,4398070.0
365,2017,Oman,2915000000,2629000000,3178000,80856697009.1027,4541854.0
799,2019,Oman,3406000000,3077000000,3506000,88060858257.4772,4602768.0
364,2017,Norway,17489000000,6565000000,6252000,401745275035.261,5276968.0
798,2019,Norway,17683000000,7040000000,5879000,408742840909.091,5347896.0
147,2016,Norway,16384000000,6285000000,5960000,370956547619.048,5234519.0
581,2018,Norway,18307000000,7280000000,5688000,439788625883.8,5311916.0
1015,2020,Norway,4230000000,2196000000,1397000,367633418886.627,5379475.0
145,2016,North Macedonia,204000000,283000000,510000,10672467073.2873,2072490.0
362,2017,North Macedonia,233000000,331000000,631000,11307067000.7188,2074502.0
796,2019,North Macedonia,302000000,401000000,758000,12606338448.547,2076694.0
579,2018,North Macedonia,282000000,387000000,707000,12683068033.1043,2076217.0
1013,2020,North Macedonia,153000000,253000000,118000,12363580534.6811,2072531.0
144,2016,Nigeria,4524000000,1088000000,5265000,404649048648.026,188666931.0
360,2017,Niger,120000000,91000000,164000,11185101444.3729,21737922.0
794,2019,Niger,144500000,130000000,192000,12916454870.5458,23443393.0
577,2018,Niger,141000000,114000000,157000,12808661487.4035,22577058.0
143,2016,Niger,110000000,84000000,152000,10398861980.6524,20921743.0
141,2016,New Zealand,4010000000,9773000000,3494000,188838342527.975,4714100.0
575,2018,New Zealand,4603000000,10961000000,3858000,211886686924.483,4900600.0
358,2017,New Zealand,4463000000,10594000000,3723000,206556258844.567,4813600.0
140,2016,New Caledonia,252000000,248000000,116000,8724568970.67697,270220.0
356,2017,Netherlands,22301099609.375,21844699218.75,17924000,833869641687.068,17131296.0
139,2016,Netherlands,20188800781.25,19421800781.25,15828000,784060430240.101,17030314.0
1007,2020,Netherlands,7435700195.3125,10926200195.3125,7265000,909793466661.466,17441500.0
573,2018,Netherlands,23359300781.25,23919099609.375,18780000,914043438179.591,17231624.0
790,2019,Netherlands,22547400390.625,23723900390.625,20129000,910194347568.61,17344874.0
138,2016,Nepal,634000000,498000000,753000,24524109484.7453,27861186.0
1006,2020,Nepal,267000000,238000000,230000,33433659223.1789,29348627.0
789,2019,Nepal,713000000,801000000,1197000,34186180694.9285,28832496.0
572,2018,Nepal,915000000,740000000,1173000,33111525182.7133,28506712.0
355,2017,Nepal,886000000,712000000,940000,28971588880.8208,28183426.0
1004,2020,Namibia,77000000,155000000,187100.006103516,10583748757.3345,2489098.0
570,2018,Namibia,69000000,488000000,1639000,13682019171.6627,2405680.0
136,2016,Namibia,82000000,295000000,1551000,10722018975.0783,2323352.0
353,2017,Namibia,92000000,449000000,1581000,12895153160.466,2364534.0
787,2019,Namibia,118000000,451000000,1651000,12541928102.7657,2446644.0
352,2017,Myanmar,136000000,1988000000,3443000,61449391917.1276,52288341.0
135,2016,Myanmar,201000000,2289000000,2907000,60291738934.7768,51892349.0
786,2019,Myanmar,214000000,2501000000,4364000,68697761477.1809,53040212.0
569,2018,Myanmar,118000000,1670000000,3551000,67144726167.9294,52666014.0
134,2016,Mozambique,290000000,114000000,1715000,11936993086.9579,27696493.0
785,2019,Mozambique,99000000,324000000,2033000,15390031039.9957,30285595.0
351,2017,Mozambique,237000000,164000000,1514000,13219079497.7055,28569441.0
568,2018,Mozambique,135000000,331000000,2870000,14845400592.6712,29423878.0
350,2017,Morocco,2829000000,9086000000,11540000,118540574727.552,35528115.0
1001,2020,Morocco,1509000000,4514000000,2802000,121347533649.793,36688772.0
784,2019,Morocco,3102000000,9949000000,13109000,128920265075.525,36304408.0
133,2016,Morocco,2312000000,7922000000,10677000,111572946646.535,35107264.0
567,2018,Morocco,2987000000,9520000000,12489000,127341141871.205,35927511.0
566,2018,Montenegro,73000000,1224000000,2077000,5506944403.30196,622227.0
783,2019,Montenegro,72000000,1276000000,2510000,5542053845.29274,622028.0
1000,2020,Montenegro,38000000,180000000,351000,4769995511.55242,621306.0
349,2017,Montenegro,91000000,1110000000,1877000,4856602178.63413,622373.0
132,2016,Montenegro,91000000,978000000,1662000,4376929571.63114,622303.0
999,2020,Mongolia,573000000,49000000,66900.0015258789,13312981427.4023,3294335.0
565,2018,Mongolia,822000000,526000000,598000,13178094719.8612,3163991.0
348,2017,Mongolia,618000000,462000000,543000,11480847740.0839,3096030.0
131,2016,Mongolia,536000000,379000000,471000,11181350649.2247,3029555.0
782,2019,Mongolia,1036000000,605000000,637000,14206359016.4014,3232430.0
997,2020,Moldova,303000000,354000000,29000,11531967881.0624,2635130.0
780,2019,Moldova,479000000,527000000,174000,11735774634.4239,2664224.0
346,2017,Moldova,380000000,442000000,145000,9519053158.46404,2755189.0
563,2018,Moldova,438000000,500000000,160000,11253727815.4762,2707203.0
129,2016,Moldova,334000000,344000000,121000,7982450758.03213,2803186.0
127,2016,Mexico,12823000000,20619000000,94853000,1078493059306.95,121519221.0
995,2020,Mexico,4286000000,11449000000,51128000,1090514966785.91,125998302.0
561,2018,Mexico,14074000000,23802000000,96497000,1222405556421.13,124013861.0
344,2017,Mexico,13647000000,22467000000,99349000,1158912015259.01,122839258.0
778,2019,Mexico,12300000000,25847000000,97406000,1269009571610.76,125085311.0
994,2020,Mauritius,224000000,518000000,316000,11401040995.9946,1266014.0
343,2017,Mauritius,738000000,2005000000,1371000,13713505998.0391,1264887.0
777,2019,Mauritius,656000000,2024000000,1418000,14436347115.2893,1265985.0
560,2018,Mauritius,663000000,2161000000,1431000,14735695930.9727,1265577.0
126,2016,Mauritius,683000000,1824000000,1307000,12594155346.298,1263747.0
124,2016,Marshall Islands,27000000,30399999.6185303,5400.00009536743,200716000,48329.0
341,2017,Marshall Islands,27600000.3814697,18100000.3814697,6000,212701200,47187.0
558,2018,Marshall Islands,31399999.6185303,20100000.3814697,6800.00019073486,219330300,45989.0
339,2017,Mali,220000000,206399993.896484,193000,15365713059.1057,19311355.0
556,2018,Mali,255000000,231000000,203000,17070867577.6666,19934298.0
122,2016,Mali,213000000,201600006.103516,173000,14026048334.2131,18700106.0
772,2019,Maldives,431000000,3171000000,1703000,5609385433.592,504508.0
121,2016,Maldives,347000000,2640000000,1286000,4379134272.943,454252.0
338,2017,Maldives,369000000,2771000000,1390000,4754185598.8417,472442.0
989,2020,Maldives,106000000,1409000000,555000,3746329358.28788,514438.0
555,2018,Maldives,414000000,3054000000,1484000,5300949822.99805,489758.0
988,2020,Malaysia,5206000000,3386000000,4333000,337339463179.961,33199993.0
337,2017,Malaysia,12145000000,20311000000,25948000,319109103242.055,31975806.0
120,2016,Malaysia,11339000000,19682000000,26757000,301255332137.075,31526418.0
771,2019,Malaysia,13694000000,22200000000,26101000,365177744321.011,32804020.0
554,2018,Malaysia,13207000000,21775000000,25832000,358788833524.945,32399271.0
553,2018,Malawi,174000000,55000000,871000,9880675785.93057,18367883.0
336,2017,Malawi,120000000,35000000,837000,8943543677.18899,17881167.0
119,2016,Malawi,100000000,30000000,849000,7909868618.46366,17405624.0
986,2020,Madagascar,97000000,202000000,87099.9984741211,13051441203.4474,28225177.0
769,2019,Madagascar,319000000,951000000,486000,14104664677.9627,27533134.0
552,2018,Madagascar,309000000,879000000,360000,13760033282.6071,26846541.0
118,2016,Madagascar,300000000,912000000,333000,11848613859.5279,25501941.0
335,2017,Madagascar,319000000,849000000,285000,13176313593.5509,26169542.0
551,2018,"Macao SAR, China",1941000000,41478000000,35804000,55284309690.2698,650991.0
985,2020,"Macao SAR, China",886000000,9442000000,5897000,25459685019.548,676283.0
768,2019,"Macao SAR, China",2034000000,41166000000,39406000,55204960999.5882,663653.0
117,2016,"Macao SAR, China",1500000000,31155000000,30950000,45070807279.6288,626688.0
334,2017,"Macao SAR, China",1702000000,36595000000,32611000,50440935654.0075,638609.0
550,2018,Luxembourg,2872000000,5642000000,1018000,71000359760.4599,607950.0
116,2016,Luxembourg,2048000000,5606000000,1054000,62216885435.9505,582014.0
984,2020,Luxembourg,2458000000,4454000000,525000,73992591285.3017,630419.0
333,2017,Luxembourg,2607000000,5472000000,1046000,65712180342.9842,596336.0
767,2019,Luxembourg,3288000000,5645000000,1041000,69825641851.0104,620001.0
544,2018,Lebanon,6395000000,8694000000,1964000,54901519155.6219,5950839.0
110,2016,Lebanon,5252000000,7373000000,1688000,51147308773.9304,6258619.0
327,2017,Lebanon,5704000000,8086000000,1857000,53027680685.8375,6109252.0
761,2019,Lebanon,6495000000,8717000000,1936000,51605959131.3654,5781907.0
759,2019,Lao PDR,1029000000,974000000,4791000,18740559554.1632,7212053.0
976,2020,Lao PDR,260000000,227000000,886400.024414063,18981800705.0794,7319399.0
542,2018,Lao PDR,1005000000,833000000,4186000,18141651381.3884,7105006.0
325,2017,Lao PDR,930000000,655000000,3869000,17071162084.4067,6997917.0
108,2016,Lao PDR,912099975.585938,717000000,4239000,15912495368.8717,6891363.0
324,2017,Kyrgyz Republic,422000000,480000000,4568000,7702938395.18458,6198200.0
107,2016,Kyrgyz Republic,582000000,477000000,3853000,6813095396.14317,6079500.0
758,2019,Kyrgyz Republic,519000000,708000000,8508000,8871019822.76098,6456200.0
541,2018,Kyrgyz Republic,451000000,518000000,6947000,8271106196.04253,6322800.0
540,2018,Kuwait,14318000000,919000000,8508000,138202309918.726,4317185.0
106,2016,Kuwait,13232000000,831000000,7055000,109406169162.833,4048085.0
974,2020,Kuwait,6696000000,524000000,2161000,105948765156.029,4360444.0
323,2017,Kuwait,13722000000,643000000,7407000,120687635952.46,4124904.0
757,2019,Kuwait,15839000000,1198000000,8565000,136191752590.897,4441100.0
104,2016,"Korea, Rep.",29817000000,20924000000,17242000,1500111596236.37,51217803.0
972,2020,"Korea, Rep.",16705000000,11776000000,2519000,1644312785467.12,51836239.0
755,2019,"Korea, Rep.",35339000000,25456000000,17503000,1651422932447.77,51764822.0
321,2017,"Korea, Rep.",34453000000,17173000000,13336000,1623901496835.79,51361911.0
538,2018,"Korea, Rep.",38022000000,23104000000,15347000,1724845615629.26,51585058.0
319,2017,Kiribati,24569999.6948242,5170000.07629395,7500,188540699.145686,120362.0
751,2019,Kazakhstan,2955000000,2922000000,8515000,181667185041.48,18513673.0
100,2016,Kazakhstan,2580000000,2038000000,6509000,137278320084.171,17794055.0
534,2018,Kazakhstan,2852000000,2651000000,8789000,179339977517.062,18276452.0
317,2017,Kazakhstan,2695000000,2356000000,7701000,166805788966.78,18037776.0
968,2020,Kazakhstan,861000000,589000000,2035000,171082365723.326,18755666.0
533,2018,Jordan,1493000000,6221000000,4922000,43370860704.2254,10459865.0
967,2020,Jordan,408000000,1745000000,1240000,43579916197.1831,10928721.0
99,2016,Jordan,1367000000,4943000000,4236000,39892551126.7606,9964656.0
750,2019,Jordan,1569000000,6765000000,5361000,44503005774.6479,10698683.0
316,2017,Jordan,1496000000,5549000000,4565000,41608435915.493,10215381.0
98,2016,Japan,25968000000,33456000000,24039000,5003677627544.24,127076000.0
532,2018,Japan,28097000000,45276000000,31191000,5040880939324.86,126811000.0
749,2019,Japan,29146000000,49209000000,31881000,5117993853016.51,126633000.0
315,2017,Japan,25774000000,36978000000,28691000,4930837369151.42,126972000.0
966,2020,Japan,6741000000,11395000000,4115799.8046875,5048789595589.43,126261000.0
964,2020,Italy,12965000000,20459000000,38419000,1897210466667.52,59438851.0
530,2018,Italy,37644000000,51602000000,93228601.5625,2091932426266.94,60421760.0
747,2019,Italy,37908000000,51910000000,95399000,2011302198827.41,59729081.0
96,2016,Italy,30584000000,42423000000,84925000,1877071687633.83,60627498.0
313,2017,Italy,34819000000,46719000000,89931000,1961796197354.37,60536709.0
529,2018,Israel,9975000000,8048000000,4389000,376691526553.276,8882800.0
95,2016,Israel,8210000000,6616000000,3070000,322102790386.835,8546000.0
312,2017,Israel,8985000000,7602000000,3863000,358245427458.541,8713300.0
746,2019,Israel,10389000000,8459000000,4905000,402470513619.148,9054000.0
93,2016,Ireland,6234000000,12649000000,10100000,299091127524.513,4755335.0
310,2017,Ireland,6616000000,14294000000,10338000,336377500160.549,4807388.0
527,2018,Ireland,7541000000,15276000000,10926000,385736680797.111,4867316.0
744,2019,Ireland,8156000000,14808000000,10951000,399321701632.424,4934340.0
91,2016,"Iran, Islamic Rep.",11142000000,4634000000,4942000,457954614595.24,83306231.0
308,2017,"Iran, Islamic Rep.",12568000000,4531000000,4867000,486630147094.69,84505076.0
525,2018,"Iran, Islamic Rep.",9271000000,5252000000,7295000,327900695065.853,85617562.0
307,2017,Indonesia,10945000000,14691000000,14040000,1015618744168.15,264498852.0
90,2016,Indonesia,9932000000,12566000000,11519000,931877364033.902,261850182.0
741,2019,Indonesia,14449000000,18405000000,16107000,1119099871386.16,269582878.0
958,2020,Indonesia,1980000000,3533000000,4053000,1059054842711.72,271857970.0
524,2018,Indonesia,13171000000,17915000000,15810000,1042271532953.36,267066843.0
523,2018,India,25790000000,29143000000,17423000,2702929639861.5,1369003306.0
89,2016,India,19184000000,23111000000,14570000,2294796889945.04,1338636340.0
740,2019,India,28595000000,31661000000,17914000,2835606242052.48,1383112050.0
306,2017,India,21856000000,27878000000,15543000,2651474263257.15,1354195680.0
738,2019,Hungary,3352000000,10225000000,61397000,164020460331.659,9771141.0
521,2018,Hungary,3239000000,9618000000,57667000,160565642983.587,9775564.0
304,2017,Hungary,3049000000,8448000000,54962000,143112196040.326,9787966.0
87,2016,Hungary,2738000000,7481000000,52890000,128609822750.039,9814023.0
955,2020,Hungary,1334000000,4224000000,31641000,157227094449.074,9750149.0
520,2018,"Hong Kong SAR, China",26498000000,42313000000,65148000,361731070995.726,7452600.0
303,2017,"Hong Kong SAR, China",25388000000,38170000000,58472000,341273289534.466,7393200.0
86,2016,"Hong Kong SAR, China",24141000000,37838000000,56655000,320860317562.562,7336600.0
519,2018,Honduras,558000000,601000000,2323000,24067750465.9361,9792850.0
302,2017,Honduras,517000000,610000000,2144000,23136248046.2979,9626842.0
85,2016,Honduras,482000000,585000000,2228000,21717604580.8627,9460798.0
736,2019,Honduras,655000000,556000000,2315000,25089937108.6681,9958829.0
953,2020,Honduras,230000000,189000000,669000,23827859694.7921,10121763.0
301,2017,Haiti,485000000,460000000,1262000,15093357143.42,10863543.0
84,2016,Haiti,503000000,511000000,1153000,14069277532.4999,10713849.0
518,2018,Haiti,599000000,620000000,1333000,16403864521.4121,11012421.0
516,2018,Guinea-Bissau,74599998.4741211,20000000,55000,1504630233.68639,1924955.0
733,2019,Guinea-Bissau,88900001.5258789,18920000.0762939,52400.0015258789,1439638410.99593,1970457.0
81,2016,Guinea,16299999.2370605,16600000.3814697,63000,8595955600.7877,11930985.0
298,2017,Guinea,102400001.525879,16600000.3814697,99000,10324668270.876,12240789.0
731,2019,Guatemala,1128000000,1227199951.17188,2560000,77172313916.4218,16604026.0
948,2020,Guatemala,346000000,298500000,594000,77715183063.2054,16858333.0
514,2018,Guatemala,1105000000,1235099975.58594,2406000,73328369925.8478,16346950.0
80,2016,Guatemala,1032000000,1202699951.17188,1906000,66053402744.7267,15827690.0
297,2017,Guatemala,1066000000,1217599975.58594,2120000,71653756504.1625,16087418.0
295,2017,Grenada,38000000,482000000,468000,1125685185.18519,120921.0
78,2016,Grenada,40000000,437000000,474000,1061640740.74074,119966.0
512,2018,Grenada,42000000,548000000,529000,1166514814.81481,121838.0
510,2018,Greece,3910000000,21594000000,33072000,212049447242.107,10732882.0
944,2020,Greece,1500000000,6193000000,7406000,188925995936.803,10698599.0
727,2019,Greece,4211000000,23003000000,34005000,205257014892.498,10721582.0
76,2016,Greece,3412000000,16811000000,28071000,193148146586.938,10775971.0
293,2017,Greece,3306000000,19139000000,30161000,199844406013.533,10754679.0
724,2019,Germany,101231000000,58372000000,39563000,3888226035921.49,83092962.0
73,2016,Germany,87412000000,52234000000,35555000,3469853463945.63,82348669.0
290,2017,Germany,97163000000,55750000000,37452000,3690849152517.69,82657002.0
507,2018,Germany,103502000000,59446000000,38881000,3974443355019.53,82905782.0
289,2017,Georgia,853000000,2971000000,6483000,16242647229.7398,3728004.0
72,2016,Georgia,706000000,2315000000,5393000,15141598622.5692,3727505.0
723,2019,Georgia,1124000000,3551000000,7726000,17470436258.5131,3720161.0
506,2018,Georgia,960000000,3518000000,7203000,17596922469.9152,3726549.0
940,2020,Georgia,292000000,586000000,1513000,15842922532.7202,3722716.0
288,2017,"Gambia, The",8500000,128000000,522000,1504909447.77459,2381182.0
71,2016,"Gambia, The",7199999.80926514,88000000,450000,1484578897.15783,2317206.0
505,2018,"Gambia, The",10399999.6185303,174000000,552000,1670671340.37966,2444916.0
939,2020,"Gambia, The",5199999.80926514,53000000,246000,1812170878.30632,2573995.0
722,2019,"Gambia, The",10000000,157000000,620000,1813609679.15313,2508883.0
69,2016,French Polynesia,226000000,782000000,241000,5497036486.74487,293541.0
68,2016,France,49029000000,63557000000,203042000,2472964344587.23,66724104.0
502,2018,France,59131000000,72518000000,211998000,2790956878746.61,67158348.0
936,2020,France,31193000000,35958000000,117109000,2639008701648.21,67571107.0
719,2019,France,59751000000,70776000000,217877000,2728870246705.83,67388001.0
285,2017,France,53787000000,67717000000,207274000,2595151045197.67,66918020.0
284,2017,Finland,6740000000,5210000000,3180000,255647979916.473,5508214.0
67,2016,Finland,6199000000,4017000000,2789000,240771351298.84,5495303.0
935,2020,Finland,1940000000,1757000000,896000,271886077382.097,5529543.0
718,2019,Finland,6841000000,5944000000,3290000,268514916972.544,5521606.0
501,2018,Finland,7223000000,5762000000,3224000,275708001767.838,5515525.0
934,2020,Fiji,77000000,236000000,168000,4477030179.83128,920422.0
283,2017,Fiji,138000000,1243000000,1027000,5353468387.56019,919019.0
717,2019,Fiji,174000000,1345000000,969000,5481692621.61125,918465.0
66,2016,Fiji,119000000,1149000000,963000,4930213787.50451,918371.0
500,2018,Fiji,160000000,1370000000,1058000,5581425890.96651,918996.0
932,2020,Ethiopia,322500000,2282000000,518000,107657734392.446,117190911.0
281,2017,Ethiopia,363500000,2505000000,933000,81770886908.5198,108197950.0
715,2019,Ethiopia,661000000,3529000000,812000,95912607970.1686,114120594.0
64,2016,Ethiopia,461000000,2138000000,871000,74296745599.0048,105293228.0
498,2018,Ethiopia,612700012.207031,3548000000,849000,84269196152.0333,111129438.0
931,2020,Eswatini,36400001.5258789,7300000.19073486,345299.987792969,3982236726.3678,1180655.0
497,2018,Eswatini,43000000,16399999.6185303,1277000,4666598023.91856,1160428.0
280,2017,Eswatini,74000000,13199999.8092651,1343000,4402969225.92165,1151390.0
63,2016,Eswatini,33000000,13199999.8092651,1279000,3816019222.86268,1142524.0
714,2019,Eswatini,33000000,14300000.1907349,1226000,4466214522.19539,1169613.0
496,2018,Estonia,1647000000,2326000000,6033000,30624720196.2285,1321977.0
62,2016,Estonia,1299000000,1911000000,5942000,24072829276.775,1315790.0
279,2017,Estonia,1395000000,2124000000,6145000,26924385103.0662,1317384.0
930,2020,Estonia,676000000,865000000,1695000,31370395572.7653,1329522.0
713,2019,Estonia,1808000000,2310000000,6103000,31081901909.2151,1326898.0
276,2017,El Salvador,466000000,1227000000,2247000,24979190000,6266654.0
710,2019,El Salvador,504000000,1664000000,2639000,26881140000,6280217.0
493,2018,El Salvador,490000000,1370000000,2536000,26020850000,6276342.0
59,2016,El Salvador,451000000,1161000000,2052000,24191430000,6250510.0
927,2020,El Salvador,162000000,755000000,707000,24930080000,6292731.0
275,2017,"Egypt, Arab Rep.",2419000000,8636000000,8292000,248362771739.13,101789386.0
492,2018,"Egypt, Arab Rep.",2897000000,12704000000,11346000,262588632526.73,103740765.0
709,2019,"Egypt, Arab Rep.",3718000000,14256000000,13026000,318678815489.749,105618671.0
58,2016,"Egypt, Arab Rep.",4351000000,3306000000,5399000,332441717791.411,99784030.0
57,2016,Ecuador,1454000000,1729000000,1569000,99937696000,16439585.0
708,2019,Ecuador,1650000000,2288000000,2108000,108108009000,17343740.0
491,2018,Ecuador,1523000000,2279000000,2535000,107562008000,17015672.0
274,2017,Ecuador,1463000000,2018000000,1806000,104295862000,16696944.0
56,2016,Dominican Republic,882000000,6720000000,6769000,75704647977.2591,10527592.0
490,2018,Dominican Republic,1006000000,7561000000,7551000,85555390385.9812,10765531.0
273,2017,Dominican Republic,940000000,7184000000,7296000,79998045975.5137,10647244.0
55,2016,Dominica,33000000,198000000,356000,576229629.62963,70075.0
489,2018,Dominica,28000000,111000000,199000,554770370.37037,70823.0
272,2017,Dominica,28000000,161000000,230000,521551851.851852,70403.0
270,2017,Denmark,9804000000,8508000000,30736000,332121063806.391,5764980.0
53,2016,Denmark,9174000000,7494000000,28692000,313115929314.339,5728010.0
487,2018,Denmark,10485000000,9097000000,30801000,356841216410.068,5793636.0
269,2017,Czechia,5533000000,7695000000,34701000,218628940951.675,10594438.0
703,2019,Czechia,6034000000,7967000000,37202000,252548179964.897,10671870.0
52,2016,Czechia,4962000000,7041000000,32519000,196272068576.338,10566332.0
486,2018,Czechia,6074000000,8283000000,36268000,249000540729.179,10629928.0
51,2016,Cyprus,1559318481.44531,2870000000,3286000,21046452117.3765,1197881.0
485,2018,Cyprus,1569000000,3449000000,4024000,25597301190.678,1218831.0
268,2017,Cyprus,1378000000,3274000000,3750000,22946583375.5508,1208523.0
702,2019,Cyprus,1596000000,3245000000,4117000,25945194240.4544,1228836.0
701,2019,Curacao,411000000,706000000,1293000,2995185474.86034,157441.0
50,2016,Curacao,428000000,644000000,944000,3014748603.35196,159664.0
484,2018,Curacao,452000000,604000000,1210000,3020388826.81564,159336.0
267,2017,Curacao,447000000,572000000,1058000,3009497206.70391,160175.0
699,2019,Croatia,1811000000,11974000000,60021000,61329267533.1316,4065253.0
48,2016,Croatia,954000000,9215000000,57587000,52391038979.0338,4174349.0
265,2017,Croatia,1410000000,10534000000,59238000,55937483557.9256,4124531.0
482,2018,Croatia,1741000000,11348000000,57668000,61330483609.8835,4087843.0
916,2020,Croatia,789687194.824219,5631853027.34375,21608000,57624938982.3606,4047680.0
47,2016,Cote d'Ivoire,491000000,477000000,1583000,48407761031.6758,24213622.0
698,2019,Cote d'Ivoire,702000000,550500000,2070000,59898479821.1946,26147551.0
915,2020,Cote d'Ivoire,315000000,199300003.051758,668000,62982768371.5174,26811790.0
481,2018,Cote d'Ivoire,625000000,551000000,1965000,58522477744.7313,25493988.0
264,2017,Cote d'Ivoire,564000000,509000000,1800000,52512344033.9625,24848016.0
46,2016,Costa Rica,1055000000,3776000000,3204000,58847019584.9144,4945205.0
480,2018,Costa Rica,1198000000,4073000000,3313000,62420164964.6987,5040734.0
263,2017,Costa Rica,1322000000,3758000000,3231000,60516044623.4876,4993842.0
697,2019,Costa Rica,1330000000,4282000000,3366000,64417670555.7821,5084532.0
914,2020,Costa Rica,697000000,1479000000,1146500,62395610764.0705,5123105.0
45,2016,"Congo, Rep.",457000000,42900001.5258789,213000,10219341017.1383,5186824.0
44,2016,"Congo, Dem. Rep.",60000000,4300000,351000,37134801548.836,81430977.0
694,2019,Comoros,53000000,72699996.9482422,45099.9984741211,1195019531.03671,790986.0
911,2020,Comoros,43000000,18500000,7000,1225039195.93744,806166.0
43,2016,Comoros,38000000,50500000,26799.9992370605,1012835492.51585,746232.0
477,2018,Comoros,48000000,73699996.9482422,35900.0015258789,1188797449.96036,776313.0
260,2017,Comoros,42000000,60599998.4741211,28000,1077439756.12224,761664.0
910,2020,Colombia,1576000000,1959000000,1396000,270150956772.567,50930662.0
42,2016,Colombia,4891000000,5631000000,3675000,282720100286.228,47625955.0
259,2017,Colombia,5136000000,5899000000,4056000,311866875135.576,48351671.0
693,2019,Colombia,5658000000,6784000000,4531000,323031701210.767,50187406.0
476,2018,Colombia,5531000000,6655000000,4397000,334198218100.716,49276961.0
257,2017,Chile,3093000000,4115000000,7621000,276364936832.331,18368577.0
40,2016,Chile,2733000000,3744000000,6712000,249298706449.182,18083879.0
691,2019,Chile,3142000000,3279000000,5431000,278493308134.096,19039485.0
474,2018,Chile,3124000000,3911000000,6603000,295402646018.151,18701450.0
253,2017,Cayman Islands,271000000,832000000,2147000,5166281293.18715,63581.0
470,2018,Cayman Islands,284000000,911000000,2384000,5530178498.90783,64884.0
36,2016,Cayman Islands,194000000,708000000,2097000,4909322200.00212,62255.0
687,2019,Cayman Islands,299000000,964000000,2334000,5941896599.57333,66134.0
685,2019,Cameroon,984000000,681000000,1021000,39670976440.3158,25782341.0
251,2017,Cameroon,845000000,544000000,1081000,36098547058.7877,24393181.0
34,2016,Cameroon,818000000,508000000,994000,33814337040.7804,23711630.0
468,2018,Cameroon,915000000,633000000,997000,39973842058.565,25076747.0
250,2017,Cambodia,919000000,4024000000,5602000,22177200588.6749,15830689.0
467,2018,Cambodia,1080000000,4832000000,6201000,24571753581.7841,16025238.0
33,2016,Cambodia,762000000,3523000000,5012000,20016747858.3122,15624584.0
901,2020,Cambodia,213000000,1119000000,1306000,25872797892.0285,16396860.0
684,2019,Cambodia,1162000000,5312000000,6611000,27089390032.8915,16207746.0
466,2018,Cabo Verde,112000000,520000000,710000,2205099509.15921,571202.0
249,2017,Cabo Verde,100000000,451000000,668000,1996741544.61549,564954.0
683,2019,Cabo Verde,107000000,567000000,758000,2266752197.42617,577030.0
32,2016,Cabo Verde,79000000,397000000,598000,1849789992.74328,558394.0
900,2020,Cabo Verde,59000000,169000000,180000,1878277311.2253,582640.0
464,2018,Burkina Faso,191000000,179000000,144000,15890066209.8959,20392723.0
247,2017,Burkina Faso,182000000,172000000,143000,14106955625.3571,19835858.0
681,2019,Burkina Faso,185199996.948242,173000000,143000,16178161666.1334,20951639.0
30,2016,Burkina Faso,176000000,172000000,152000,12833363043.9719,19275498.0
680,2019,Bulgaria,2196000000,4832000000,12552000,68911930627.8977,6975761.0
897,2020,Bulgaria,1263000000,1792000000,4973000,70404359049.232,6934015.0
29,2016,Bulgaria,1636000000,4148000000,10604000,53987487124.3421,7127822.0
246,2017,Bulgaria,2047000000,4663000000,11596000,59343060705.828,7075947.0
463,2018,Bulgaria,2247000000,5061000000,12368000,66399602077.1693,7025037.0
462,2018,Brunei Darussalam,585000000,190000000,4521000,13567164444.9707,434274.0
245,2017,Brunei Darussalam,504000000,177000000,4316000,12128182463.596,430276.0
28,2016,Brunei Darussalam,499000000,144000000,4257000,11400467372.4943,425994.0
677,2019,Brazil,21178000000,6127000000,6353000,1873288159000.64,211782878.0
26,2016,Brazil,17068000000,6613000000,6547000,1795693265824.27,206859578.0
460,2018,Brazil,22229000000,6324000000,6621000,1916933708404.16,210166592.0
243,2017,Brazil,22991000000,6175000000,6589000,2063514688761.67,208504960.0
242,2017,Botswana,253300003.051758,542010009.765625,1775000,16105156375.5848,2401840.0
459,2018,Botswana,278299987.792969,584200012.207031,1830000,17031943186.1353,2451409.0
25,2016,Botswana,237100006.103516,505000000,1712000,15082636722.856,2352416.0
892,2020,Bosnia and Herzegovina,163000000,438000000,197000,20226030731.0131,3318407.0
675,2019,Bosnia and Herzegovina,393000000,1225000000,1198000,20482603346.4473,3360711.0
458,2018,Bosnia and Herzegovina,378000000,1147000000,1053000,20484048415.5019,3400129.0
24,2016,Bosnia and Herzegovina,290000000,875000000,778000,17116926092.3905,3480986.0
241,2017,Bosnia and Herzegovina,346000000,984000000,923000,18326376394.0796,3440027.0
457,2018,Bolivia,1009000000,948000000,1142000,40287647930.5355,11606905.0
23,2016,Bolivia,960000000,827000000,961000,33941126193.9219,11263015.0
891,2020,Bolivia,325000000,243000000,323299.987792969,36629843806.0781,11936162.0
240,2017,Bolivia,997000000,928000000,1109000,37508642170.767,11435533.0
674,2019,Bolivia,1111000000,977000000,1239000,40895322850.9407,11777315.0
22,2016,Bhutan,52000000,139000000,210000,2158971717.50418,749761.0
890,2020,Bhutan,50000000,84000000,29799.9992370605,2325185520.59339,772506.0
456,2018,Bhutan,79000000,121000000,274000,2446867582.27133,762096.0
239,2017,Bhutan,63000000,153000000,255000,2450366107.88229,756121.0
673,2019,Bhutan,67000000,120000000,316000,2535655609.45889,767459.0
889,2020,Bermuda,212000000,94000000,51400.0015258789,6887147000,63893.0
238,2017,Bermuda,369000000,513000000,688000,7142316000,63873.0
672,2019,Bermuda,342000000,601000000,805000,7423465000,63911.0
21,2016,Bermuda,373000000,440000000,642000,6899911000,64554.0
455,2018,Bermuda,334000000,583000000,766000,7225977000,63918.0
237,2017,Benin,148000000,160000000,307000,12701655845.9622,11596779.0
20,2016,Benin,87000000,129000000,292000,11821065852.127,11260085.0
454,2018,Benin,76000000,175000000,322000,14262408079.7005,11940683.0
671,2019,Benin,130000000,240860000.610352,337000,14391686309.0337,12290444.0
886,2020,Belgium,13928000000,7447000000,2584000,525213067068.319,11538604.0
452,2018,Belgium,20789000000,10319000000,9119000,543299066998.892,11427054.0
235,2017,Belgium,17835000000,9636000000,8385000,502764720556.358,11375158.0
669,2019,Belgium,20998000000,10581000000,9343000,535865692402.342,11488980.0
18,2016,Belgium,16522000000,8784000000,7481000,476062757356.94,11331422.0
451,2018,Belarus,1170000000,1221000000,11502000,60031163987.191,9438785.0
234,2017,Belarus,1082000000,1124500000,11060000,54725311690.0478,9458989.0
885,2020,Belarus,477000000,542000000,3598000,61371755326.2351,9379952.0
17,2016,Belarus,891000000,1019000000,10935000,47723549319.0842,9469379.0
668,2019,Belarus,1224500000,1290000000,11832000,64410112583.362,9419758.0
16,2016,Barbados,99000000,1071000000,1227000,4832811750,278649.0
232,2017,Bangladesh,1127000000,348000000,237000,293754769935.148,161793964.0
15,2016,Bangladesh,843000000,214300003.051758,182000,265236389198.948,159784568.0
666,2019,Bangladesh,1389000000,391000000,323000,351238397263.802,165516222.0
449,2018,Bangladesh,1207000000,357000000,267000,321379163135.647,163683958.0
231,2017,Bahrain,3178000000,4380000000,11374000,35473776595.7447,1456834.0
14,2016,Bahrain,3267000000,4021000000,10158000,32234973404.2553,1409661.0
665,2019,Bahrain,2637000000,3860000000,11061000,38653318085.1064,1494188.0
448,2018,Bahrain,2522000000,3834000000,12045000,37802005319.1489,1487340.0
664,2019,"Bahamas, The",514000000,4150000000,7250000,13058700000,404557.0
13,2016,"Bahamas, The",440000000,3091000000,6265000,11750800000,395976.0
230,2017,"Bahamas, The",554000000,2951000000,6136000,12253500000,399020.0
881,2020,"Bahamas, The",166000000,1007000000,1794500,9754600000,406471.0
447,2018,"Bahamas, The",519000000,3756000000,6622000,12653600000,401906.0
446,2018,Azerbaijan,2453000000,2830000000,2850000,47112479289.4186,9939771.0
12,2016,Azerbaijan,2593000000,2855000000,2249000,37867007022.7844,9757812.0
229,2017,Azerbaijan,2803000000,3214000000,2697000,40866632047.8414,9854033.0
663,2019,Azerbaijan,1839000000,2004099975.58594,3170000,48174235294.1176,10024283.0
880,2020,Azerbaijan,439000000,340000000,796000,42693000000,10093121.0
11,2016,Austria,11634000000,20965000000,28121000,395837353031.51,8736668.0
445,2018,Austria,14109000000,25413000000,30816000,454991174096.094,8840521.0
228,2017,Austria,12878000000,22424000000,29460000,417261151844.981,8797566.0
879,2020,Austria,5551000000,15362000000,15091000,435225238000.43,8916864.0
662,2019,Austria,13922000000,25924000000,31884000,444621176100.54,8879920.0
661,2019,Australia,41345000000,47953000000,9466000,1392218527563.26,25340217.0
227,2017,Australia,39710000000,43975000000,8815000,1326467487376.42,24594202.0
878,2020,Australia,7654000000,26234000000,1828000,1326944627876.87,25655289.0
444,2018,Australia,42439000000,47327000000,9246000,1428266513154.48,24966643.0
10,2016,Australia,35718000000,39059000000,8269000,1206562910556.58,24190907.0
660,2019,Aruba,399000000,2109000000,1951000,3395793854.7486,106442.0
443,2018,Aruba,394000000,2035000000,1897000,3276187709.49721,105962.0
9,2016,Aruba,319000000,1757000000,1758000,2983798882.68156,104874.0
226,2017,Aruba,349000000,1855000000,1863000,3092178770.94972,105439.0
659,2019,Armenia,1543000000,1553000000,1894000,13619290545.8131,2820602.0
442,2018,Armenia,1335000000,1358000000,1652000,12457940705.3088,2836557.0
225,2017,Armenia,1218000000,1224000000,1495000,11527458712.6187,2851923.0
8,2016,Armenia,1033000000,1037000000,1260000,10546136240.3952,2865835.0
876,2020,Armenia,330000000,303000000,375000,12641698593.7908,2805608.0
441,2018,Argentina,13084000000,5999000000,6942000,524819898586.906,44494502.0
7,2016,Argentina,12273000000,5466000000,6668000,557532317363.451,43590368.0
658,2019,Argentina,9845000000,5654000000,7399000,447754686715.081,44938712.0
224,2017,Argentina,14180000000,5830000000,6711000,643628396190.388,44044811.0
6,2016,Antigua and Barbuda,101000000,844000000,874000,1436585185.18519,90564.0
440,2018,Antigua and Barbuda,111000000,854000000,1064000,1604770370.37037,91626.0
657,2019,Antigua and Barbuda,119000000,992000000,1035000,1675403703.7037,92117.0
223,2017,Antigua and Barbuda,106000000,820000000,1040000,1467955555.55556,91119.0
874,2020,Antigua and Barbuda,35000000,416000000,384500,1416348148.14815,92664.0
222,2017,Angola,1216000000,884000000,261000,68972769395.6274,30208628.0
5,2016,Angola,823000000,628000000,397000,49840491178.1518,29154746.0
656,2019,Angola,717000000,395000000,218000,69309110145.7687,32353588.0
439,2018,Angola,762000000,557000000,218000,77792944471.9494,31273533.0
655,2019,Andorra,187000000,1910000000,8235000,3155149347.92151,76343.0
219,2017,Algeria,632000000,171000000,2451000,170096989042.831,41136546.0
2,2016,Algeria,556000000,246000000,2039000,160034212613.438,40339329.0
653,2019,Algeria,670000000,140000000,2371000,171760290068.157,42705368.0
870,2020,Algeria,272000000,50000000,591000,145743722826.258,43451666.0
436,2018,Algeria,542000000,196500000,2657000,174910891124.491,41927007.0
1,2016,Albania,1338000000,1821000000,4736000,11861199830.8396,2876101.0
869,2020,Albania,805000000,1243000000,2658000,15162734205.2462,2837849.0
218,2017,Albania,1473000000,2050000000,5118000,13019726211.7369,2873457.0
652,2019,Albania,1852000000,2458000000,6406000,15401826080.5183,2854191.0
435,2018,Albania,1750000000,2306000000,5927000,15156424061.9815,2866376.0
