,Country Name,Time,International Tourism Expenditures USD,International Tourism Arrivals,International Tourism Receipts USD,GDP in USD
1083,Zimbabwe,2019.0,257000000,2294000,285000000,21832234925.5021
1084,Zimbabwe,2020.0,157000000,639000,66000000,21509698406.1116
1081,Zimbabwe,2017.0,337000000,2423000,158000000,17584890936.6523
1082,Zimbabwe,2018.0,269000000,2580000,191000000,34156069918.0609
1080,Zimbabwe,2016.0,406000000,2168000,194000000,20548678100
1070,"Yemen, Rep.",2016.0,56000000,..,116000000,31317824906.4358
1325,World,2016.0,1193724367473.88,2140443306.01389,1541142563377.13,76486454870400.4
1326,World,2017.0,1314055927207.01,2248870723.88107,1681211087096.03,81442048665487.8
1328,World,2019.0,1439120572186.1,2403074088.46029,1863068555520.54,87728102156402.9
1327,World,2018.0,1412736992372.23,2339399881.49679,1829956003842.39,86502223934428.3
1065,West Bank and Gaza,2016.0,620000000,400000,235000000,15405400000
1067,West Bank and Gaza,2018.0,826000000,606000,245000000,16276600000
1066,West Bank and Gaza,2017.0,813000000,503000,225000000,16128000000
1063,Virgin Islands (U.S.),2019.0,..,2074000,1031000000,4117000000
1062,Virgin Islands (U.S.),2018.0,..,1922000,993000000,3922000000
1061,Virgin Islands (U.S.),2017.0,..,1954000,1202000000,3794000000
1060,Virgin Islands (U.S.),2016.0,..,2574000,1343000000,3798000000
1064,Virgin Islands (U.S.),2020.0,..,8612000,686000000,4204000000
1059,Vietnam,2020.0,4360000000,3837000,3232000000,346615750166.553
1058,Vietnam,2019.0,6460000000,18009000,11830000000,334365257920.289
1057,Vietnam,2018.0,5910000000,15498000,10080000000,310106472642.968
1056,Vietnam,2017.0,5040000000,12922000,8890000000,281353626107.245
1055,Vietnam,2016.0,4500000000,10013000,8500000000,257096001174.075
1050,"Venezuela, RB",2016.0,2920000000,681000,546000000,..
1045,Vanuatu,2016.0,28000000,351600.006103516,275000000,780889605.899977
1046,Vanuatu,2017.0,19000000,332700.012207031,289000000,880061830.96959
1047,Vanuatu,2018.0,21000000,350200.012207031,325000000,914736985.430944
1048,Vanuatu,2019.0,32000000,256000,295000000,936526267.622513
1049,Vanuatu,2020.0,22000000,82400.0015258789,67000000,909421043.508407
1040,Uzbekistan,2016.0,1832000000,2027000,579000000,86138288633.2241
1044,Uzbekistan,2020.0,1062000000,..,395000000,60224701295.7983
1043,Uzbekistan,2019.0,2753000000,6749000,1679000000,60283503705.3907
1042,Uzbekistan,2018.0,2722000000,5346000,1314000000,52870108217.5626
1041,Uzbekistan,2017.0,2107000000,2690000,835000000,62081322741.1228
1039,Uruguay,2020.0,412000000,..,1085000000,53666908479.5585
1038,Uruguay,2019.0,1424000000,3480000,2335000000,62048585618.505
1037,Uruguay,2018.0,1252000000,3954000,2708000000,65203071110.6037
1036,Uruguay,2017.0,1222000000,4219000,2924000000,65006047680.3225
1035,Uruguay,2016.0,1079000000,3632000,2396000000,57480788380.312
1034,United States,2020.0,48837000000,45037000,84205000000,21060473613000
1031,United States,2017.0,158287000000,174291750,233758000000,19477336549000
1033,United States,2019.0,186079000000,165478000,239447000000,21380976119000
1032,United States,2018.0,176818000000,169324921.875,241984000000,20533057312000
1030,United States,2016.0,147640000000,175261484.375,228549000000,18695110842000
1024,United Arab Emirates,2020.0,15085000000,8084000,24615400390.625,349473015330.157
1023,United Arab Emirates,2019.0,18382000000,25282000,38413300781.25,417989721742.682
1022,United Arab Emirates,2018.0,18004099609.375,23092000,34609500000,427049432157.931
1021,United Arab Emirates,2017.0,17644699218.75,21805000,29705500000,390516804029.952
1020,United Arab Emirates,2016.0,17127259765.625,20894000,28657400390.625,369255326235.534
1016,Ukraine,2017.0,7536000000,14579000,2019000000,112090503817.399
1015,Ukraine,2016.0,6306000000,13734000,1723000000,93355868977.6619
1017,Ukraine,2018.0,8287000000,14342000,2269000000,130891086689.522
1018,Ukraine,2019.0,8907000000,13710000,2595000000,153883045524.931
1019,Ukraine,2020.0,4823000000,3382000,687000000,156617719786.254
1014,Uganda,2020.0,268000000,473000,518000000,37605430214.347
1013,Uganda,2019.0,596000000,1543000,1400000000,35348155092.292
1012,Uganda,2018.0,497000000,1506000,1522000000,32927025621.3848
1011,Uganda,2017.0,365000000,1402000,954000000,30744473839.7439
1010,Uganda,2016.0,309000000,1323000,1118000000,29203988697.459
991,Turkiye,2017.0,5865000000,37970000,31993000000,858988578709.755
990,Turkiye,2016.0,5698000000,30907000,26505000000,869682954136.208
994,Turkiye,2020.0,1639000000,15971000,13771000000,720288811761.915
992,Turkiye,2018.0,6068000000,46113000,36791000000,778476714087.962
993,Turkiye,2019.0,5354000000,51747000,41415000000,759934804372.319
989,Tunisia,2020.0,407000000,2012000,1007000000,42538462678.1201
988,Tunisia,2019.0,889000000,9429000,2683000000,41905637658.6053
987,Tunisia,2018.0,954000000,8299000,2320000000,42686509835.5287
986,Tunisia,2017.0,871000000,7052000,1782000000,42163530590.9462
985,Tunisia,2016.0,823000000,5724000,1706000000,44360065796.6202
980,Trinidad and Tobago,2016.0,230000000,492000,708000000,23496215880.5212
981,Trinidad and Tobago,2017.0,147000000,465000,717000000,23797686961.8447
983,Trinidad and Tobago,2019.0,133000000,480000,481000000,23849557811.3959
982,Trinidad and Tobago,2018.0,149000000,501000,541000000,24322359037.409
984,Trinidad and Tobago,2020.0,42000000,141000,151000000,21059428846.0153
979,Tonga,2020.0,38000000,..,47700000.7629395,484796858.839009
978,Tonga,2019.0,44000000,94000,57099998.4741211,512053639.842631
976,Tonga,2017.0,37700000.7629395,86599.9984741211,48500000,460374252.206137
975,Tonga,2016.0,23799999.2370605,86699.9969482422,52700000.7629395,420548768.072805
977,Tonga,2018.0,41200000.7629395,77300.0030517578,48099998.4741211,488906860.874058
970,Togo,2016.0,55000000,338000,223000000,6031632014.86013
971,Togo,2017.0,57000000,514000,245000000,6395472028.24361
972,Togo,2018.0,65000000,573000,269000000,7029217931.75029
973,Togo,2019.0,61000000,876000,264000000,6992656428.93581
966,Timor-Leste,2017.0,137000000,73900.0015258789,73000000,1595724300
967,Timor-Leste,2018.0,131000000,74599.9984741211,78000000,1563887900
965,Timor-Leste,2016.0,118000000,65599.9984741211,58000000,1650619400
964,Thailand,2020.0,3681000000,..,15360000000,500457261548.076
960,Thailand,2016.0,11267000000,32530000,48459000000,413366345843.744
963,Thailand,2019.0,14969000000,39916000,64371000000,543976695638.812
961,Thailand,2017.0,12676000000,35592000,57057000000,456356812774.563
962,Thailand,2018.0,14406000000,38178000,61383000000,506754212432.991
958,Tanzania,2019.0,738200012.207031,1527000,2624500000,61026765850.3054
957,Tanzania,2018.0,818000000,1506000,2465000000,57003686049.4102
956,Tanzania,2017.0,873000000,1327000,2265000000,53275968094.8533
955,Tanzania,2016.0,992000000,1284000,2149000000,49774004999.2038
950,Tajikistan,2016.0,24600000.3814697,344000,149600006.103516,6992416096.89018
951,Tajikistan,2017.0,15100000.3814697,431000,171600006.103516,7536403146.68377
952,Tajikistan,2018.0,24200000.7629395,1035000,170899993.896484,7765000282.29397
953,Tajikistan,2019.0,28399999.6185303,..,179100006.103516,8300813889.63698
954,Tajikistan,2020.0,10800000.1907349,..,102400001.525879,8133963813.3329
941,Switzerland,2017.0,21501000000,11133000,20399000000,695200833086.499
940,Switzerland,2016.0,19941000000,10402000,19787000000,687895460902.713
943,Switzerland,2019.0,21097000000,11818000,21257000000,721369112726.724
942,Switzerland,2018.0,21441000000,11715000,21294000000,725562534363.895
944,Switzerland,2020.0,10372000000,..,9994000000,739913619797.445
934,Suriname,2020.0,64000000,..,19000000,2911807496.20227
933,Suriname,2019.0,94000000,..,64000000,4016040575.08796
932,Suriname,2018.0,104000000,..,73000000,3996198760.32389
931,Suriname,2017.0,99000000,279000,61000000,3591679371.03991
930,Suriname,2016.0,112000000,257000,74000000,3317421499.77314
926,Sudan,2017.0,29000000,813000,1029000000,129718581297.431
925,Sudan,2016.0,203000000,800000,1009000000,102943515502.994
927,Sudan,2018.0,13000000,836000,1043000000,32333780383.2924
1310,Sub-Saharan Africa (excluding high income),2016.0,22749442505.7485,50877194.3830237,28500418419.092,1575080887302.15
1311,Sub-Saharan Africa (excluding high income),2017.0,28230462732.7343,52496629.8574719,32478410641.1158,1704412183051.23
1312,Sub-Saharan Africa (excluding high income),2018.0,34389991449.2673,56247033.3736039,34873646197.8402,1772634125817.16
1313,Sub-Saharan Africa (excluding high income),2019.0,37965612630.2,55555231.2954125,34263192235.3189,1821727380112.95
1315,Sub-Saharan Africa (IDA & IBRD countries),2016.0,22844780213.6159,51223036.3828596,29035443371.1273,1576539841411.97
1316,Sub-Saharan Africa (IDA & IBRD countries),2017.0,28337369623.2333,52899581.2058794,33098286015.6402,1705941956337.72
1317,Sub-Saharan Africa (IDA & IBRD countries),2018.0,34491411433.4395,56673405.0653589,35520914706.5393,1774221939062.45
1318,Sub-Saharan Africa (IDA & IBRD countries),2019.0,38074663904.3073,56014499.1539477,34919262972.8354,1823372470680
1305,Sub-Saharan Africa,2016.0,22844780213.6159,51223036.3828596,29035443371.1273,1576539841411.97
1308,Sub-Saharan Africa,2019.0,38074663904.3073,56014499.1539477,34919262972.8354,1823372470680
1307,Sub-Saharan Africa,2018.0,34491411433.4395,56673405.0653589,35520914706.5393,1774221939062.45
1306,Sub-Saharan Africa,2017.0,28337369623.2333,52899581.2058794,33098286015.6402,1705941956337.72
924,St. Vincent and the Grenadines,2020.0,13000000,..,85000000,869111852.751778
920,St. Vincent and the Grenadines,2016.0,41000000,227000,221300003.051758,814302267.073348
921,St. Vincent and the Grenadines,2017.0,38000000,303000,215399993.896484,844039068.757533
922,St. Vincent and the Grenadines,2018.0,40000000,356000,231000000,884328180.526933
923,St. Vincent and the Grenadines,2019.0,40000000,392000,255000000,910765709.768752
912,St. Lucia,2018.0,85000000,1165000,989000000,2057074074.07407
911,St. Lucia,2017.0,84000000,1064000,875000000,1996703703.7037
910,St. Lucia,2016.0,78000000,948000,776000000,1865444444.44444
907,St. Kitts and Nevis,2018.0,56000000,1278000,367000000,1076922222.22222
905,St. Kitts and Nevis,2016.0,51000000,1055000,332000000,1008100000
906,St. Kitts and Nevis,2017.0,56000000,1194000,355000000,1058944444.44444
904,Sri Lanka,2020.0,803000000,540000,1076000000,84440535698.8207
903,Sri Lanka,2019.0,2436000000,2027000,4663000000,89014978319.0703
902,Sri Lanka,2018.0,2487000000,2521000,5608000000,94493871351.4217
901,Sri Lanka,2017.0,2409000000,2248000,5083000000,94376237831.5778
900,Sri Lanka,2016.0,2295000000,2168000,4591000000,88012281909.7522
890,South Sudan,2016.0,323000000,..,23500000,..
892,South Sudan,2018.0,513000000,..,12000000,..
891,South Sudan,2017.0,293000000,..,26000000,..
1296,South Asia,2017.0,30156000000,23793410.4549282,37826000000,3433883301221.75
1297,South Asia,2018.0,34077000000,26712613.6296487,39918000000,3534209044993.87
1295,South Asia,2016.0,26375000000,22126613.5453606,32045300003.0518,3010757329892.83
1298,South Asia,2019.0,36797000000,27102764.1528023,41884000000,3658004814522.01
885,South Africa,2016.0,5354000000,15121000,8807000000,323585509674.481
886,South Africa,2017.0,6068000000,14975000,9706000000,381448814653.456
887,South Africa,2018.0,6348000000,15004000,9789000000,404158882459.024
888,South Africa,2019.0,5866000000,14797000,9064000000,388531226582.351
889,South Africa,2020.0,1594000000,3886600.09765625,2716000000,337619569570.511
879,Solomon Islands,2020.0,30909999.8474121,4400.00009536743,7000000,1536145831.0639
878,Solomon Islands,2019.0,62500000,28899.9996185303,82000000,1619154958.40233
877,Solomon Islands,2018.0,53000000,27899.9996185303,92000000,1615478421.45974
876,Solomon Islands,2017.0,72699996.9482422,25700.0007629395,79000000,1469789050.30851
875,Solomon Islands,2016.0,74900001.5258789,23200.0007629395,71000000,1379490315.02286
1290,Small states,2016.0,28133098541.8842,71729395.1557745,44254737521.3257,446993497560.633
1291,Small states,2017.0,27312534537.9208,75794208.0555262,50207227370.4229,482865468720.16
1292,Small states,2018.0,26566855896.899,78864839.6236104,51565534601.5637,530086499061.063
1293,Small states,2019.0,27947788358.1123,79086475.9232005,52579729788.3253,522141646080.053
872,Slovenia,2018.0,1864300048.82813,4425000,3377500000,54177882425.8421
870,Slovenia,2016.0,1483800048.82813,3397000,2717899902.34375,44766722790.5838
871,Slovenia,2017.0,1641099975.58594,3991000,3055100097.65625,48589100043.0958
873,Slovenia,2019.0,1771699951.17188,4702000,3353100097.65625,54331588482.3048
874,Slovenia,2020.0,855799987.792969,1216000,1418000000,53706800043.6833
869,Slovak Republic,2020.0,1291000000,..,1303000000,106728917483.033
868,Slovak Republic,2019.0,2811000000,..,3350000000,105710052464.625
867,Slovak Republic,2018.0,2823000000,15299000,3318000000,106137924015.591
866,Slovak Republic,2017.0,2599000000,15406000,3024000000,95649966260.981
865,Slovak Republic,2016.0,2420000000,17376000,2812000000,89952699524.8965
864,Sint Maarten (Dutch part),2020.0,21000000,..,243000000,1240279329.60894
863,Sint Maarten (Dutch part),2019.0,77000000,1952000,708000000,1459776536.31285
862,Sint Maarten (Dutch part),2018.0,77000000,1775000,468000000,1185474860.3352
861,Sint Maarten (Dutch part),2017.0,100000000,1640000,646000000,1191620111.73184
860,Sint Maarten (Dutch part),2016.0,114000000,2197000,871000000,1263687150.83799
855,Singapore,2016.0,23957000000,16403000,18944000000,319029973659.293
856,Singapore,2017.0,24588000000,17425000,19891000000,343272878686.388
857,Singapore,2018.0,25346000000,18508000,20416000000,376869585632.115
850,Sierra Leone,2016.0,36500000,60000,41000000,3862721204.61052
852,Sierra Leone,2018.0,61000000,66000,39000000,4085114542.06831
851,Sierra Leone,2017.0,62000000,59000,39000000,3719443317.52413
849,Seychelles,2020.0,39000000,124500,228000000,1183515397.64891
848,Seychelles,2019.0,109000000,428000,618000000,1645090567.04612
847,Seychelles,2018.0,101000000,405000,611000000,1587813245.28225
846,Seychelles,2017.0,104000000,382000,585000000,1529773286.49646
845,Seychelles,2016.0,92000000,333000,505000000,1458954109.81959
844,Serbia,2020.0,1179000000,446000,1422000000,53356484763.839
843,Serbia,2019.0,2000000000,1847000,2000000000,51514242775.5241
842,Serbia,2018.0,1837000000,1711000,1941000000,50640662859.4987
841,Serbia,2017.0,1549000000,1497000,1706000000,44179075778.9267
840,Serbia,2016.0,1351000000,1281000,1461000000,40692661657.284
837,Senegal,2018.0,324000000,..,557000000,23116701539.5646
836,Senegal,2017.0,295000000,1376000,470000000,20996562958.501
835,Senegal,2016.0,277000000,1219000,439000000,19040312331.1615
831,Saudi Arabia,2017.0,19065000000,18607000,15020000000,714994694991.651
830,Saudi Arabia,2016.0,17671000000,20887000,13438000000,665999879694.192
833,Saudi Arabia,2019.0,16415000000,20292000,19849000000,838564705624.643
832,Saudi Arabia,2018.0,17939000000,17570000,16974000000,846583785179.856
834,Saudi Arabia,2020.0,9069000000,..,5960000000,734271183954.88
827,Sao Tome and Principe,2018.0,..,33400.0015258789,71900000,412253809.728799
826,Sao Tome and Principe,2017.0,..,28899.9996185303,65900000,375614126.193877
825,Sao Tome and Principe,2016.0,..,28899.9996185303,69100000,345495614.979982
817,Samoa,2018.0,4099999.90463257,172000,192300003.051758,878448439.453724
815,Samoa,2016.0,2099999.90463257,146000,148699996.948242,843924750.673535
816,Samoa,2017.0,3900000.09536743,158000,167000000,884844419.778891
818,Samoa,2019.0,5199999.80926514,181000,206100006.103516,912950619.371868
819,Samoa,2020.0,1799999.95231628,23899.9996185303,23059999.4659424,868898350.356664
814,Rwanda,2020.0,127000000,..,212000000,10172925171.5869
813,Rwanda,2019.0,382799987.792969,1634000,635900024.414063,10346675636.3397
812,Rwanda,2018.0,390000000,1711000,547000000,9636510839.30707
811,Rwanda,2017.0,419000000,1570000,496500000,9252833678.08916
810,Rwanda,2016.0,364000000,1377000,443000000,8695318854.11055
809,Russian Federation,2020.0,10800000000,6359000,4961000000,1493075887459.81
808,Russian Federation,2019.0,40611000000,24419000,17235000000,1693114993990.49
807,Russian Federation,2018.0,38791000000,24551000,18735000000,1657328764645.93
806,Russian Federation,2017.0,35584000000,24390000,14938000000,1574199355092.71
805,Russian Federation,2016.0,27654000000,24571000,12822000000,1276786344534.27
804,Romania,2020.0,3472000000,5023000,1611000000,251362534092.315
803,Romania,2019.0,7172000000,12815000,4240000000,251017797625.017
802,Romania,2018.0,6109000000,11720000,3879000000,243316050520.725
800,Romania,2016.0,2910000000,10223000,2474000000,185287615324.922
801,Romania,2017.0,4955000000,10926000,3553000000,210147181055.277
796,Qatar,2017.0,12284000000,2256000,15757000000,161099122225.275
799,Qatar,2020.0,11504000000,582000,14318000000,144411363345.27
795,Qatar,2016.0,13152000000,2938000,12593000000,151732181868.132
798,Qatar,2019.0,12528000000,2136500,15647000000,176371267689.082
797,Qatar,2018.0,11754000000,1819000,15239000000,183334953818.681
794,Puerto Rico,2020.0,..,3882000,2921000000,103130900000
793,Puerto Rico,2019.0,..,4931000,3612000000,105126400000
792,Puerto Rico,2018.0,893000000,4260000,3303000000,100958100000
791,Puerto Rico,2017.0,1072000000,4927000,3868000000,103445500000
790,Puerto Rico,2016.0,1059000000,5003000,3974000000,104336700000
1285,Pre-demographic dividend,2016.0,21759323962.9429,24362726.9411335,16057706734.3352,1217513931539.13
1286,Pre-demographic dividend,2017.0,27052614478.0731,..,18096161335.8605,1294933204784.59
1287,Pre-demographic dividend,2018.0,32880665576.2253,..,17270492333.849,1348307586808.15
1288,Pre-demographic dividend,2019.0,40772702771.6661,..,19266611570.16,1421160801515.26
1280,Post-demographic dividend,2016.0,747279720744.592,1175947745.43724,880103292404.246,45593085156267.7
1283,Post-demographic dividend,2019.0,887822263226.139,1275198369.71218,1000792534069.71,50880064647603.9
1282,Post-demographic dividend,2018.0,879273030462.31,1257774889.54502,1011618616788.33,50385041767149.9
1281,Post-demographic dividend,2017.0,815002079616.398,1223167398.08182,934170637887.963,47535727573455.9
785,Portugal,2016.0,4707000000,13359000,17347000000,206426152308.937
786,Portugal,2017.0,5509000000,15432000,21586000000,221357874718.932
787,Portugal,2018.0,6427000000,16186000,24366000000,242313116577.963
788,Portugal,2019.0,6823000000,17283000,24592000000,239986922638.897
789,Portugal,2020.0,3536000000,4208000,10522000000,229031860520.773
784,Poland,2020.0,5547000000,..,8379000000,599442783603.187
782,Poland,2018.0,10367000000,85946000,15569000000,588779850763.487
781,Poland,2017.0,9420000000,83804000,13925000000,524641206562.004
783,Poland,2019.0,10161000000,88515000,15712000000,596058473058.766
780,Poland,2016.0,8509000000,80476000,11922000000,470024559638.496
779,Philippines,2020.0,4872000000,1483000,2769000000,361751145432.404
778,Philippines,2019.0,12926000000,8261000,11455000000,376823404772.837
777,Philippines,2018.0,12474000000,7168000,9715000000,346841896890.489
776,Philippines,2017.0,12442000000,6621000,8349000000,328480738147.1
775,Philippines,2016.0,11681000000,5967000,6289000000,318627003965.989
772,Peru,2018.0,3353000000,5384000,4505000000,222597030191.041
774,Peru,2020.0,938000000,1119000,1002000000,201947603715.409
773,Peru,2019.0,3627399902.34375,5275000,4703000000,228325852220.761
771,Peru,2017.0,2893000000,4992000,4439000000,211007952315.888
770,Peru,2016.0,2700000000,4718000,4288000000,191898127860.843
769,Paraguay,2020.0,226000000,1077000,104000000,35432177936.3317
768,Paraguay,2019.0,552000000,4368000,409000000,37925338460.1556
767,Paraguay,2018.0,549000000,4183000,393000000,40225448651.3062
766,Paraguay,2017.0,545000000,4744000,399000000,38997129809.1697
765,Paraguay,2016.0,512000000,4318000,356000000,36089550671.834
761,Papua New Guinea,2017.0,168600006.103516,182000,15260000.2288818,22742696407.5093
762,Papua New Guinea,2018.0,134000000,195000,4230000.01907349,24109780113.2307
760,Papua New Guinea,2016.0,126599998.474121,198000,1600000.02384186,20758874952.5805
758,Panama,2019.0,1623000000,2494000,7052000000,69721787532.9789
757,Panama,2018.0,1395000000,2487000,7139000000,67294169234.6291
756,Panama,2017.0,1132000000,2517000,6827000000,62202700000
755,Panama,2016.0,1351000000,2379000,6283000000,57907700000
759,Panama,2020.0,601000000,647000,1841000000,57086836942.4052
751,Palau,2017.0,23299999.2370605,123000,123000000,285600000
750,Palau,2016.0,23799999.2370605,138000,148000000,298300000
749,Pakistan,2020.0,1245000000,..,765000000,300425609206.18
748,Pakistan,2019.0,2998000000,..,992000000,320909472926.461
747,Pakistan,2018.0,2959000000,..,845000000,356128167702.894
746,Pakistan,2017.0,3316000000,..,865000000,339205536454.445
745,Pakistan,2016.0,2931000000,..,790000000,313629998960.445
1278,Pacific island small states,2019.0,..,1752269.77187474,2233673134.26989,10739835368.721
1277,Pacific island small states,2018.0,392453079.830626,1928869.84006484,2248465667.51225,10760671502.4149
1276,Pacific island small states,2017.0,380107903.416899,1885809.47177424,2029445731.80946,10256678899.6612
1275,Pacific island small states,2016.0,354170591.39543,1836886.92745203,1932423304.09539,9504027364.77267
743,Oman,2019.0,3406000000,3506000,3077000000,88060858257.4772
742,Oman,2018.0,3210000000,3242000,2874000000,91505851755.5267
744,Oman,2020.0,1236000000,869000,669000000,75909397659.2978
741,Oman,2017.0,2915000000,3178000,2629000000,80856697009.1027
740,Oman,2016.0,2643000000,3207000,2324000000,75128738621.5865
1265,OECD members,2016.0,687110532425.969,1244329484.375,847291744905.13,48327404425594.2
1266,OECD members,2017.0,749861622433.557,1299260750,907571275803.942,50447226919268.8
1267,OECD members,2018.0,815783975182.137,1331200523.4375,984306024850.827,53371534234287
1268,OECD members,2019.0,819227741323.025,1364524985.83971,997063700763.716,53878159069137.1
739,Norway,2020.0,4230000000,1397000,2196000000,367633418886.627
738,Norway,2019.0,17683000000,5879000,7040000000,408742840909.091
737,Norway,2018.0,18307000000,5688000,7280000000,439788625883.8
736,Norway,2017.0,17489000000,6252000,6565000000,401745275035.261
735,Norway,2016.0,16384000000,5960000,6285000000,370956547619.048
727,North Macedonia,2018.0,282000000,707000,387000000,12683068033.1043
725,North Macedonia,2016.0,204000000,510000,283000000,10672467073.2873
726,North Macedonia,2017.0,233000000,631000,331000000,11307067000.7188
729,North Macedonia,2020.0,153000000,118000,253000000,12363580534.6811
728,North Macedonia,2019.0,302000000,758000,401000000,12606338448.547
1258,North America,2019.0,221039312133.268,198713000,305557753783.124,23132124767672.5
1257,North America,2018.0,210049062192.74,201364921.875,308764195752.146,22265581227435.8
1256,North America,2017.0,188118361696.46,206060750,298204194729.914,21133744509244.1
1255,North America,2016.0,175498960453.926,206045484.375,291480722526.511,20230005494907.4
724,Nigeria,2020.0,6613000000,..,321000000,432198936002.177
723,Nigeria,2019.0,16406000000,..,1471000000,474517470742.749
722,Nigeria,2018.0,13218000000,..,1977000000,421739210176.152
721,Nigeria,2017.0,8194000000,..,2615000000,375745732274.676
720,Nigeria,2016.0,4524000000,5265000,1088000000,404649048648.026
716,Niger,2017.0,120000000,164000,91000000,11185101444.3729
715,Niger,2016.0,110000000,152000,84000000,10398861980.6524
718,Niger,2019.0,144500000,192000,130000000,12916454870.5458
717,Niger,2018.0,141000000,157000,114000000,12808661487.4035
707,New Zealand,2018.0,4603000000,3858000,10961000000,211886686924.483
706,New Zealand,2017.0,4463000000,3723000,10594000000,206556258844.567
705,New Zealand,2016.0,4010000000,3494000,9773000000,188838342527.975
700,New Caledonia,2016.0,252000000,116000,248000000,8724568970.67697
696,Netherlands,2017.0,22301099609.375,17924000,21844699218.75,833869641687.068
699,Netherlands,2020.0,7435700195.3125,7265000,10926200195.3125,909793466661.466
695,Netherlands,2016.0,20188800781.25,15828000,19421800781.25,784060430240.101
698,Netherlands,2019.0,22547400390.625,20129000,23723900390.625,910194347568.61
697,Netherlands,2018.0,23359300781.25,18780000,23919099609.375,914043438179.591
693,Nepal,2019.0,713000000,1197000,801000000,34186180694.9285
692,Nepal,2018.0,915000000,1173000,740000000,33111525182.7133
691,Nepal,2017.0,886000000,940000,712000000,28971588880.8208
690,Nepal,2016.0,634000000,753000,498000000,24524109484.7453
694,Nepal,2020.0,267000000,230000,238000000,33433659223.1789
687,Nauru,2018.0,7100000,..,1600000,130995580.092154
686,Nauru,2017.0,9000000,..,3900000,109355653.690742
685,Nauru,2016.0,10000000,..,3400000,97541914.5833045
684,Namibia,2020.0,77000000,187100.006103516,155000000,10583748757.3345
682,Namibia,2018.0,69000000,1639000,488000000,13682019171.6627
681,Namibia,2017.0,92000000,1581000,449000000,12895153160.466
680,Namibia,2016.0,82000000,1551000,295000000,10722018975.0783
683,Namibia,2019.0,118000000,1651000,451000000,12541928102.7657
675,Myanmar,2016.0,201000000,2907000,2289000000,60291738934.7768
678,Myanmar,2019.0,214000000,4364000,2501000000,68697761477.1809
677,Myanmar,2018.0,118000000,3551000,1670000000,67144726167.9294
676,Myanmar,2017.0,136000000,3443000,1988000000,61449391917.1276
670,Mozambique,2016.0,290000000,1715000,114000000,11936993086.9579
671,Mozambique,2017.0,237000000,1514000,164000000,13219079497.7055
672,Mozambique,2018.0,135000000,2870000,331000000,14845400592.6712
673,Mozambique,2019.0,99000000,2033000,324000000,15390031039.9957
674,Mozambique,2020.0,95000000,..,113000000,14156864916.4711
666,Morocco,2017.0,2829000000,11540000,9086000000,118540574727.552
669,Morocco,2020.0,1509000000,2802000,4514000000,121347533649.793
668,Morocco,2019.0,3102000000,13109000,9949000000,128920265075.525
667,Morocco,2018.0,2987000000,12489000,9520000000,127341141871.205
665,Morocco,2016.0,2312000000,10677000,7922000000,111572946646.535
661,Montenegro,2017.0,91000000,1877000,1110000000,4856602178.63413
660,Montenegro,2016.0,91000000,1662000,978000000,4376929571.63114
664,Montenegro,2020.0,38000000,351000,180000000,4769995511.55242
663,Montenegro,2019.0,72000000,2510000,1276000000,5542053845.29274
662,Montenegro,2018.0,73000000,2077000,1224000000,5506944403.30196
655,Mongolia,2016.0,536000000,471000,379000000,11181350649.2247
657,Mongolia,2018.0,822000000,598000,526000000,13178094719.8612
658,Mongolia,2019.0,1036000000,637000,605000000,14206359016.4014
659,Mongolia,2020.0,573000000,66900.0015258789,49000000,13312981427.4023
656,Mongolia,2017.0,618000000,543000,462000000,11480847740.0839
648,Moldova,2019.0,479000000,174000,527000000,11735774634.4239
649,Moldova,2020.0,303000000,29000,354000000,11531967881.0624
645,Moldova,2016.0,334000000,121000,344000000,7982450758.03213
646,Moldova,2017.0,380000000,145000,442000000,9519053158.46404
647,Moldova,2018.0,438000000,160000,500000000,11253727815.4762
1240,Middle East & North Africa (excluding high income),2016.0,35581693840.6059,41373623.8181917,35484947278.8251,1475844914342.24
1243,Middle East & North Africa (excluding high income),2019.0,42475887863.3529,65756226.1253439,55317558282.0073,1408624610717.23
1242,Middle East & North Africa (excluding high income),2018.0,35968285073.1716,58807590.7872825,49964342953.8253,1400046333583.24
1241,Middle East & North Africa (excluding high income),2017.0,38179709327.0039,48550026.9757678,43470158784.1131,1476907778479.73
1248,Middle East & North Africa (IDA & IBRD countries),2019.0,41590616262.2523,65078454.6035971,55056396011.2723,1391491110717.23
1246,Middle East & North Africa (IDA & IBRD countries),2017.0,37365133167.8178,48055307.589623,43252384809.6557,1460779778479.73
1245,Middle East & North Africa (IDA & IBRD countries),2016.0,34963037871.1785,40984877.3879004,35252808777.8044,1460439514342.24
1247,Middle East & North Africa (IDA & IBRD countries),2018.0,35139572487.2867,58212100.3830495,49728453994.3907,1383769733583.24
1235,Middle East & North Africa,2016.0,111678748464.895,119350820.631413,103732379641.388,3213372950118.37
1238,Middle East & North Africa,2019.0,121506562095.784,152571279.95283,145143594987.669,3522808006382.47
1236,Middle East & North Africa,2017.0,116785480649.745,127054293.453213,118782686001.923,3352271233734.46
1237,Middle East & North Africa,2018.0,114515524741.219,139804138.011964,131897142629.07,3516514202416.88
636,Mexico,2017.0,13647000000,99349000,22467000000,1158912015259.01
637,Mexico,2018.0,14074000000,96497000,23802000000,1222405556421.13
638,Mexico,2019.0,12300000000,97406000,25847000000,1269009571610.76
639,Mexico,2020.0,4286000000,51128000,11449000000,1090514966785.91
635,Mexico,2016.0,12823000000,94853000,20619000000,1078493059306.95
630,Mauritius,2016.0,683000000,1307000,1824000000,12594155346.298
631,Mauritius,2017.0,738000000,1371000,2005000000,13713505998.0391
632,Mauritius,2018.0,663000000,1431000,2161000000,14735695930.9727
633,Mauritius,2019.0,656000000,1418000,2024000000,14436347115.2893
634,Mauritius,2020.0,224000000,316000,518000000,11401040995.9946
629,Mauritania,2020.0,35000000,..,6400000.09536743,8405498735.74293
628,Mauritania,2019.0,56000000,..,13699999.8092651,8066118984.30581
627,Mauritania,2018.0,38000000,..,6000000,7473550557.07378
626,Mauritania,2017.0,61000000,..,24000000,6800138755.34592
625,Mauritania,2016.0,74000000,..,33000000,6398741855.76276
622,Marshall Islands,2018.0,31399999.6185303,6800.00019073486,20100000.3814697,219330300
621,Marshall Islands,2017.0,27600000.3814697,6000,18100000.3814697,212701200
620,Marshall Islands,2016.0,27000000,5400.00009536743,30399999.6185303,200716000
612,Mali,2018.0,255000000,203000,231000000,17070867577.6666
611,Mali,2017.0,220000000,193000,206399993.896484,15365713059.1057
610,Mali,2016.0,213000000,173000,201600006.103516,14026048334.2131
609,Maldives,2020.0,106000000,555000,1409000000,3746329358.28788
608,Maldives,2019.0,431000000,1703000,3171000000,5609385433.592
607,Maldives,2018.0,414000000,1484000,3054000000,5300949822.99805
606,Maldives,2017.0,369000000,1390000,2771000000,4754185598.8417
605,Maldives,2016.0,347000000,1286000,2640000000,4379134272.943
602,Malaysia,2018.0,13207000000,25832000,21775000000,358788833524.945
600,Malaysia,2016.0,11339000000,26757000,19682000000,301255332137.075
601,Malaysia,2017.0,12145000000,25948000,20311000000,319109103242.055
603,Malaysia,2019.0,13694000000,26101000,22200000000,365177744321.011
604,Malaysia,2020.0,5206000000,4333000,3386000000,337339463179.961
599,Malawi,2020.0,119000000,..,35000000,12056108780.2073
598,Malawi,2019.0,195000000,..,62000000,11025371147.1876
597,Malawi,2018.0,174000000,871000,55000000,9880675785.93057
596,Malawi,2017.0,120000000,837000,35000000,8943543677.18899
595,Malawi,2016.0,100000000,849000,30000000,7909868618.46366
590,Madagascar,2016.0,300000000,333000,912000000,11848613859.5279
593,Madagascar,2019.0,319000000,486000,951000000,14104664677.9627
592,Madagascar,2018.0,309000000,360000,879000000,13760033282.6071
591,Madagascar,2017.0,319000000,285000,849000000,13176313593.5509
594,Madagascar,2020.0,97000000,87099.9984741211,202000000,13051441203.4474
589,"Macao SAR, China",2020.0,886000000,5897000,9442000000,25459685019.548
588,"Macao SAR, China",2019.0,2034000000,39406000,41166000000,55204960999.5882
587,"Macao SAR, China",2018.0,1941000000,35804000,41478000000,55284309690.2698
585,"Macao SAR, China",2016.0,1500000000,30950000,31155000000,45070807279.6288
586,"Macao SAR, China",2017.0,1702000000,32611000,36595000000,50440935654.0075
582,Luxembourg,2018.0,2872000000,1018000,5642000000,71000359760.4599
584,Luxembourg,2020.0,2458000000,525000,4454000000,73992591285.3017
581,Luxembourg,2017.0,2607000000,1046000,5472000000,65712180342.9842
580,Luxembourg,2016.0,2048000000,1054000,5606000000,62216885435.9505
583,Luxembourg,2019.0,3288000000,1041000,5645000000,69825641851.0104
1230,Lower middle income,2016.0,98683577156.5498,146764495.238977,98018347429.2237,5997917461749.4
1231,Lower middle income,2017.0,111102900536.403,166574125.990859,118023139753.334,6447085710234.66
1232,Lower middle income,2018.0,121831731222.598,192813989.629173,133339168765.262,6606760498754.65
1233,Lower middle income,2019.0,133692161691.436,207722217.280817,145059485965.47,6874526773448.25
1225,Low income,2016.0,..,13028546.9680762,8614503881.66773,444439642488.111
1226,Low income,2017.0,..,14021098.7639868,8999448387.80904,491499092098.709
1228,Low income,2019.0,..,17409971.529363,11751847677.4162,442286990942.081
1227,Low income,2018.0,..,17021655.3602576,11679698812.7254,415816146816.49
550,Lebanon,2016.0,5252000000,1688000,7373000000,51147308773.9304
551,Lebanon,2017.0,5704000000,1857000,8086000000,53027680685.8375
552,Lebanon,2018.0,6395000000,1964000,8694000000,54901519155.6219
553,Lebanon,2019.0,6495000000,1936000,8717000000,51605959131.3654
554,Lebanon,2020.0,1699000000,..,2369000000,31712128253.7961
1218,Least developed countries: UN classification,2019.0,13064499219.9862,40176417.3590637,26746319783.4889,1142396570094.39
1216,Least developed countries: UN classification,2017.0,11787174468.3176,34557520.6921775,21500887186.3327,1104009004406.99
1215,Least developed countries: UN classification,2016.0,10733777448.6297,32624657.6546745,20172369303.0441,990949126516.125
1217,Least developed countries: UN classification,2018.0,12833855271.2691,38555567.9067446,24732461286.5662,1088187940163.63
1213,Latin America & the Caribbean (IDA & IBRD countries),2019.0,72084531612.9108,172908916.919959,86710962273.7145,5371331762438.8
1212,Latin America & the Caribbean (IDA & IBRD countries),2018.0,77084923602.841,173715171.225937,85166901575.9189,5464428426578.1
1211,Latin America & the Caribbean (IDA & IBRD countries),2017.0,77049312751.9688,175407000,81435539842.3973,5593216809529.63
1210,Latin America & the Caribbean (IDA & IBRD countries),2016.0,66731592400.7148,165767000,76695528986.0043,5015399889886.8
1205,Latin America & Caribbean (excluding high income),2016.0,60398218880.574,156330000,71234508365.4837,4465515336167.3
1206,Latin America & Caribbean (excluding high income),2017.0,69958386559.3637,165093000,75265640563.8095,4980919738935.91
1207,Latin America & Caribbean (excluding high income),2018.0,69923884308.9573,164604173.905129,79006050569.6583,4836605850788.75
1208,Latin America & Caribbean (excluding high income),2019.0,64890411785.939,165233236.99443,81459149602.4918,4769077474514.31
1203,Latin America & Caribbean,2019.0,75643090718.272,201856013.686497,104584816431.255,5622813152782.54
1202,Latin America & Caribbean,2018.0,80791735173.5111,201522429.427424,101815368841.855,5706087467774.46
1201,Latin America & Caribbean,2017.0,80940138324.0456,202720683.376421,98412826249.6212,5832610432359.4
1200,Latin America & Caribbean,2016.0,70244511260.5201,193556155.198286,93835317530.7462,5249746391043.57
544,Lao PDR,2020.0,260000000,886400.024414063,227000000,18981800705.0794
543,Lao PDR,2019.0,1029000000,4791000,974000000,18740559554.1632
542,Lao PDR,2018.0,1005000000,4186000,833000000,18141651381.3884
541,Lao PDR,2017.0,930000000,3869000,655000000,17071162084.4067
540,Lao PDR,2016.0,912099975.585938,4239000,717000000,15912495368.8717
537,Kyrgyz Republic,2018.0,451000000,6947000,518000000,8271106196.04253
535,Kyrgyz Republic,2016.0,582000000,3853000,477000000,6813095396.14317
536,Kyrgyz Republic,2017.0,422000000,4568000,480000000,7702938395.18458
538,Kyrgyz Republic,2019.0,519000000,8508000,708000000,8871019822.76098
539,Kyrgyz Republic,2020.0,185000000,..,195000000,7780873258.66887
534,Kuwait,2020.0,6696000000,2161000,524000000,105948765156.029
533,Kuwait,2019.0,15839000000,8565000,1198000000,136191752590.897
532,Kuwait,2018.0,14318000000,8508000,919000000,138202309918.726
531,Kuwait,2017.0,13722000000,7407000,643000000,120687635952.46
530,Kuwait,2016.0,13232000000,7055000,831000000,109406169162.833
524,"Korea, Rep.",2020.0,16705000000,2519000,11776000000,1644312785467.12
523,"Korea, Rep.",2019.0,35339000000,17503000,25456000000,1651422932447.77
522,"Korea, Rep.",2018.0,38022000000,15347000,23104000000,1724845615629.26
521,"Korea, Rep.",2017.0,34453000000,13336000,17173000000,1623901496835.79
520,"Korea, Rep.",2016.0,29817000000,17242000,20924000000,1500111596236.37
511,Kiribati,2017.0,24569999.6948242,7500,5170000.07629395,188540699.145686
508,Kenya,2019.0,..,2049000,1762000000,100378435824.178
507,Kenya,2018.0,..,2025000,1784000000,92202979940.671
506,Kenya,2017.0,..,1449000,1564000000,82036511258.8324
505,Kenya,2016.0,..,1340000,1472000000,74815143796.3978
504,Kazakhstan,2020.0,861000000,2035000,589000000,171082365723.326
503,Kazakhstan,2019.0,2955000000,8515000,2922000000,181667185041.48
502,Kazakhstan,2018.0,2852000000,8789000,2651000000,179339977517.062
501,Kazakhstan,2017.0,2695000000,7701000,2356000000,166805788966.78
500,Kazakhstan,2016.0,2580000000,6509000,2038000000,137278320084.171
496,Jordan,2017.0,1496000000,4565000,5549000000,41608435915.493
495,Jordan,2016.0,1367000000,4236000,4943000000,39892551126.7606
497,Jordan,2018.0,1493000000,4922000,6221000000,43370860704.2254
498,Jordan,2019.0,1569000000,5361000,6765000000,44503005774.6479
499,Jordan,2020.0,408000000,1240000,1745000000,43579916197.1831
493,Japan,2019.0,29146000000,31881000,49209000000,5117993853016.51
492,Japan,2018.0,28097000000,31191000,45276000000,5040880939324.86
491,Japan,2017.0,25774000000,28691000,36978000000,4930837369151.42
490,Japan,2016.0,25968000000,24039000,33456000000,5003677627544.24
494,Japan,2020.0,6741000000,4115799.8046875,11395000000,5048789595589.43
482,Italy,2018.0,37644000000,93228601.5625,51602000000,2091932426266.94
480,Italy,2016.0,30584000000,84925000,42423000000,1877071687633.83
481,Italy,2017.0,34819000000,89931000,46719000000,1961796197354.37
483,Italy,2019.0,37908000000,95399000,51910000000,2011302198827.41
484,Italy,2020.0,12965000000,38419000,20459000000,1897210466667.52
479,Israel,2020.0,2175000000,..,2661000000,413267669231.522
478,Israel,2019.0,10389000000,4905000,8459000000,402470513619.148
477,Israel,2018.0,9975000000,4389000,8048000000,376691526553.276
476,Israel,2017.0,8985000000,3863000,7602000000,358245427458.541
475,Israel,2016.0,8210000000,3070000,6616000000,322102790386.835
469,Ireland,2020.0,2334000000,..,4160000000,425852281928.114
468,Ireland,2019.0,8156000000,10951000,14808000000,399321701632.424
467,Ireland,2018.0,7541000000,10926000,15276000000,385736680797.111
466,Ireland,2017.0,6616000000,10338000,14294000000,336377500160.549
465,Ireland,2016.0,6234000000,10100000,12649000000,299091127524.513
461,Iraq,2017.0,8093000000,..,2959000000,187217660050.676
460,Iraq,2016.0,7647000000,..,3120000000,166602488747.885
462,Iraq,2018.0,7855000000,..,1986000000,227367469034.031
463,Iraq,2019.0,10925000000,..,3593000000,233636097800.338
464,Iraq,2020.0,4172000000,..,955000000,180924091442.953
457,"Iran, Islamic Rep.",2018.0,9271000000,7295000,5252000000,327900695065.853
456,"Iran, Islamic Rep.",2017.0,12568000000,4867000,4531000000,486630147094.69
455,"Iran, Islamic Rep.",2016.0,11142000000,4942000,4634000000,457954614595.24
452,Indonesia,2018.0,13171000000,15810000,17915000000,1042271532953.36
450,Indonesia,2016.0,9932000000,11519000,12566000000,931877364033.902
451,Indonesia,2017.0,10945000000,14040000,14691000000,1015618744168.15
453,Indonesia,2019.0,14449000000,16107000,18405000000,1119099871386.16
454,Indonesia,2020.0,1980000000,4053000,3533000000,1059054842711.72
449,India,2020.0,15777000000,..,13413000000,2671595389575.7
448,India,2019.0,28595000000,17914000,31661000000,2835606242052.48
447,India,2018.0,25790000000,17423000,29143000000,2702929639861.5
446,India,2017.0,21856000000,15543000,27878000000,2651474263257.15
445,India,2016.0,19184000000,14570000,23111000000,2294796889945.04
1193,IDA total,2019.0,44683288685.967,100914423.764227,45396369606.8399,2457261018776.7
1192,IDA total,2018.0,40201044515.955,93089667.6452262,42040713817.6538,2373505833478.72
1191,IDA total,2017.0,32752255830.3691,78201600.2766101,37443652752.52,2288777969587.38
1190,IDA total,2016.0,27144657870.8959,71605647.798736,33806058987.5273,2188895718882.44
1188,IDA only,2019.0,17082193037.9703,63144062.5081978,35608230395.6728,1387560546701.72
1187,IDA only,2018.0,16440068107.5961,58328493.7275152,32347248555.226,1324642536591.81
1186,IDA only,2017.0,14941721782.9039,50308715.5381637,28053764792.6281,1328753994737.09
1185,IDA only,2016.0,14254780934.8461,46337010.2452196,26758326392.2471,1211573767471.71
1181,IDA blend,2017.0,18164479575.6886,..,10151705391.7013,960023974850.292
1182,IDA blend,2018.0,24345076315.1049,..,10652993522.6195,1048863296886.91
1183,IDA blend,2019.0,28252107323.7521,..,10859684429.0933,1069700472074.97
1180,IDA blend,2016.0,13035814678.8607,..,7911800004.60148,977321951410.728
435,Hungary,2016.0,2738000000,52890000,7481000000,128609822750.039
436,Hungary,2017.0,3049000000,54962000,8448000000,143112196040.326
437,Hungary,2018.0,3239000000,57667000,9618000000,160565642983.587
439,Hungary,2020.0,1334000000,31641000,4224000000,157227094449.074
438,Hungary,2019.0,3352000000,61397000,10225000000,164020460331.659
430,"Hong Kong SAR, China",2016.0,24141000000,56655000,37838000000,320860317562.562
433,"Hong Kong SAR, China",2019.0,..,55913000,32697000000,363074560517.276
432,"Hong Kong SAR, China",2018.0,26498000000,65148000,42313000000,361731070995.726
431,"Hong Kong SAR, China",2017.0,25388000000,58472000,38170000000,341273289534.466
428,Honduras,2019.0,655000000,2315000,556000000,25089937108.6681
429,Honduras,2020.0,230000000,669000,189000000,23827859694.7921
427,Honduras,2018.0,558000000,2323000,601000000,24067750465.9361
426,Honduras,2017.0,517000000,2144000,610000000,23136248046.2979
425,Honduras,2016.0,482000000,2228000,585000000,21717604580.8627
1168,High income,2019.0,959672417447.196,1522430052.79407,1152146571725.37,55315474922573.3
1167,High income,2018.0,950125360049.516,1491870217.10045,1147990968330.66,54839704976037.1
1166,High income,2017.0,882421696486.874,1453128423.16718,1059774547836.21,51570870016899.8
1165,High income,2016.0,815711476166.757,1403510281.67581,989702994396.272,49306277527564.3
1161,Heavily indebted poor countries (HIPC),2017.0,11066297328.2489,27119321.1667896,16462865233.7835,809850137940.151
1160,Heavily indebted poor countries (HIPC),2016.0,10878560152.5165,25289047.2324128,15777030392.8309,731974952060.25
1163,Heavily indebted poor countries (HIPC),2019.0,12478988024.1891,29134874.0028677,20858320354.982,799160667507.735
1162,Heavily indebted poor countries (HIPC),2018.0,11938931650.7596,29458450.954646,19734803845.2177,771241850302.934
421,Haiti,2017.0,485000000,1262000,460000000,15093357143.42
422,Haiti,2018.0,599000000,1333000,620000000,16403864521.4121
420,Haiti,2016.0,503000000,1153000,511000000,14069277532.4999
412,Guinea-Bissau,2018.0,74599998.4741211,55000,20000000,1504630233.68639
411,Guinea-Bissau,2017.0,..,49500,16440000.5340576,1350177012.24771
413,Guinea-Bissau,2019.0,88900001.5258789,52400.0015258789,18920000.0762939,1439638410.99593
406,Guinea,2017.0,102400001.525879,99000,16600000.3814697,10324668270.876
409,Guinea,2020.0,1075099975.58594,..,1289999.96185303,14177835840.8311
408,Guinea,2019.0,419500000,..,10399999.6185303,13442861496.5747
407,Guinea,2018.0,411700012.207031,..,4699999.80926514,11857030366.4598
405,Guinea,2016.0,16299999.2370605,63000,16600000.3814697,8595955600.7877
401,Guatemala,2017.0,1066000000,2120000,1217599975.58594,71653756504.1625
400,Guatemala,2016.0,1032000000,1906000,1202699951.17188,66053402744.7267
404,Guatemala,2020.0,346000000,594000,298500000,77715183063.2054
402,Guatemala,2018.0,1105000000,2406000,1235099975.58594,73328369925.8478
403,Guatemala,2019.0,1128000000,2560000,1227199951.17188,77172313916.4218
392,Grenada,2018.0,42000000,529000,548000000,1166514814.81481
391,Grenada,2017.0,38000000,468000,482000000,1125685185.18519
390,Grenada,2016.0,40000000,474000,437000000,1061640740.74074
384,Greece,2020.0,1500000000,7406000,6193000000,188925995936.803
381,Greece,2017.0,3306000000,30161000,19139000000,199844406013.533
382,Greece,2018.0,3910000000,33072000,21594000000,212049447242.107
383,Greece,2019.0,4211000000,34005000,23003000000,205257014892.498
380,Greece,2016.0,3412000000,28071000,16811000000,193148146586.938
374,Ghana,2020.0,946000000,..,191000000,70043095503.2503
373,Ghana,2019.0,1380000000,..,1490000000,68337974418.7681
372,Ghana,2018.0,1329000000,..,996000000,67298913752.0241
371,Ghana,2017.0,1581000000,..,919000000,60405920071.1024
370,Ghana,2016.0,1571000000,..,952000000,56164933479.4044
367,Germany,2018.0,103502000000,38881000,59446000000,3974443355019.53
368,Germany,2019.0,101231000000,39563000,58372000000,3888226035921.49
366,Germany,2017.0,97163000000,37452000,55750000000,3690849152517.69
365,Germany,2016.0,87412000000,35555000,52234000000,3469853463945.63
361,Georgia,2017.0,853000000,6483000,2971000000,16242647229.7398
360,Georgia,2016.0,706000000,5393000,2315000000,15141598622.5692
364,Georgia,2020.0,292000000,1513000,586000000,15842922532.7202
363,Georgia,2019.0,1124000000,7726000,3551000000,17470436258.5131
362,Georgia,2018.0,960000000,7203000,3518000000,17596922469.9152
355,"Gambia, The",2016.0,7199999.80926514,450000,88000000,1484578897.15783
357,"Gambia, The",2018.0,10399999.6185303,552000,174000000,1670671340.37966
356,"Gambia, The",2017.0,8500000,522000,128000000,1504909447.77459
359,"Gambia, The",2020.0,5199999.80926514,246000,53000000,1812170878.30632
358,"Gambia, The",2019.0,10000000,620000,157000000,1813609679.15313
345,French Polynesia,2016.0,226000000,241000,782000000,5497036486.74487
343,France,2019.0,59751000000,217877000,70776000000,2728870246705.83
341,France,2017.0,53787000000,207274000,67717000000,2595151045197.67
342,France,2018.0,59131000000,211998000,72518000000,2790956878746.61
340,France,2016.0,49029000000,203042000,63557000000,2472964344587.23
344,France,2020.0,31193000000,117109000,35958000000,2639008701648.21
1155,Fragile and conflict affected situations,2016.0,32650144143.2217,..,27557594253.8476,1555352426735.14
338,Finland,2019.0,6841000000,3290000,5944000000,268514916972.544
339,Finland,2020.0,1940000000,896000,1757000000,271886077382.097
337,Finland,2018.0,7223000000,3224000,5762000000,275708001767.838
336,Finland,2017.0,6740000000,3180000,5210000000,255647979916.473
335,Finland,2016.0,6199000000,2789000,4017000000,240771351298.84
334,Fiji,2020.0,77000000,168000,236000000,4477030179.83128
333,Fiji,2019.0,174000000,969000,1345000000,5481692621.61125
332,Fiji,2018.0,160000000,1058000,1370000000,5581425890.96651
331,Fiji,2017.0,138000000,1027000,1243000000,5353468387.56019
330,Fiji,2016.0,119000000,963000,1149000000,4930213787.50451
1153,European Union,2019.0,375550608102.227,968873375.260994,432150008319.399,15692624900173
1150,European Union,2016.0,309087314096.998,870371000,357446356978,13889039447069.8
1151,European Union,2017.0,344050957736.601,910869000,395733644219.927,14764668937681.1
1152,European Union,2018.0,375317328796.361,938485601.5625,431696488610.397,15979881686055.6
1140,Europe & Central Asia (excluding high income),2016.0,58941076538.0048,134101499.894963,64794278566.6343,2777867803805.59
1141,Europe & Central Asia (excluding high income),2017.0,72343375117.8486,149456827.794733,77226677470.1218,3118424956384.82
1142,Europe & Central Asia (excluding high income),2018.0,79423074237.7472,169084765.500036,89044934207.6748,3182909933137.88
1143,Europe & Central Asia (excluding high income),2019.0,82567114084.4852,180880471.54687,93373739042.8823,3248044237780.69
1147,Europe & Central Asia (IDA & IBRD countries),2018.0,91384400506.6236,314784745.548675,115984030644.059,4076336318031.97
1145,Europe & Central Asia (IDA & IBRD countries),2016.0,68300773289.1304,274218218.147916,85964198034.1434,3485571017748.05
1146,Europe & Central Asia (IDA & IBRD countries),2017.0,83037467892.8839,294608725.405586,101716945309.785,3909150827560.03
1148,Europe & Central Asia (IDA & IBRD countries),2019.0,94379487631.8316,331546366.211299,121077049953.365,4156449775997.6
1138,Europe & Central Asia,2019.0,547492928570.908,1199188498.74821,589620761238.282,22910270792580.6
1137,Europe & Central Asia,2018.0,545834313437.512,1157868194.79519,584532109736.119,23193777815580.4
1136,Europe & Central Asia,2017.0,503747289464.858,1112981075.45227,531628546557.157,21655200512836.2
1135,Europe & Central Asia,2016.0,448970238541.501,1055431735.20262,477407366615.342,20419509740630.1
1130,Euro area,2016.0,270138366471.857,590598000,297293396466.562,11973696253892.8
1133,Euro area,2019.0,324149258676.854,655573447.522239,355218744907.194,13418360523881.5
1131,Euro area,2017.0,298663421146.429,617852000,326730490336.465,12679719055232.6
1132,Euro area,2018.0,324974359715.612,638607601.5625,356076161403.959,13698192927474.5
324,Ethiopia,2020.0,322500000,518000,2282000000,107657734392.446
323,Ethiopia,2019.0,661000000,812000,3529000000,95912607970.1686
322,Ethiopia,2018.0,612700012.207031,849000,3548000000,84269196152.0333
321,Ethiopia,2017.0,363500000,933000,2505000000,81770886908.5198
320,Ethiopia,2016.0,461000000,871000,2138000000,74296745599.0048
316,Eswatini,2017.0,74000000,1343000,13199999.8092651,4402969225.92165
319,Eswatini,2020.0,36400001.5258789,345299.987792969,7300000.19073486,3982236726.3678
317,Eswatini,2018.0,43000000,1277000,16399999.6185303,4666598023.91856
318,Eswatini,2019.0,33000000,1226000,14300000.1907349,4466214522.19539
315,Eswatini,2016.0,33000000,1279000,13199999.8092651,3816019222.86268
314,Estonia,2020.0,676000000,1695000,865000000,31370395572.7653
313,Estonia,2019.0,1808000000,6103000,2310000000,31081901909.2151
312,Estonia,2018.0,1647000000,6033000,2326000000,30624720196.2285
311,Estonia,2017.0,1395000000,6145000,2124000000,26924385103.0662
310,Estonia,2016.0,1299000000,5942000,1911000000,24072829276.775
305,Eritrea,2016.0,..,142000,48000000,..
298,El Salvador,2019.0,504000000,2639000,1664000000,26881140000
296,El Salvador,2017.0,466000000,2247000,1227000000,24979190000
295,El Salvador,2016.0,451000000,2052000,1161000000,24191430000
299,El Salvador,2020.0,162000000,707000,755000000,24930080000
297,El Salvador,2018.0,490000000,2536000,1370000000,26020850000
291,"Egypt, Arab Rep.",2017.0,2419000000,8292000,8636000000,248362771739.13
292,"Egypt, Arab Rep.",2018.0,2897000000,11346000,12704000000,262588632526.73
293,"Egypt, Arab Rep.",2019.0,3718000000,13026000,14256000000,318678815489.749
294,"Egypt, Arab Rep.",2020.0,2578000000,..,4874000000,383817841547.099
290,"Egypt, Arab Rep.",2016.0,4351000000,5399000,3306000000,332441717791.411
288,Ecuador,2019.0,1650000000,2108000,2288000000,108108009000
287,Ecuador,2018.0,1523000000,2535000,2279000000,107562008000
286,Ecuador,2017.0,1463000000,1806000,2018000000,104295862000
285,Ecuador,2016.0,1454000000,1569000,1729000000,99937696000
289,Ecuador,2020.0,533000000,..,705000000,99291124000
1113,Early-demographic dividend,2019.0,185846485408.361,369336988.869679,266594979546.452,11696252034573.3
1112,Early-demographic dividend,2018.0,186955456590.85,350576700.187856,244161558291.944,11465084494129.5
1111,Early-demographic dividend,2017.0,178270493694.353,326787964.841898,219795837364.421,11335422969863.6
1110,Early-demographic dividend,2016.0,163187553569.318,301876958.468592,188151731018.75,10480129806000.4
282,Dominican Republic,2018.0,1006000000,7551000,7561000000,85555390385.9812
281,Dominican Republic,2017.0,940000000,7296000,7184000000,79998045975.5137
280,Dominican Republic,2016.0,882000000,6769000,6720000000,75704647977.2591
277,Dominica,2018.0,28000000,199000,111000000,554770370.37037
276,Dominica,2017.0,28000000,230000,161000000,521551851.851852
275,Dominica,2016.0,33000000,356000,198000000,576229629.62963
270,Djibouti,2016.0,..,..,33500000,2604955228.70117
272,Djibouti,2018.0,..,..,57000000,2913466732.12507
271,Djibouti,2017.0,..,..,36200000,2762581334.22612
265,Denmark,2016.0,9174000000,28692000,7494000000,313115929314.339
266,Denmark,2017.0,9804000000,30736000,8508000000,332121063806.391
267,Denmark,2018.0,10485000000,30801000,9097000000,356841216410.068
264,Czechia,2020.0,3495000000,..,3890000000,245974558654.043
263,Czechia,2019.0,6034000000,37202000,7967000000,252548179964.897
262,Czechia,2018.0,6074000000,36268000,8283000000,249000540729.179
261,Czechia,2017.0,5533000000,34701000,7695000000,218628940951.675
260,Czechia,2016.0,4962000000,32519000,7041000000,196272068576.338
259,Cyprus,2020.0,880000000,..,663000000,25008266159.2479
258,Cyprus,2019.0,1596000000,4117000,3245000000,25945194240.4544
257,Cyprus,2018.0,1569000000,4024000,3449000000,25597301190.678
256,Cyprus,2017.0,1378000000,3750000,3274000000,22946583375.5508
255,Cyprus,2016.0,1559318481.44531,3286000,2870000000,21046452117.3765
254,Curacao,2020.0,127000000,..,282000000,2496174748.60335
253,Curacao,2019.0,411000000,1293000,706000000,2995185474.86034
252,Curacao,2018.0,452000000,1210000,604000000,3020388826.81564
251,Curacao,2017.0,447000000,1058000,572000000,3009497206.70391
250,Curacao,2016.0,428000000,944000,644000000,3014748603.35196
249,Cuba,2020.0,..,1086000,1152000000,107352000000
248,Cuba,2019.0,..,4276000,2645000000,103428000000
247,Cuba,2018.0,..,4712000,2783000000,100050000000
246,Cuba,2017.0,..,4654000,3302000000,96851000000
245,Cuba,2016.0,..,4009000,3069000000,91370000000
244,Croatia,2020.0,789687194.824219,21608000,5631853027.34375,57624938982.3606
243,Croatia,2019.0,1811000000,60021000,11974000000,61329267533.1316
242,Croatia,2018.0,1741000000,57668000,11348000000,61330483609.8835
241,Croatia,2017.0,1410000000,59238000,10534000000,55937483557.9256
240,Croatia,2016.0,954000000,57587000,9215000000,52391038979.0338
237,Cote d'Ivoire,2018.0,625000000,1965000,551000000,58522477744.7313
235,Cote d'Ivoire,2016.0,491000000,1583000,477000000,48407761031.6758
236,Cote d'Ivoire,2017.0,564000000,1800000,509000000,52512344033.9625
238,Cote d'Ivoire,2019.0,702000000,2070000,550500000,59898479821.1946
239,Cote d'Ivoire,2020.0,315000000,668000,199300003.051758,62982768371.5174
234,Costa Rica,2020.0,697000000,1146500,1479000000,62395610764.0705
233,Costa Rica,2019.0,1330000000,3366000,4282000000,64417670555.7821
232,Costa Rica,2018.0,1198000000,3313000,4073000000,62420164964.6987
231,Costa Rica,2017.0,1322000000,3231000,3758000000,60516044623.4876
230,Costa Rica,2016.0,1055000000,3204000,3776000000,58847019584.9144
225,"Congo, Rep.",2016.0,457000000,213000,42900001.5258789,10219341017.1383
222,"Congo, Dem. Rep.",2018.0,115000000,..,60500000,47568210020.9338
221,"Congo, Dem. Rep.",2017.0,68000000,..,6000000,38019264804.5125
220,"Congo, Dem. Rep.",2016.0,60000000,351000,4300000,37134801548.836
217,Comoros,2018.0,48000000,35900.0015258789,73699996.9482422,1188797449.96036
219,Comoros,2020.0,43000000,7000,18500000,1225039195.93744
218,Comoros,2019.0,53000000,45099.9984741211,72699996.9482422,1195019531.03671
216,Comoros,2017.0,42000000,28000,60599998.4741211,1077439756.12224
215,Comoros,2016.0,38000000,26799.9992370605,50500000,1012835492.51585
212,Colombia,2018.0,5531000000,4397000,6655000000,334198218100.716
211,Colombia,2017.0,5136000000,4056000,5899000000,311866875135.576
210,Colombia,2016.0,4891000000,3675000,5631000000,282720100286.228
213,Colombia,2019.0,5658000000,4531000,6784000000,323031701210.767
214,Colombia,2020.0,1576000000,1396000,1959000000,270150956772.567
201,Chile,2017.0,3093000000,7621000,4115000000,276364936832.331
202,Chile,2018.0,3124000000,6603000,3911000000,295402646018.151
203,Chile,2019.0,3142000000,5431000,3279000000,278493308134.096
204,Chile,2020.0,720000000,..,1034000000,254096103516.324
200,Chile,2016.0,2733000000,6712000,3744000000,249298706449.182
1108,Central Europe and the Baltics,2019.0,38206176898.7308,314638365.070248,65843484713.7794,1674114230083.25
1107,Central Europe and the Baltics,2018.0,37121209259.0195,301502122.473578,64718122568.4512,1648513132166.16
1105,Central Europe and the Baltics,2016.0,27664361996.7322,282858334.211699,51301453985.2399,1316495750803.65
1106,Central Europe and the Baltics,2017.0,32937582263.6381,293799709.735875,58829311855.6386,1461216063229.79
180,Cayman Islands,2016.0,194000000,2097000,708000000,4909322200.00212
181,Cayman Islands,2017.0,271000000,2147000,832000000,5166281293.18715
182,Cayman Islands,2018.0,284000000,2384000,911000000,5530178498.90783
183,Cayman Islands,2019.0,299000000,2334000,964000000,5941896599.57333
1100,Caribbean small states,2016.0,1622542180.11196,17638000,10590877575.243,70977854236.847
173,Cameroon,2019.0,984000000,1021000,681000000,39670976440.3158
172,Cameroon,2018.0,915000000,997000,633000000,39973842058.565
171,Cameroon,2017.0,845000000,1081000,544000000,36098547058.7877
174,Cameroon,2020.0,697000000,..,437000000,40773241211.6941
170,Cameroon,2016.0,818000000,994000,508000000,33814337040.7804
166,Cambodia,2017.0,919000000,5602000,4024000000,22177200588.6749
169,Cambodia,2020.0,213000000,1306000,1119000000,25872797892.0285
167,Cambodia,2018.0,1080000000,6201000,4832000000,24571753581.7841
168,Cambodia,2019.0,1162000000,6611000,5312000000,27089390032.8915
165,Cambodia,2016.0,762000000,5012000,3523000000,20016747858.3122
164,Cabo Verde,2020.0,59000000,180000,169000000,1878277311.2253
163,Cabo Verde,2019.0,107000000,758000,567000000,2266752197.42617
162,Cabo Verde,2018.0,112000000,710000,520000000,2205099509.15921
161,Cabo Verde,2017.0,100000000,668000,451000000,1996741544.61549
160,Cabo Verde,2016.0,79000000,598000,397000000,1849789992.74328
153,Burkina Faso,2019.0,185199996.948242,143000,173000000,16178161666.1334
152,Burkina Faso,2018.0,191000000,144000,179000000,15890066209.8959
151,Burkina Faso,2017.0,182000000,143000,172000000,14106955625.3571
150,Burkina Faso,2016.0,176000000,152000,172000000,12833363043.9719
147,Bulgaria,2018.0,2247000000,12368000,5061000000,66399602077.1693
146,Bulgaria,2017.0,2047000000,11596000,4663000000,59343060705.828
145,Bulgaria,2016.0,1636000000,10604000,4148000000,53987487124.3421
148,Bulgaria,2019.0,2196000000,12552000,4832000000,68911930627.8977
149,Bulgaria,2020.0,1263000000,4973000,1792000000,70404359049.232
142,Brunei Darussalam,2018.0,585000000,4521000,190000000,13567164444.9707
141,Brunei Darussalam,2017.0,504000000,4316000,177000000,12128182463.596
140,Brunei Darussalam,2016.0,499000000,4257000,144000000,11400467372.4943
133,Brazil,2019.0,21178000000,6353000,6127000000,1873288159000.64
132,Brazil,2018.0,22229000000,6621000,6324000000,1916933708404.16
130,Brazil,2016.0,17068000000,6547000,6613000000,1795693265824.27
134,Brazil,2020.0,6490000000,..,3099000000,1476107292036.59
131,Brazil,2017.0,22991000000,6589000,6175000000,2063514688761.67
129,Botswana,2020.0,91800003.0517578,..,217000000,14960291540.5283
128,Botswana,2019.0,294700012.207031,..,712400024.414063,16725908661.9419
127,Botswana,2018.0,278299987.792969,1830000,584200012.207031,17031943186.1353
126,Botswana,2017.0,253300003.051758,1775000,542010009.765625,16105156375.5848
125,Botswana,2016.0,237100006.103516,1712000,505000000,15082636722.856
124,Bosnia and Herzegovina,2020.0,163000000,197000,438000000,20226030731.0131
122,Bosnia and Herzegovina,2018.0,378000000,1053000,1147000000,20484048415.5019
121,Bosnia and Herzegovina,2017.0,346000000,923000,984000000,18326376394.0796
120,Bosnia and Herzegovina,2016.0,290000000,778000,875000000,17116926092.3905
123,Bosnia and Herzegovina,2019.0,393000000,1198000,1225000000,20482603346.4473
115,Bolivia,2016.0,960000000,961000,827000000,33941126193.9219
119,Bolivia,2020.0,325000000,323299.987792969,243000000,36629843806.0781
116,Bolivia,2017.0,997000000,1109000,928000000,37508642170.767
117,Bolivia,2018.0,1009000000,1142000,948000000,40287647930.5355
118,Bolivia,2019.0,1111000000,1239000,977000000,40895322850.9407
110,Bhutan,2016.0,52000000,210000,139000000,2158971717.50418
111,Bhutan,2017.0,63000000,255000,153000000,2450366107.88229
112,Bhutan,2018.0,79000000,274000,121000000,2446867582.27133
113,Bhutan,2019.0,67000000,316000,120000000,2535655609.45889
114,Bhutan,2020.0,50000000,29799.9992370605,84000000,2325185520.59339
105,Bermuda,2016.0,373000000,642000,440000000,6899911000
106,Bermuda,2017.0,369000000,688000,513000000,7142316000
108,Bermuda,2019.0,342000000,805000,601000000,7423465000
109,Bermuda,2020.0,212000000,51400.0015258789,94000000,6887147000
107,Bermuda,2018.0,334000000,766000,583000000,7225977000
100,Benin,2016.0,87000000,292000,129000000,11821065852.127
101,Benin,2017.0,148000000,307000,160000000,12701655845.9622
102,Benin,2018.0,76000000,322000,175000000,14262408079.7005
103,Benin,2019.0,130000000,337000,240860000.610352,14391686309.0337
93,Belgium,2019.0,20998000000,9343000,10581000000,535865692402.342
94,Belgium,2020.0,13928000000,2584000,7447000000,525213067068.319
90,Belgium,2016.0,16522000000,7481000,8784000000,476062757356.94
91,Belgium,2017.0,17835000000,8385000,9636000000,502764720556.358
92,Belgium,2018.0,20789000000,9119000,10319000000,543299066998.892
85,Belarus,2016.0,891000000,10935000,1019000000,47723549319.0842
86,Belarus,2017.0,1082000000,11060000,1124500000,54725311690.0478
87,Belarus,2018.0,1170000000,11502000,1221000000,60031163987.191
88,Belarus,2019.0,1224500000,11832000,1290000000,64410112583.362
89,Belarus,2020.0,477000000,3598000,542000000,61371755326.2351
80,Barbados,2016.0,99000000,1227000,1071000000,4832811750
79,Bangladesh,2020.0,659000000,..,217899993.896484,373902196399.317
78,Bangladesh,2019.0,1389000000,323000,391000000,351238397263.802
77,Bangladesh,2018.0,1207000000,267000,357000000,321379163135.647
76,Bangladesh,2017.0,1127000000,237000,348000000,293754769935.148
75,Bangladesh,2016.0,843000000,182000,214300003.051758,265236389198.948
74,Bahrain,2020.0,..,1909000,724000000,34621807712.766
73,Bahrain,2019.0,2637000000,11061000,3860000000,38653318085.1064
71,Bahrain,2017.0,3178000000,11374000,4380000000,35473776595.7447
70,Bahrain,2016.0,3267000000,10158000,4021000000,32234973404.2553
72,Bahrain,2018.0,2522000000,12045000,3834000000,37802005319.1489
68,"Bahamas, The",2019.0,514000000,7250000,4150000000,13058700000
67,"Bahamas, The",2018.0,519000000,6622000,3756000000,12653600000
66,"Bahamas, The",2017.0,554000000,6136000,2951000000,12253500000
65,"Bahamas, The",2016.0,440000000,6265000,3091000000,11750800000
69,"Bahamas, The",2020.0,166000000,1794500,1007000000,9754600000
60,Azerbaijan,2016.0,2593000000,2249000,2855000000,37867007022.7844
61,Azerbaijan,2017.0,2803000000,2697000,3214000000,40866632047.8414
62,Azerbaijan,2018.0,2453000000,2850000,2830000000,47112479289.4186
63,Azerbaijan,2019.0,1839000000,3170000,2004099975.58594,48174235294.1176
64,Azerbaijan,2020.0,439000000,796000,340000000,42693000000
56,Austria,2017.0,12878000000,29460000,22424000000,417261151844.981
55,Austria,2016.0,11634000000,28121000,20965000000,395837353031.51
57,Austria,2018.0,14109000000,30816000,25413000000,454991174096.094
58,Austria,2019.0,13922000000,31884000,25924000000,444621176100.54
59,Austria,2020.0,5551000000,15091000,15362000000,435225238000.43
54,Australia,2020.0,7654000000,1828000,26234000000,1326944627876.87
53,Australia,2019.0,41345000000,9466000,47953000000,1392218527563.26
50,Australia,2016.0,35718000000,8269000,39059000000,1206562910556.58
51,Australia,2017.0,39710000000,8815000,43975000000,1326467487376.42
52,Australia,2018.0,42439000000,9246000,47327000000,1428266513154.48
49,Aruba,2020.0,310000000,..,1077000000,2610038938.54749
48,Aruba,2019.0,399000000,1951000,2109000000,3395793854.7486
47,Aruba,2018.0,394000000,1897000,2035000000,3276187709.49721
46,Aruba,2017.0,349000000,1863000,1855000000,3092178770.94972
45,Aruba,2016.0,319000000,1758000,1757000000,2983798882.68156
43,Armenia,2019.0,1543000000,1894000,1553000000,13619290545.8131
42,Armenia,2018.0,1335000000,1652000,1358000000,12457940705.3088
41,Armenia,2017.0,1218000000,1495000,1224000000,11527458712.6187
40,Armenia,2016.0,1033000000,1260000,1037000000,10546136240.3952
44,Armenia,2020.0,330000000,375000,303000000,12641698593.7908
37,Argentina,2018.0,13084000000,6942000,5999000000,524819898586.906
39,Argentina,2020.0,2746000000,..,1702000000,385540406815.599
35,Argentina,2016.0,12273000000,6668000,5466000000,557532317363.451
36,Argentina,2017.0,14180000000,6711000,5830000000,643628396190.388
38,Argentina,2019.0,9845000000,7399000,5654000000,447754686715.081
1098,Arab World,2019.0,100713997305.421,142447574.174804,131922562360.543,2868890920845.12
1097,Arab World,2018.0,94712413499.7079,131892640.892491,119512548743.69,2843476105063.8
1096,Arab World,2017.0,94677692221.7167,122153139.690839,107575704649.852,2637111521998.13
1095,Arab World,2016.0,91998492117.0579,115219915.34879,93401986638.0264,2537536661584.81
33,Antigua and Barbuda,2019.0,119000000,1035000,992000000,1675403703.7037
34,Antigua and Barbuda,2020.0,35000000,384500,416000000,1416348148.14815
30,Antigua and Barbuda,2016.0,101000000,874000,844000000,1436585185.18519
32,Antigua and Barbuda,2018.0,111000000,1064000,854000000,1604770370.37037
31,Antigua and Barbuda,2017.0,106000000,1040000,820000000,1467955555.55556
29,Angola,2020.0,691000000,..,19000000,50241368243.6314
28,Angola,2019.0,717000000,218000,395000000,69309110145.7687
27,Angola,2018.0,762000000,218000,557000000,77792944471.9494
25,Angola,2016.0,823000000,397000,628000000,49840491178.1518
26,Angola,2017.0,1216000000,261000,884000000,68972769395.6274
23,Andorra,2019.0,187000000,8235000,1910000000,3155149347.92151
15,American Samoa,2016.0,..,20100.0003814697,22000000,671000000
16,American Samoa,2017.0,..,20000,22000000,612000000
11,Algeria,2017.0,632000000,2451000,171000000,170096989042.831
12,Algeria,2018.0,542000000,2657000,196500000,174910891124.491
13,Algeria,2019.0,670000000,2371000,140000000,171760290068.157
14,Algeria,2020.0,272000000,591000,50000000,145743722826.258
10,Algeria,2016.0,556000000,2039000,246000000,160034212613.438
5,Albania,2016.0,1338000000,4736000,1821000000,11861199830.8396
6,Albania,2017.0,1473000000,5118000,2050000000,13019726211.7369
8,Albania,2019.0,1852000000,6406000,2458000000,15401826080.5183
9,Albania,2020.0,805000000,2658000,1243000000,15162734205.2462
7,Albania,2018.0,1750000000,5927000,2306000000,15156424061.9815
1091,Africa Western and Central,2017.0,15061265708.3502,..,7387315887.85046,684898755570.717
1092,Africa Western and Central,2018.0,21291654469.8694,..,7230774394.40082,767025741475.038
1090,Africa Western and Central,2016.0,10307901538.3631,13150775.3380124,5481752263.76546,691363412188.46
1088,Africa Eastern and Southern,2019.0,13285421768.3955,39826701.4025488,27810935913.9312,1000834077088.55
1085,Africa Eastern and Southern,2016.0,12785958383.5774,37645887.774466,24305252593.9629,885176429223.509
1087,Africa Eastern and Southern,2018.0,13948520114.4888,41189145.2687099,28672643620.2925,1007196197587.41
1086,Africa Eastern and Southern,2017.0,13833871656.694,38258347.875597,26552526185.1869,1021043200767.01
2,Afghanistan,2018.0,226000000,..,50000000,18418860354.4238
1,Afghanistan,2017.0,130000000,..,16000000,18896353155.8839
3,Afghanistan,2019.0,168000000,..,85000000,18904502222.2108
4,Afghanistan,2020.0,49000000,..,75000000,20143451705.7548
0,Afghanistan,2016.0,89000000,..,62000000,18019554403.4503
