Country Name,Country Code,Time,Time Code,"International tourism, expenditures (current US$) [ST.INT.XPND.CD]","International tourism, number of arrivals [ST.INT.ARVL]","International tourism, receipts (current US$) [ST.INT.RCPT.CD]",GDP (current US$) [NY.GDP.MKTP.CD]
Afghanistan,AFG,2016,YR2016,89000000,..,62000000,18019554403.4503
Afghanistan,AFG,2017,YR2017,130000000,..,16000000,18896353155.8839
Afghanistan,AFG,2018,YR2018,226000000,..,50000000,18418860354.4238
Afghanistan,AFG,2019,YR2019,168000000,..,85000000,18904502222.2108
Afghanistan,AFG,2020,YR2020,49000000,..,75000000,20143451705.7548
Albania,ALB,2016,YR2016,1338000000,4736000,1821000000,11861199830.8396
Albania,ALB,2017,YR2017,1473000000,5118000,2050000000,13019726211.7369
Albania,ALB,2018,YR2018,1750000000,5927000,2306000000,15156424061.9815
Albania,ALB,2019,YR2019,1852000000,6406000,2458000000,15401826080.5183
Albania,ALB,2020,YR2020,805000000,2658000,1243000000,15162734205.2462
Algeria,DZA,2016,YR2016,556000000,2039000,246000000,160034212613.438
Algeria,DZA,2017,YR2017,632000000,2451000,171000000,170096989042.831
Algeria,DZA,2018,YR2018,542000000,2657000,196500000,174910891124.491
Algeria,DZA,2019,YR2019,670000000,2371000,140000000,171760290068.157
Algeria,DZA,2020,YR2020,272000000,591000,50000000,145743722826.258
American Samoa,ASM,2016,YR2016,..,20100.0003814697,22000000,671000000
American Samoa,ASM,2017,YR2017,..,20000,22000000,612000000
American Samoa,ASM,2018,YR2018,..,20200.0007629395,..,639000000
American Samoa,ASM,2019,YR2019,..,19200.0007629395,..,647000000
American Samoa,ASM,2020,YR2020,..,899.999976158142,..,716000000
Andorra,AND,2016,YR2016,..,8025000,..,2896610479.86779
Andorra,AND,2017,YR2017,..,8152000,..,3000162081.22356
Andorra,AND,2018,YR2018,..,8328000,..,3218419896.93327
Andorra,AND,2019,YR2019,187000000,8235000,1910000000,3155149347.92151
Andorra,AND,2020,YR2020,..,5207000,..,2891001149.40074
Angola,AGO,2016,YR2016,823000000,397000,628000000,49840491178.1518
Angola,AGO,2017,YR2017,1216000000,261000,884000000,68972769395.6274
Angola,AGO,2018,YR2018,762000000,218000,557000000,77792944471.9494
Angola,AGO,2019,YR2019,717000000,218000,395000000,69309110145.7687
Angola,AGO,2020,YR2020,691000000,..,19000000,50241368243.6314
Antigua and Barbuda,ATG,2016,YR2016,101000000,874000,844000000,1436585185.18519
Antigua and Barbuda,ATG,2017,YR2017,106000000,1040000,820000000,1467955555.55556
Antigua and Barbuda,ATG,2018,YR2018,111000000,1064000,854000000,1604770370.37037
Antigua and Barbuda,ATG,2019,YR2019,119000000,1035000,992000000,1675403703.7037
Antigua and Barbuda,ATG,2020,YR2020,35000000,384500,416000000,1416348148.14815
Argentina,ARG,2016,YR2016,12273000000,6668000,5466000000,557532317363.451
Argentina,ARG,2017,YR2017,14180000000,6711000,5830000000,643628396190.388
Argentina,ARG,2018,YR2018,13084000000,6942000,5999000000,524819898586.906
Argentina,ARG,2019,YR2019,9845000000,7399000,5654000000,447754686715.081
Argentina,ARG,2020,YR2020,2746000000,..,1702000000,385540406815.599
Armenia,ARM,2016,YR2016,1033000000,1260000,1037000000,10546136240.3952
Armenia,ARM,2017,YR2017,1218000000,1495000,1224000000,11527458712.6187
Armenia,ARM,2018,YR2018,1335000000,1652000,1358000000,12457940705.3088
Armenia,ARM,2019,YR2019,1543000000,1894000,1553000000,13619290545.8131
Armenia,ARM,2020,YR2020,330000000,375000,303000000,12641698593.7908
Aruba,ABW,2016,YR2016,319000000,1758000,1757000000,2983798882.68156
Aruba,ABW,2017,YR2017,349000000,1863000,1855000000,3092178770.94972
Aruba,ABW,2018,YR2018,394000000,1897000,2035000000,3276187709.49721
Aruba,ABW,2019,YR2019,399000000,1951000,2109000000,3395793854.7486
Aruba,ABW,2020,YR2020,310000000,..,1077000000,2610038938.54749
Australia,AUS,2016,YR2016,35718000000,8269000,39059000000,1206562910556.58
Australia,AUS,2017,YR2017,39710000000,8815000,43975000000,1326467487376.42
Australia,AUS,2018,YR2018,42439000000,9246000,47327000000,1428266513154.48
Australia,AUS,2019,YR2019,41345000000,9466000,47953000000,1392218527563.26
Australia,AUS,2020,YR2020,7654000000,1828000,26234000000,1326944627876.87
Austria,AUT,2016,YR2016,11634000000,28121000,20965000000,395837353031.51
Austria,AUT,2017,YR2017,12878000000,29460000,22424000000,417261151844.981
Austria,AUT,2018,YR2018,14109000000,30816000,25413000000,454991174096.094
Austria,AUT,2019,YR2019,13922000000,31884000,25924000000,444621176100.54
Austria,AUT,2020,YR2020,5551000000,15091000,15362000000,435225238000.43
Azerbaijan,AZE,2016,YR2016,2593000000,2249000,2855000000,37867007022.7844
Azerbaijan,AZE,2017,YR2017,2803000000,2697000,3214000000,40866632047.8414
Azerbaijan,AZE,2018,YR2018,2453000000,2850000,2830000000,47112479289.4186
Azerbaijan,AZE,2019,YR2019,1839000000,3170000,2004099975.58594,48174235294.1176
Azerbaijan,AZE,2020,YR2020,439000000,796000,340000000,42693000000
"Bahamas, The",BHS,2016,YR2016,440000000,6265000,3091000000,11750800000
"Bahamas, The",BHS,2017,YR2017,554000000,6136000,2951000000,12253500000
"Bahamas, The",BHS,2018,YR2018,519000000,6622000,3756000000,12653600000
"Bahamas, The",BHS,2019,YR2019,514000000,7250000,4150000000,13058700000
"Bahamas, The",BHS,2020,YR2020,166000000,1794500,1007000000,9754600000
Bahrain,BHR,2016,YR2016,3267000000,10158000,4021000000,32234973404.2553
Bahrain,BHR,2017,YR2017,3178000000,11374000,4380000000,35473776595.7447
Bahrain,BHR,2018,YR2018,2522000000,12045000,3834000000,37802005319.1489
Bahrain,BHR,2019,YR2019,2637000000,11061000,3860000000,38653318085.1064
Bahrain,BHR,2020,YR2020,..,1909000,724000000,34621807712.766
Bangladesh,BGD,2016,YR2016,843000000,182000,214300003.051758,265236389198.948
Bangladesh,BGD,2017,YR2017,1127000000,237000,348000000,293754769935.148
Bangladesh,BGD,2018,YR2018,1207000000,267000,357000000,321379163135.647
Bangladesh,BGD,2019,YR2019,1389000000,323000,391000000,351238397263.802
Bangladesh,BGD,2020,YR2020,659000000,..,217899993.896484,373902196399.317
Barbados,BRB,2016,YR2016,99000000,1227000,1071000000,4832811750
Barbados,BRB,2017,YR2017,..,1345000,..,4981588900
Barbados,BRB,2018,YR2018,..,1356000,..,5097283200
Barbados,BRB,2019,YR2019,..,966000,..,5324250000
Barbados,BRB,2020,YR2020,..,..,..,4671800000
Belarus,BLR,2016,YR2016,891000000,10935000,1019000000,47723549319.0842
Belarus,BLR,2017,YR2017,1082000000,11060000,1124500000,54725311690.0478
Belarus,BLR,2018,YR2018,1170000000,11502000,1221000000,60031163987.191
Belarus,BLR,2019,YR2019,1224500000,11832000,1290000000,64410112583.362
Belarus,BLR,2020,YR2020,477000000,3598000,542000000,61371755326.2351
Belgium,BEL,2016,YR2016,16522000000,7481000,8784000000,476062757356.94
Belgium,BEL,2017,YR2017,17835000000,8385000,9636000000,502764720556.358
Belgium,BEL,2018,YR2018,20789000000,9119000,10319000000,543299066998.892
Belgium,BEL,2019,YR2019,20998000000,9343000,10581000000,535865692402.342
Belgium,BEL,2020,YR2020,13928000000,2584000,7447000000,525213067068.319
Belize,BLZ,2016,YR2016,55000000,1391000,..,2258500000
Belize,BLZ,2017,YR2017,53000000,1441000,..,2286000000
Belize,BLZ,2018,YR2018,50000000,1697000,..,2315000000
Belize,BLZ,2019,YR2019,45400001.5258789,1674000,..,2416500000
Belize,BLZ,2020,YR2020,22040000.9155273,487000,..,2080000000
Benin,BEN,2016,YR2016,87000000,292000,129000000,11821065852.127
Benin,BEN,2017,YR2017,148000000,307000,160000000,12701655845.9622
Benin,BEN,2018,YR2018,76000000,322000,175000000,14262408079.7005
Benin,BEN,2019,YR2019,130000000,337000,240860000.610352,14391686309.0337
Benin,BEN,2020,YR2020,..,..,..,15651545208.8771
Bermuda,BMU,2016,YR2016,373000000,642000,440000000,6899911000
Bermuda,BMU,2017,YR2017,369000000,688000,513000000,7142316000
Bermuda,BMU,2018,YR2018,334000000,766000,583000000,7225977000
Bermuda,BMU,2019,YR2019,342000000,805000,601000000,7423465000
Bermuda,BMU,2020,YR2020,212000000,51400.0015258789,94000000,6887147000
Bhutan,BTN,2016,YR2016,52000000,210000,139000000,2158971717.50418
Bhutan,BTN,2017,YR2017,63000000,255000,153000000,2450366107.88229
Bhutan,BTN,2018,YR2018,79000000,274000,121000000,2446867582.27133
Bhutan,BTN,2019,YR2019,67000000,316000,120000000,2535655609.45889
Bhutan,BTN,2020,YR2020,50000000,29799.9992370605,84000000,2325185520.59339
Bolivia,BOL,2016,YR2016,960000000,961000,827000000,33941126193.9219
Bolivia,BOL,2017,YR2017,997000000,1109000,928000000,37508642170.767
Bolivia,BOL,2018,YR2018,1009000000,1142000,948000000,40287647930.5355
Bolivia,BOL,2019,YR2019,1111000000,1239000,977000000,40895322850.9407
Bolivia,BOL,2020,YR2020,325000000,323299.987792969,243000000,36629843806.0781
Bosnia and Herzegovina,BIH,2016,YR2016,290000000,778000,875000000,17116926092.3905
Bosnia and Herzegovina,BIH,2017,YR2017,346000000,923000,984000000,18326376394.0796
Bosnia and Herzegovina,BIH,2018,YR2018,378000000,1053000,1147000000,20484048415.5019
Bosnia and Herzegovina,BIH,2019,YR2019,393000000,1198000,1225000000,20482603346.4473
Bosnia and Herzegovina,BIH,2020,YR2020,163000000,197000,438000000,20226030731.0131
Botswana,BWA,2016,YR2016,237100006.103516,1712000,505000000,15082636722.856
Botswana,BWA,2017,YR2017,253300003.051758,1775000,542010009.765625,16105156375.5848
Botswana,BWA,2018,YR2018,278299987.792969,1830000,584200012.207031,17031943186.1353
Botswana,BWA,2019,YR2019,294700012.207031,..,712400024.414063,16725908661.9419
Botswana,BWA,2020,YR2020,91800003.0517578,..,217000000,14960291540.5283
Brazil,BRA,2016,YR2016,17068000000,6547000,6613000000,1795693265824.27
Brazil,BRA,2017,YR2017,22991000000,6589000,6175000000,2063514688761.67
Brazil,BRA,2018,YR2018,22229000000,6621000,6324000000,1916933708404.16
Brazil,BRA,2019,YR2019,21178000000,6353000,6127000000,1873288159000.64
Brazil,BRA,2020,YR2020,6490000000,..,3099000000,1476107292036.59
British Virgin Islands,VGB,2016,YR2016,..,408000,..,..
British Virgin Islands,VGB,2017,YR2017,..,335000,..,..
British Virgin Islands,VGB,2018,YR2018,..,192000,..,..
British Virgin Islands,VGB,2019,YR2019,..,302399.993896484,..,..
British Virgin Islands,VGB,2020,YR2020,..,83000,..,..
Brunei Darussalam,BRN,2016,YR2016,499000000,4257000,144000000,11400467372.4943
Brunei Darussalam,BRN,2017,YR2017,504000000,4316000,177000000,12128182463.596
Brunei Darussalam,BRN,2018,YR2018,585000000,4521000,190000000,13567164444.9707
Brunei Darussalam,BRN,2019,YR2019,..,4449000,..,13469240162.5496
Brunei Darussalam,BRN,2020,YR2020,..,1071000,..,12005795914.7306
Bulgaria,BGR,2016,YR2016,1636000000,10604000,4148000000,53987487124.3421
Bulgaria,BGR,2017,YR2017,2047000000,11596000,4663000000,59343060705.828
Bulgaria,BGR,2018,YR2018,2247000000,12368000,5061000000,66399602077.1693
Bulgaria,BGR,2019,YR2019,2196000000,12552000,4832000000,68911930627.8977
Bulgaria,BGR,2020,YR2020,1263000000,4973000,1792000000,70404359049.232
Burkina Faso,BFA,2016,YR2016,176000000,152000,172000000,12833363043.9719
Burkina Faso,BFA,2017,YR2017,182000000,143000,172000000,14106955625.3571
Burkina Faso,BFA,2018,YR2018,191000000,144000,179000000,15890066209.8959
Burkina Faso,BFA,2019,YR2019,185199996.948242,143000,173000000,16178161666.1334
Burkina Faso,BFA,2020,YR2020,..,67000,..,17933606212.6294
Burundi,BDI,2016,YR2016,..,187000,..,2644487777.23693
Burundi,BDI,2017,YR2017,..,299000,..,2723586962.18686
Burundi,BDI,2018,YR2018,..,..,..,2667182198.97925
Burundi,BDI,2019,YR2019,..,..,..,2576518879.39881
Burundi,BDI,2020,YR2020,..,..,..,2649680261.01097
Cabo Verde,CPV,2016,YR2016,79000000,598000,397000000,1849789992.74328
Cabo Verde,CPV,2017,YR2017,100000000,668000,451000000,1996741544.61549
Cabo Verde,CPV,2018,YR2018,112000000,710000,520000000,2205099509.15921
Cabo Verde,CPV,2019,YR2019,107000000,758000,567000000,2266752197.42617
Cabo Verde,CPV,2020,YR2020,59000000,180000,169000000,1878277311.2253
Cambodia,KHM,2016,YR2016,762000000,5012000,3523000000,20016747858.3122
Cambodia,KHM,2017,YR2017,919000000,5602000,4024000000,22177200588.6749
Cambodia,KHM,2018,YR2018,1080000000,6201000,4832000000,24571753581.7841
Cambodia,KHM,2019,YR2019,1162000000,6611000,5312000000,27089390032.8915
Cambodia,KHM,2020,YR2020,213000000,1306000,1119000000,25872797892.0285
Cameroon,CMR,2016,YR2016,818000000,994000,508000000,33814337040.7804
Cameroon,CMR,2017,YR2017,845000000,1081000,544000000,36098547058.7877
Cameroon,CMR,2018,YR2018,915000000,997000,633000000,39973842058.565
Cameroon,CMR,2019,YR2019,984000000,1021000,681000000,39670976440.3158
Cameroon,CMR,2020,YR2020,697000000,..,437000000,40773241211.6941
Canada,CAN,2016,YR2016,..,30142000,..,1527994741907.43
Canada,CAN,2017,YR2017,..,31081000,..,1649265644244.09
Canada,CAN,2018,YR2018,..,31274000,..,1725297938435.76
Canada,CAN,2019,YR2019,..,32430000,..,1743725183672.52
Canada,CAN,2020,YR2020,..,..,..,1647598402302.68
Cayman Islands,CYM,2016,YR2016,194000000,2097000,708000000,4909322200.00212
Cayman Islands,CYM,2017,YR2017,271000000,2147000,832000000,5166281293.18715
Cayman Islands,CYM,2018,YR2018,284000000,2384000,911000000,5530178498.90783
Cayman Islands,CYM,2019,YR2019,299000000,2334000,964000000,5941896599.57333
Cayman Islands,CYM,2020,YR2020,..,660000,..,5647224973.03878
Central African Republic,CAF,2016,YR2016,..,82000,..,1825018144.46187
Central African Republic,CAF,2017,YR2017,..,107000,..,2072349974.15272
Central African Republic,CAF,2018,YR2018,..,109000,..,2220979144.52008
Central African Republic,CAF,2019,YR2019,..,87000,..,2221301350.75537
Central African Republic,CAF,2020,YR2020,..,..,..,2326720902.35741
Chad,TCD,2016,YR2016,..,98000,..,10097778097.0969
Chad,TCD,2017,YR2017,..,87000,..,10000394388.1158
Chad,TCD,2018,YR2018,..,63000,..,11239167890.2816
Chad,TCD,2019,YR2019,..,81000,..,11314951088.2451
Chad,TCD,2020,YR2020,..,10399.9996185303,..,10715396051.4388
Channel Islands,CHI,2016,YR2016,..,..,..,9511207129.35458
Channel Islands,CHI,2017,YR2017,..,..,..,9530244530.24453
Channel Islands,CHI,2018,YR2018,..,..,..,10422948632.4216
Channel Islands,CHI,2019,YR2019,..,..,..,10381669645.1366
Channel Islands,CHI,2020,YR2020,..,..,..,9811538461.53846
Chile,CHL,2016,YR2016,2733000000,6712000,3744000000,249298706449.182
Chile,CHL,2017,YR2017,3093000000,7621000,4115000000,276364936832.331
Chile,CHL,2018,YR2018,3124000000,6603000,3911000000,295402646018.151
Chile,CHL,2019,YR2019,3142000000,5431000,3279000000,278493308134.096
Chile,CHL,2020,YR2020,720000000,..,1034000000,254096103516.324
China,CHN,2016,YR2016,..,141774000,..,11233314018690.1
China,CHN,2017,YR2017,..,153260000,..,12310491176727.3
China,CHN,2018,YR2018,..,158606000,..,13894907485398.9
China,CHN,2019,YR2019,..,162538000,..,14279968485748
China,CHN,2020,YR2020,..,30402000,..,14687743556969.6
Colombia,COL,2016,YR2016,4891000000,3675000,5631000000,282720100286.228
Colombia,COL,2017,YR2017,5136000000,4056000,5899000000,311866875135.576
Colombia,COL,2018,YR2018,5531000000,4397000,6655000000,334198218100.716
Colombia,COL,2019,YR2019,5658000000,4531000,6784000000,323031701210.767
Colombia,COL,2020,YR2020,1576000000,1396000,1959000000,270150956772.567
Comoros,COM,2016,YR2016,38000000,26799.9992370605,50500000,1012835492.51585
Comoros,COM,2017,YR2017,42000000,28000,60599998.4741211,1077439756.12224
Comoros,COM,2018,YR2018,48000000,35900.0015258789,73699996.9482422,1188797449.96036
Comoros,COM,2019,YR2019,53000000,45099.9984741211,72699996.9482422,1195019531.03671
Comoros,COM,2020,YR2020,43000000,7000,18500000,1225039195.93744
"Congo, Dem. Rep.",COD,2016,YR2016,60000000,351000,4300000,37134801548.836
"Congo, Dem. Rep.",COD,2017,YR2017,68000000,..,6000000,38019264804.5125
"Congo, Dem. Rep.",COD,2018,YR2018,115000000,..,60500000,47568210020.9338
"Congo, Dem. Rep.",COD,2019,YR2019,..,..,..,51775829868.7669
"Congo, Dem. Rep.",COD,2020,YR2020,..,..,..,48716961864.5378
"Congo, Rep.",COG,2016,YR2016,457000000,213000,42900001.5258789,10219341017.1383
"Congo, Rep.",COG,2017,YR2017,..,151000,..,11094823676.5914
"Congo, Rep.",COG,2018,YR2018,..,158000,..,13670038019.8594
"Congo, Rep.",COG,2019,YR2019,..,..,..,12750338736.1661
"Congo, Rep.",COG,2020,YR2020,..,..,..,10483151093.6873
Costa Rica,CRI,2016,YR2016,1055000000,3204000,3776000000,58847019584.9144
Costa Rica,CRI,2017,YR2017,1322000000,3231000,3758000000,60516044623.4876
Costa Rica,CRI,2018,YR2018,1198000000,3313000,4073000000,62420164964.6987
Costa Rica,CRI,2019,YR2019,1330000000,3366000,4282000000,64417670555.7821
Costa Rica,CRI,2020,YR2020,697000000,1146500,1479000000,62395610764.0705
Cote d'Ivoire,CIV,2016,YR2016,491000000,1583000,477000000,48407761031.6758
Cote d'Ivoire,CIV,2017,YR2017,564000000,1800000,509000000,52512344033.9625
Cote d'Ivoire,CIV,2018,YR2018,625000000,1965000,551000000,58522477744.7313
Cote d'Ivoire,CIV,2019,YR2019,702000000,2070000,550500000,59898479821.1946
Cote d'Ivoire,CIV,2020,YR2020,315000000,668000,199300003.051758,62982768371.5174
Croatia,HRV,2016,YR2016,954000000,57587000,9215000000,52391038979.0338
Croatia,HRV,2017,YR2017,1410000000,59238000,10534000000,55937483557.9256
Croatia,HRV,2018,YR2018,1741000000,57668000,11348000000,61330483609.8835
Croatia,HRV,2019,YR2019,1811000000,60021000,11974000000,61329267533.1316
Croatia,HRV,2020,YR2020,789687194.824219,21608000,5631853027.34375,57624938982.3606
Cuba,CUB,2016,YR2016,..,4009000,3069000000,91370000000
Cuba,CUB,2017,YR2017,..,4654000,3302000000,96851000000
Cuba,CUB,2018,YR2018,..,4712000,2783000000,100050000000
Cuba,CUB,2019,YR2019,..,4276000,2645000000,103428000000
Cuba,CUB,2020,YR2020,..,1086000,1152000000,107352000000
Curacao,CUW,2016,YR2016,428000000,944000,644000000,3014748603.35196
Curacao,CUW,2017,YR2017,447000000,1058000,572000000,3009497206.70391
Curacao,CUW,2018,YR2018,452000000,1210000,604000000,3020388826.81564
Curacao,CUW,2019,YR2019,411000000,1293000,706000000,2995185474.86034
Curacao,CUW,2020,YR2020,127000000,..,282000000,2496174748.60335
Cyprus,CYP,2016,YR2016,1559318481.44531,3286000,2870000000,21046452117.3765
Cyprus,CYP,2017,YR2017,1378000000,3750000,3274000000,22946583375.5508
Cyprus,CYP,2018,YR2018,1569000000,4024000,3449000000,25597301190.678
Cyprus,CYP,2019,YR2019,1596000000,4117000,3245000000,25945194240.4544
Cyprus,CYP,2020,YR2020,880000000,..,663000000,25008266159.2479
Czechia,CZE,2016,YR2016,4962000000,32519000,7041000000,196272068576.338
Czechia,CZE,2017,YR2017,5533000000,34701000,7695000000,218628940951.675
Czechia,CZE,2018,YR2018,6074000000,36268000,8283000000,249000540729.179
Czechia,CZE,2019,YR2019,6034000000,37202000,7967000000,252548179964.897
Czechia,CZE,2020,YR2020,3495000000,..,3890000000,245974558654.043
Denmark,DNK,2016,YR2016,9174000000,28692000,7494000000,313115929314.339
Denmark,DNK,2017,YR2017,9804000000,30736000,8508000000,332121063806.391
Denmark,DNK,2018,YR2018,10485000000,30801000,9097000000,356841216410.068
Denmark,DNK,2019,YR2019,..,33093000,..,346498737961.635
Denmark,DNK,2020,YR2020,..,15595000,..,355222449505.211
Djibouti,DJI,2016,YR2016,..,..,33500000,2604955228.70117
Djibouti,DJI,2017,YR2017,..,..,36200000,2762581334.22612
Djibouti,DJI,2018,YR2018,..,..,57000000,2913466732.12507
Djibouti,DJI,2019,YR2019,..,..,..,3088853638.56832
Djibouti,DJI,2020,YR2020,..,..,..,3181071153.6622
Dominica,DMA,2016,YR2016,33000000,356000,198000000,576229629.62963
Dominica,DMA,2017,YR2017,28000000,230000,161000000,521551851.851852
Dominica,DMA,2018,YR2018,28000000,199000,111000000,554770370.37037
Dominica,DMA,2019,YR2019,31000000,322000,..,611537037.037037
Dominica,DMA,2020,YR2020,9000000,140000,..,504214814.814815
Dominican Republic,DOM,2016,YR2016,882000000,6769000,6720000000,75704647977.2591
Dominican Republic,DOM,2017,YR2017,940000000,7296000,7184000000,79998045975.5137
Dominican Republic,DOM,2018,YR2018,1006000000,7551000,7561000000,85555390385.9812
Dominican Republic,DOM,2019,YR2019,1060000000,7550000,..,88941371980.2651
Dominican Republic,DOM,2020,YR2020,444000000,2748000,..,78844655833.2194
Ecuador,ECU,2016,YR2016,1454000000,1569000,1729000000,99937696000
Ecuador,ECU,2017,YR2017,1463000000,1806000,2018000000,104295862000
Ecuador,ECU,2018,YR2018,1523000000,2535000,2279000000,107562008000
Ecuador,ECU,2019,YR2019,1650000000,2108000,2288000000,108108009000
Ecuador,ECU,2020,YR2020,533000000,..,705000000,99291124000
"Egypt, Arab Rep.",EGY,2016,YR2016,4351000000,5399000,3306000000,332441717791.411
"Egypt, Arab Rep.",EGY,2017,YR2017,2419000000,8292000,8636000000,248362771739.13
"Egypt, Arab Rep.",EGY,2018,YR2018,2897000000,11346000,12704000000,262588632526.73
"Egypt, Arab Rep.",EGY,2019,YR2019,3718000000,13026000,14256000000,318678815489.749
"Egypt, Arab Rep.",EGY,2020,YR2020,2578000000,..,4874000000,383817841547.099
El Salvador,SLV,2016,YR2016,451000000,2052000,1161000000,24191430000
El Salvador,SLV,2017,YR2017,466000000,2247000,1227000000,24979190000
El Salvador,SLV,2018,YR2018,490000000,2536000,1370000000,26020850000
El Salvador,SLV,2019,YR2019,504000000,2639000,1664000000,26881140000
El Salvador,SLV,2020,YR2020,162000000,707000,755000000,24930080000
Equatorial Guinea,GNQ,2016,YR2016,..,..,..,11240808846.6924
Equatorial Guinea,GNQ,2017,YR2017,..,..,..,12200913887.6428
Equatorial Guinea,GNQ,2018,YR2018,..,..,..,13097012124.2261
Equatorial Guinea,GNQ,2019,YR2019,..,..,..,11364133546.2494
Equatorial Guinea,GNQ,2020,YR2020,..,..,..,10099157995.5789
Eritrea,ERI,2016,YR2016,..,142000,48000000,..
Eritrea,ERI,2017,YR2017,..,..,..,..
Eritrea,ERI,2018,YR2018,..,..,..,..
Eritrea,ERI,2019,YR2019,..,..,..,..
Eritrea,ERI,2020,YR2020,..,..,..,..
Estonia,EST,2016,YR2016,1299000000,5942000,1911000000,24072829276.775
Estonia,EST,2017,YR2017,1395000000,6145000,2124000000,26924385103.0662
Estonia,EST,2018,YR2018,1647000000,6033000,2326000000,30624720196.2285
Estonia,EST,2019,YR2019,1808000000,6103000,2310000000,31081901909.2151
Estonia,EST,2020,YR2020,676000000,1695000,865000000,31370395572.7653
Eswatini,SWZ,2016,YR2016,33000000,1279000,13199999.8092651,3816019222.86268
Eswatini,SWZ,2017,YR2017,74000000,1343000,13199999.8092651,4402969225.92165
Eswatini,SWZ,2018,YR2018,43000000,1277000,16399999.6185303,4666598023.91856
Eswatini,SWZ,2019,YR2019,33000000,1226000,14300000.1907349,4466214522.19539
Eswatini,SWZ,2020,YR2020,36400001.5258789,345299.987792969,7300000.19073486,3982236726.3678
Ethiopia,ETH,2016,YR2016,461000000,871000,2138000000,74296745599.0048
Ethiopia,ETH,2017,YR2017,363500000,933000,2505000000,81770886908.5198
Ethiopia,ETH,2018,YR2018,612700012.207031,849000,3548000000,84269196152.0333
Ethiopia,ETH,2019,YR2019,661000000,812000,3529000000,95912607970.1686
Ethiopia,ETH,2020,YR2020,322500000,518000,2282000000,107657734392.446
Faroe Islands,FRO,2016,YR2016,..,..,..,2813278761.27524
Faroe Islands,FRO,2017,YR2017,..,..,..,2980057167.73595
Faroe Islands,FRO,2018,YR2018,..,..,..,3188601035.1907
Faroe Islands,FRO,2019,YR2019,..,..,..,3275684065.13139
Faroe Islands,FRO,2020,YR2020,..,..,..,3248670978.10165
Fiji,FJI,2016,YR2016,119000000,963000,1149000000,4930213787.50451
Fiji,FJI,2017,YR2017,138000000,1027000,1243000000,5353468387.56019
Fiji,FJI,2018,YR2018,160000000,1058000,1370000000,5581425890.96651
Fiji,FJI,2019,YR2019,174000000,969000,1345000000,5481692621.61125
Fiji,FJI,2020,YR2020,77000000,168000,236000000,4477030179.83128
Finland,FIN,2016,YR2016,6199000000,2789000,4017000000,240771351298.84
Finland,FIN,2017,YR2017,6740000000,3180000,5210000000,255647979916.473
Finland,FIN,2018,YR2018,7223000000,3224000,5762000000,275708001767.838
Finland,FIN,2019,YR2019,6841000000,3290000,5944000000,268514916972.544
Finland,FIN,2020,YR2020,1940000000,896000,1757000000,271886077382.097
France,FRA,2016,YR2016,49029000000,203042000,63557000000,2472964344587.23
France,FRA,2017,YR2017,53787000000,207274000,67717000000,2595151045197.67
France,FRA,2018,YR2018,59131000000,211998000,72518000000,2790956878746.61
France,FRA,2019,YR2019,59751000000,217877000,70776000000,2728870246705.83
France,FRA,2020,YR2020,31193000000,117109000,35958000000,2639008701648.21
French Polynesia,PYF,2016,YR2016,226000000,241000,782000000,5497036486.74487
French Polynesia,PYF,2017,YR2017,..,254000,..,5833352684.45264
French Polynesia,PYF,2018,YR2018,..,264000,..,6135116260.64814
French Polynesia,PYF,2019,YR2019,..,300000,..,6022276207.18983
French Polynesia,PYF,2020,YR2020,..,89400.0015258789,..,5731835679.23061
Gabon,GAB,2016,YR2016,..,..,..,14023890263.875
Gabon,GAB,2017,YR2017,..,..,..,14929487495.759
Gabon,GAB,2018,YR2018,..,..,..,16867326389.8696
Gabon,GAB,2019,YR2019,..,..,..,16874405460.1964
Gabon,GAB,2020,YR2020,..,..,..,15314577167.8199
"Gambia, The",GMB,2016,YR2016,7199999.80926514,450000,88000000,1484578897.15783
"Gambia, The",GMB,2017,YR2017,8500000,522000,128000000,1504909447.77459
"Gambia, The",GMB,2018,YR2018,10399999.6185303,552000,174000000,1670671340.37966
"Gambia, The",GMB,2019,YR2019,10000000,620000,157000000,1813609679.15313
"Gambia, The",GMB,2020,YR2020,5199999.80926514,246000,53000000,1812170878.30632
Georgia,GEO,2016,YR2016,706000000,5393000,2315000000,15141598622.5692
Georgia,GEO,2017,YR2017,853000000,6483000,2971000000,16242647229.7398
Georgia,GEO,2018,YR2018,960000000,7203000,3518000000,17596922469.9152
Georgia,GEO,2019,YR2019,1124000000,7726000,3551000000,17470436258.5131
Georgia,GEO,2020,YR2020,292000000,1513000,586000000,15842922532.7202
Germany,DEU,2016,YR2016,87412000000,35555000,52234000000,3469853463945.63
Germany,DEU,2017,YR2017,97163000000,37452000,55750000000,3690849152517.69
Germany,DEU,2018,YR2018,103502000000,38881000,59446000000,3974443355019.53
Germany,DEU,2019,YR2019,101231000000,39563000,58372000000,3888226035921.49
Germany,DEU,2020,YR2020,..,12449000,..,3889668895299.56
Ghana,GHA,2016,YR2016,1571000000,..,952000000,56164933479.4044
Ghana,GHA,2017,YR2017,1581000000,..,919000000,60405920071.1024
Ghana,GHA,2018,YR2018,1329000000,..,996000000,67298913752.0241
Ghana,GHA,2019,YR2019,1380000000,..,1490000000,68337974418.7681
Ghana,GHA,2020,YR2020,946000000,..,191000000,70043095503.2503
Gibraltar,GIB,2016,YR2016,..,..,..,..
Gibraltar,GIB,2017,YR2017,..,..,..,..
Gibraltar,GIB,2018,YR2018,..,..,..,..
Gibraltar,GIB,2019,YR2019,..,..,..,..
Gibraltar,GIB,2020,YR2020,..,..,..,..
Greece,GRC,2016,YR2016,3412000000,28071000,16811000000,193148146586.938
Greece,GRC,2017,YR2017,3306000000,30161000,19139000000,199844406013.533
Greece,GRC,2018,YR2018,3910000000,33072000,21594000000,212049447242.107
Greece,GRC,2019,YR2019,4211000000,34005000,23003000000,205257014892.498
Greece,GRC,2020,YR2020,1500000000,7406000,6193000000,188925995936.803
Greenland,GRL,2016,YR2016,..,..,..,2707146783.13056
Greenland,GRL,2017,YR2017,..,..,..,2851610655.92391
Greenland,GRL,2018,YR2018,..,..,..,3055791340.7025
Greenland,GRL,2019,YR2019,..,..,..,2997331094.25136
Greenland,GRL,2020,YR2020,..,..,..,3082909157.60994
Grenada,GRD,2016,YR2016,40000000,474000,437000000,1061640740.74074
Grenada,GRD,2017,YR2017,38000000,468000,482000000,1125685185.18519
Grenada,GRD,2018,YR2018,42000000,529000,548000000,1166514814.81481
Grenada,GRD,2019,YR2019,48000000,526000,..,1213485185.18519
Grenada,GRD,2020,YR2020,12000000,217000,..,1043411111.11111
Guam,GUM,2016,YR2016,..,1536000,..,5901000000
Guam,GUM,2017,YR2017,..,1545000,..,6013000000
Guam,GUM,2018,YR2018,..,1549000,..,6056000000
Guam,GUM,2019,YR2019,..,1667000,..,6366000000
Guam,GUM,2020,YR2020,..,328000,..,5886000000
Guatemala,GTM,2016,YR2016,1032000000,1906000,1202699951.17188,66053402744.7267
Guatemala,GTM,2017,YR2017,1066000000,2120000,1217599975.58594,71653756504.1625
Guatemala,GTM,2018,YR2018,1105000000,2406000,1235099975.58594,73328369925.8478
Guatemala,GTM,2019,YR2019,1128000000,2560000,1227199951.17188,77172313916.4218
Guatemala,GTM,2020,YR2020,346000000,594000,298500000,77715183063.2054
Guinea,GIN,2016,YR2016,16299999.2370605,63000,16600000.3814697,8595955600.7877
Guinea,GIN,2017,YR2017,102400001.525879,99000,16600000.3814697,10324668270.876
Guinea,GIN,2018,YR2018,411700012.207031,..,4699999.80926514,11857030366.4598
Guinea,GIN,2019,YR2019,419500000,..,10399999.6185303,13442861496.5747
Guinea,GIN,2020,YR2020,1075099975.58594,..,1289999.96185303,14177835840.8311
Guinea-Bissau,GNB,2016,YR2016,..,45200.0007629395,..,1179004911.26075
Guinea-Bissau,GNB,2017,YR2017,..,49500,16440000.5340576,1350177012.24771
Guinea-Bissau,GNB,2018,YR2018,74599998.4741211,55000,20000000,1504630233.68639
Guinea-Bissau,GNB,2019,YR2019,88900001.5258789,52400.0015258789,18920000.0762939,1439638410.99593
Guinea-Bissau,GNB,2020,YR2020,..,..,..,1431758231.68287
Guyana,GUY,2016,YR2016,..,235000,..,4482697336.56174
Guyana,GUY,2017,YR2017,..,247000,..,4748174334.14044
Guyana,GUY,2018,YR2018,..,287000,..,4787637005.53638
Guyana,GUY,2019,YR2019,..,315000,..,5173760191.84652
Guyana,GUY,2020,YR2020,..,86400.0015258789,..,5471256594.72422
Haiti,HTI,2016,YR2016,503000000,1153000,511000000,14069277532.4999
Haiti,HTI,2017,YR2017,485000000,1262000,460000000,15093357143.42
Haiti,HTI,2018,YR2018,599000000,1333000,620000000,16403864521.4121
Haiti,HTI,2019,YR2019,554000000,938000,..,15016090929.8744
Haiti,HTI,2020,YR2020,..,..,..,14508222518.158
Honduras,HND,2016,YR2016,482000000,2228000,585000000,21717604580.8627
Honduras,HND,2017,YR2017,517000000,2144000,610000000,23136248046.2979
Honduras,HND,2018,YR2018,558000000,2323000,601000000,24067750465.9361
Honduras,HND,2019,YR2019,655000000,2315000,556000000,25089937108.6681
Honduras,HND,2020,YR2020,230000000,669000,189000000,23827859694.7921
"Hong Kong SAR, China",HKG,2016,YR2016,24141000000,56655000,37838000000,320860317562.562
"Hong Kong SAR, China",HKG,2017,YR2017,25388000000,58472000,38170000000,341273289534.466
"Hong Kong SAR, China",HKG,2018,YR2018,26498000000,65148000,42313000000,361731070995.726
"Hong Kong SAR, China",HKG,2019,YR2019,..,55913000,32697000000,363074560517.276
"Hong Kong SAR, China",HKG,2020,YR2020,..,3569000,..,344943149590.058
Hungary,HUN,2016,YR2016,2738000000,52890000,7481000000,128609822750.039
Hungary,HUN,2017,YR2017,3049000000,54962000,8448000000,143112196040.326
Hungary,HUN,2018,YR2018,3239000000,57667000,9618000000,160565642983.587
Hungary,HUN,2019,YR2019,3352000000,61397000,10225000000,164020460331.659
Hungary,HUN,2020,YR2020,1334000000,31641000,4224000000,157227094449.074
Iceland,ISL,2016,YR2016,..,1891000,..,20793168030.9524
Iceland,ISL,2017,YR2017,..,2353000,..,24728285177.4603
Iceland,ISL,2018,YR2018,..,2488000,..,26260850582.0687
Iceland,ISL,2019,YR2019,..,2202000,..,24663643101.958
Iceland,ISL,2020,YR2020,..,488000,..,21553080483.8132
India,IND,2016,YR2016,19184000000,14570000,23111000000,2294796889945.04
India,IND,2017,YR2017,21856000000,15543000,27878000000,2651474263257.15
India,IND,2018,YR2018,25790000000,17423000,29143000000,2702929639861.5
India,IND,2019,YR2019,28595000000,17914000,31661000000,2835606242052.48
India,IND,2020,YR2020,15777000000,..,13413000000,2671595389575.7
Indonesia,IDN,2016,YR2016,9932000000,11519000,12566000000,931877364033.902
Indonesia,IDN,2017,YR2017,10945000000,14040000,14691000000,1015618744168.15
Indonesia,IDN,2018,YR2018,13171000000,15810000,17915000000,1042271532953.36
Indonesia,IDN,2019,YR2019,14449000000,16107000,18405000000,1119099871386.16
Indonesia,IDN,2020,YR2020,1980000000,4053000,3533000000,1059054842711.72
"Iran, Islamic Rep.",IRN,2016,YR2016,11142000000,4942000,4634000000,457954614595.24
"Iran, Islamic Rep.",IRN,2017,YR2017,12568000000,4867000,4531000000,486630147094.69
"Iran, Islamic Rep.",IRN,2018,YR2018,9271000000,7295000,5252000000,327900695065.853
"Iran, Islamic Rep.",IRN,2019,YR2019,..,9107000,..,283649531542.631
"Iran, Islamic Rep.",IRN,2020,YR2020,..,1550000,..,239735486745.704
Iraq,IRQ,2016,YR2016,7647000000,..,3120000000,166602488747.885
Iraq,IRQ,2017,YR2017,8093000000,..,2959000000,187217660050.676
Iraq,IRQ,2018,YR2018,7855000000,..,1986000000,227367469034.031
Iraq,IRQ,2019,YR2019,10925000000,..,3593000000,233636097800.338
Iraq,IRQ,2020,YR2020,4172000000,..,955000000,180924091442.953
Ireland,IRL,2016,YR2016,6234000000,10100000,12649000000,299091127524.513
Ireland,IRL,2017,YR2017,6616000000,10338000,14294000000,336377500160.549
Ireland,IRL,2018,YR2018,7541000000,10926000,15276000000,385736680797.111
Ireland,IRL,2019,YR2019,8156000000,10951000,14808000000,399321701632.424
Ireland,IRL,2020,YR2020,2334000000,..,4160000000,425852281928.114
Isle of Man,IMN,2016,YR2016,..,..,..,6846373276.62067
Isle of Man,IMN,2017,YR2017,..,..,..,6979791187.09008
Isle of Man,IMN,2018,YR2018,..,..,..,7491654051.08011
Isle of Man,IMN,2019,YR2019,..,..,..,7314966839.10981
Isle of Man,IMN,2020,YR2020,..,..,..,6684229268.52985
Israel,ISR,2016,YR2016,8210000000,3070000,6616000000,322102790386.835
Israel,ISR,2017,YR2017,8985000000,3863000,7602000000,358245427458.541
Israel,ISR,2018,YR2018,9975000000,4389000,8048000000,376691526553.276
Israel,ISR,2019,YR2019,10389000000,4905000,8459000000,402470513619.148
Israel,ISR,2020,YR2020,2175000000,..,2661000000,413267669231.522
Italy,ITA,2016,YR2016,30584000000,84925000,42423000000,1877071687633.83
Italy,ITA,2017,YR2017,34819000000,89931000,46719000000,1961796197354.37
Italy,ITA,2018,YR2018,37644000000,93228601.5625,51602000000,2091932426266.94
Italy,ITA,2019,YR2019,37908000000,95399000,51910000000,2011302198827.41
Italy,ITA,2020,YR2020,12965000000,38419000,20459000000,1897210466667.52
Jamaica,JAM,2016,YR2016,413000000,3837000,..,14077105502.9175
Jamaica,JAM,2017,YR2017,455000000,4276000,..,14808984880.5796
Jamaica,JAM,2018,YR2018,505000000,4319000,..,15730791525.65
Jamaica,JAM,2019,YR2019,508000000,4233000,..,15830766372.2651
Jamaica,JAM,2020,YR2020,291000000,1329699.95117188,..,13812421859.4026
Japan,JPN,2016,YR2016,25968000000,24039000,33456000000,5003677627544.24
Japan,JPN,2017,YR2017,25774000000,28691000,36978000000,4930837369151.42
Japan,JPN,2018,YR2018,28097000000,31191000,45276000000,5040880939324.86
Japan,JPN,2019,YR2019,29146000000,31881000,49209000000,5117993853016.51
Japan,JPN,2020,YR2020,6741000000,4115799.8046875,11395000000,5048789595589.43
Jordan,JOR,2016,YR2016,1367000000,4236000,4943000000,39892551126.7606
Jordan,JOR,2017,YR2017,1496000000,4565000,5549000000,41608435915.493
Jordan,JOR,2018,YR2018,1493000000,4922000,6221000000,43370860704.2254
Jordan,JOR,2019,YR2019,1569000000,5361000,6765000000,44503005774.6479
Jordan,JOR,2020,YR2020,408000000,1240000,1745000000,43579916197.1831
Kazakhstan,KAZ,2016,YR2016,2580000000,6509000,2038000000,137278320084.171
Kazakhstan,KAZ,2017,YR2017,2695000000,7701000,2356000000,166805788966.78
Kazakhstan,KAZ,2018,YR2018,2852000000,8789000,2651000000,179339977517.062
Kazakhstan,KAZ,2019,YR2019,2955000000,8515000,2922000000,181667185041.48
Kazakhstan,KAZ,2020,YR2020,861000000,2035000,589000000,171082365723.326
Kenya,KEN,2016,YR2016,..,1340000,1472000000,74815143796.3978
Kenya,KEN,2017,YR2017,..,1449000,1564000000,82036511258.8324
Kenya,KEN,2018,YR2018,..,2025000,1784000000,92202979940.671
Kenya,KEN,2019,YR2019,..,2049000,1762000000,100378435824.178
Kenya,KEN,2020,YR2020,..,..,..,100657505600.655
Kiribati,KIR,2016,YR2016,..,7599.99990463257,..,178507958.050329
Kiribati,KIR,2017,YR2017,24569999.6948242,7500,5170000.07629395,188540699.145686
Kiribati,KIR,2018,YR2018,..,9000,..,196501504.185186
Kiribati,KIR,2019,YR2019,..,12000,..,175181684.792212
Kiribati,KIR,2020,YR2020,..,..,..,177553260.108828
"Korea, Dem. People's Rep.",PRK,2016,YR2016,..,..,..,..
"Korea, Dem. People's Rep.",PRK,2017,YR2017,..,..,..,..
"Korea, Dem. People's Rep.",PRK,2018,YR2018,..,..,..,..
"Korea, Dem. People's Rep.",PRK,2019,YR2019,..,..,..,..
"Korea, Dem. People's Rep.",PRK,2020,YR2020,..,..,..,..
"Korea, Rep.",KOR,2016,YR2016,29817000000,17242000,20924000000,1500111596236.37
"Korea, Rep.",KOR,2017,YR2017,34453000000,13336000,17173000000,1623901496835.79
"Korea, Rep.",KOR,2018,YR2018,38022000000,15347000,23104000000,1724845615629.26
"Korea, Rep.",KOR,2019,YR2019,35339000000,17503000,25456000000,1651422932447.77
"Korea, Rep.",KOR,2020,YR2020,16705000000,2519000,11776000000,1644312785467.12
Kosovo,XKX,2016,YR2016,..,..,..,6682674062.9615
Kosovo,XKX,2017,YR2017,..,..,..,7180768692.26354
Kosovo,XKX,2018,YR2018,..,..,..,7878762812.20156
Kosovo,XKX,2019,YR2019,..,..,..,7899741278.93571
Kosovo,XKX,2020,YR2020,..,..,..,7717143395.25699
Kuwait,KWT,2016,YR2016,13232000000,7055000,831000000,109406169162.833
Kuwait,KWT,2017,YR2017,13722000000,7407000,643000000,120687635952.46
Kuwait,KWT,2018,YR2018,14318000000,8508000,919000000,138202309918.726
Kuwait,KWT,2019,YR2019,15839000000,8565000,1198000000,136191752590.897
Kuwait,KWT,2020,YR2020,6696000000,2161000,524000000,105948765156.029
Kyrgyz Republic,KGZ,2016,YR2016,582000000,3853000,477000000,6813095396.14317
Kyrgyz Republic,KGZ,2017,YR2017,422000000,4568000,480000000,7702938395.18458
Kyrgyz Republic,KGZ,2018,YR2018,451000000,6947000,518000000,8271106196.04253
Kyrgyz Republic,KGZ,2019,YR2019,519000000,8508000,708000000,8871019822.76098
Kyrgyz Republic,KGZ,2020,YR2020,185000000,..,195000000,7780873258.66887
Lao PDR,LAO,2016,YR2016,912099975.585938,4239000,717000000,15912495368.8717
Lao PDR,LAO,2017,YR2017,930000000,3869000,655000000,17071162084.4067
Lao PDR,LAO,2018,YR2018,1005000000,4186000,833000000,18141651381.3884
Lao PDR,LAO,2019,YR2019,1029000000,4791000,974000000,18740559554.1632
Lao PDR,LAO,2020,YR2020,260000000,886400.024414063,227000000,18981800705.0794
Latvia,LVA,2016,YR2016,..,6797000,..,28083597512.4849
Latvia,LVA,2017,YR2017,..,7726000,..,30483806017.8321
Latvia,LVA,2018,YR2018,..,7775000,..,34429023435.0205
Latvia,LVA,2019,YR2019,..,8342000,..,34343961072.8229
Latvia,LVA,2020,YR2020,..,3204000,..,34601740323.338
Lebanon,LBN,2016,YR2016,5252000000,1688000,7373000000,51147308773.9304
Lebanon,LBN,2017,YR2017,5704000000,1857000,8086000000,53027680685.8375
Lebanon,LBN,2018,YR2018,6395000000,1964000,8694000000,54901519155.6219
Lebanon,LBN,2019,YR2019,6495000000,1936000,8717000000,51605959131.3654
Lebanon,LBN,2020,YR2020,1699000000,..,2369000000,31712128253.7961
Lesotho,LSO,2016,YR2016,262000000,1196000,..,2114426468.65681
Lesotho,LSO,2017,YR2017,307000000,1137000,..,2306741598.79677
Lesotho,LSO,2018,YR2018,347000000,1173000,..,2556247155.56945
Lesotho,LSO,2019,YR2019,323000000,1142000,..,2436029587.61009
Lesotho,LSO,2020,YR2020,277000000,..,..,2117736527.79886
Liberia,LBR,2016,YR2016,..,..,..,3398419600
Liberia,LBR,2017,YR2017,..,..,..,3390703400
Liberia,LBR,2018,YR2018,..,..,..,3422754800
Liberia,LBR,2019,YR2019,..,..,..,3319596500
Liberia,LBR,2020,YR2020,..,..,..,3039982500
Libya,LBY,2016,YR2016,813000000,..,..,49912085228.3487
Libya,LBY,2017,YR2017,2005000000,..,..,67157451660.2727
Libya,LBY,2018,YR2018,2042000000,..,..,76686048499.3527
Libya,LBY,2019,YR2019,..,..,..,69254143968.3398
Libya,LBY,2020,YR2020,..,..,..,46808208747.2754
Liechtenstein,LIE,2016,YR2016,..,69099.9984741211,..,6237299538.02934
Liechtenstein,LIE,2017,YR2017,..,79300.0030517578,..,6474310909.50636
Liechtenstein,LIE,2018,YR2018,..,85300.0030517578,..,6692618410.5125
Liechtenstein,LIE,2019,YR2019,..,98099.9984741211,..,6436467007.11932
Liechtenstein,LIE,2020,YR2020,..,58400.0015258789,..,6405765970.4778
Lithuania,LTU,2016,YR2016,..,5322000,..,43047309305.7375
Lithuania,LTU,2017,YR2017,..,5590000,..,47758736931.7805
Lithuania,LTU,2018,YR2018,..,6115000,..,53751411409.4437
Lithuania,LTU,2019,YR2019,..,6150000,..,54760617012.9166
Lithuania,LTU,2020,YR2020,..,2284000,..,56914826860.6918
Luxembourg,LUX,2016,YR2016,2048000000,1054000,5606000000,62216885435.9505
Luxembourg,LUX,2017,YR2017,2607000000,1046000,5472000000,65712180342.9842
Luxembourg,LUX,2018,YR2018,2872000000,1018000,5642000000,71000359760.4599
Luxembourg,LUX,2019,YR2019,3288000000,1041000,5645000000,69825641851.0104
Luxembourg,LUX,2020,YR2020,2458000000,525000,4454000000,73992591285.3017
"Macao SAR, China",MAC,2016,YR2016,1500000000,30950000,31155000000,45070807279.6288
"Macao SAR, China",MAC,2017,YR2017,1702000000,32611000,36595000000,50440935654.0075
"Macao SAR, China",MAC,2018,YR2018,1941000000,35804000,41478000000,55284309690.2698
"Macao SAR, China",MAC,2019,YR2019,2034000000,39406000,41166000000,55204960999.5882
"Macao SAR, China",MAC,2020,YR2020,886000000,5897000,9442000000,25459685019.548
Madagascar,MDG,2016,YR2016,300000000,333000,912000000,11848613859.5279
Madagascar,MDG,2017,YR2017,319000000,285000,849000000,13176313593.5509
Madagascar,MDG,2018,YR2018,309000000,360000,879000000,13760033282.6071
Madagascar,MDG,2019,YR2019,319000000,486000,951000000,14104664677.9627
Madagascar,MDG,2020,YR2020,97000000,87099.9984741211,202000000,13051441203.4474
Malawi,MWI,2016,YR2016,100000000,849000,30000000,7909868618.46366
Malawi,MWI,2017,YR2017,120000000,837000,35000000,8943543677.18899
Malawi,MWI,2018,YR2018,174000000,871000,55000000,9880675785.93057
Malawi,MWI,2019,YR2019,195000000,..,62000000,11025371147.1876
Malawi,MWI,2020,YR2020,119000000,..,35000000,12056108780.2073
Malaysia,MYS,2016,YR2016,11339000000,26757000,19682000000,301255332137.075
Malaysia,MYS,2017,YR2017,12145000000,25948000,20311000000,319109103242.055
Malaysia,MYS,2018,YR2018,13207000000,25832000,21775000000,358788833524.945
Malaysia,MYS,2019,YR2019,13694000000,26101000,22200000000,365177744321.011
Malaysia,MYS,2020,YR2020,5206000000,4333000,3386000000,337339463179.961
Maldives,MDV,2016,YR2016,347000000,1286000,2640000000,4379134272.943
Maldives,MDV,2017,YR2017,369000000,1390000,2771000000,4754185598.8417
Maldives,MDV,2018,YR2018,414000000,1484000,3054000000,5300949822.99805
Maldives,MDV,2019,YR2019,431000000,1703000,3171000000,5609385433.592
Maldives,MDV,2020,YR2020,106000000,555000,1409000000,3746329358.28788
Mali,MLI,2016,YR2016,213000000,173000,201600006.103516,14026048334.2131
Mali,MLI,2017,YR2017,220000000,193000,206399993.896484,15365713059.1057
Mali,MLI,2018,YR2018,255000000,203000,231000000,17070867577.6666
Mali,MLI,2019,YR2019,..,217000,..,17280250805.2245
Mali,MLI,2020,YR2020,..,..,..,17465392779.0366
Malta,MLT,2016,YR2016,..,2592000,..,11667976402.763
Malta,MLT,2017,YR2017,..,2944000,..,13489296992.0001
Malta,MLT,2018,YR2018,..,3232000,..,15298004130.4975
Malta,MLT,2019,YR2019,..,3519000,..,15881258056.2009
Malta,MLT,2020,YR2020,..,718000,..,15046136935.4814
Marshall Islands,MHL,2016,YR2016,27000000,5400.00009536743,30399999.6185303,200716000
Marshall Islands,MHL,2017,YR2017,27600000.3814697,6000,18100000.3814697,212701200
Marshall Islands,MHL,2018,YR2018,31399999.6185303,6800.00019073486,20100000.3814697,219330300
Marshall Islands,MHL,2019,YR2019,..,6099.99990463257,..,232092300
Marshall Islands,MHL,2020,YR2020,..,..,..,241722400
Mauritania,MRT,2016,YR2016,74000000,..,33000000,6398741855.76276
Mauritania,MRT,2017,YR2017,61000000,..,24000000,6800138755.34592
Mauritania,MRT,2018,YR2018,38000000,..,6000000,7473550557.07378
Mauritania,MRT,2019,YR2019,56000000,..,13699999.8092651,8066118984.30581
Mauritania,MRT,2020,YR2020,35000000,..,6400000.09536743,8405498735.74293
Mauritius,MUS,2016,YR2016,683000000,1307000,1824000000,12594155346.298
Mauritius,MUS,2017,YR2017,738000000,1371000,2005000000,13713505998.0391
Mauritius,MUS,2018,YR2018,663000000,1431000,2161000000,14735695930.9727
Mauritius,MUS,2019,YR2019,656000000,1418000,2024000000,14436347115.2893
Mauritius,MUS,2020,YR2020,224000000,316000,518000000,11401040995.9946
Mexico,MEX,2016,YR2016,12823000000,94853000,20619000000,1078493059306.95
Mexico,MEX,2017,YR2017,13647000000,99349000,22467000000,1158912015259.01
Mexico,MEX,2018,YR2018,14074000000,96497000,23802000000,1222405556421.13
Mexico,MEX,2019,YR2019,12300000000,97406000,25847000000,1269009571610.76
Mexico,MEX,2020,YR2020,4286000000,51128000,11449000000,1090514966785.91
"Micronesia, Fed. Sts.",FSM,2016,YR2016,..,29600.0003814697,..,332265200
"Micronesia, Fed. Sts.",FSM,2017,YR2017,..,..,..,366666800
"Micronesia, Fed. Sts.",FSM,2018,YR2018,..,19200.0007629395,..,401932300
"Micronesia, Fed. Sts.",FSM,2019,YR2019,..,18000,..,412000000
"Micronesia, Fed. Sts.",FSM,2020,YR2020,..,..,..,408000000
Moldova,MDA,2016,YR2016,334000000,121000,344000000,7982450758.03213
Moldova,MDA,2017,YR2017,380000000,145000,442000000,9519053158.46404
Moldova,MDA,2018,YR2018,438000000,160000,500000000,11253727815.4762
Moldova,MDA,2019,YR2019,479000000,174000,527000000,11735774634.4239
Moldova,MDA,2020,YR2020,303000000,29000,354000000,11531967881.0624
Monaco,MCO,2016,YR2016,..,336000,..,6472837332.95721
Monaco,MCO,2017,YR2017,..,355000,..,6431274937.64707
Monaco,MCO,2018,YR2018,..,347000,..,7194256778.2745
Monaco,MCO,2019,YR2019,..,363000,..,7383941919.21567
Monaco,MCO,2020,YR2020,..,159000,..,6739642360.46694
Mongolia,MNG,2016,YR2016,536000000,471000,379000000,11181350649.2247
Mongolia,MNG,2017,YR2017,618000000,543000,462000000,11480847740.0839
Mongolia,MNG,2018,YR2018,822000000,598000,526000000,13178094719.8612
Mongolia,MNG,2019,YR2019,1036000000,637000,605000000,14206359016.4014
Mongolia,MNG,2020,YR2020,573000000,66900.0015258789,49000000,13312981427.4023
Montenegro,MNE,2016,YR2016,91000000,1662000,978000000,4376929571.63114
Montenegro,MNE,2017,YR2017,91000000,1877000,1110000000,4856602178.63413
Montenegro,MNE,2018,YR2018,73000000,2077000,1224000000,5506944403.30196
Montenegro,MNE,2019,YR2019,72000000,2510000,1276000000,5542053845.29274
Montenegro,MNE,2020,YR2020,38000000,351000,180000000,4769995511.55242
Morocco,MAR,2016,YR2016,2312000000,10677000,7922000000,111572946646.535
Morocco,MAR,2017,YR2017,2829000000,11540000,9086000000,118540574727.552
Morocco,MAR,2018,YR2018,2987000000,12489000,9520000000,127341141871.205
Morocco,MAR,2019,YR2019,3102000000,13109000,9949000000,128920265075.525
Morocco,MAR,2020,YR2020,1509000000,2802000,4514000000,121347533649.793
Mozambique,MOZ,2016,YR2016,290000000,1715000,114000000,11936993086.9579
Mozambique,MOZ,2017,YR2017,237000000,1514000,164000000,13219079497.7055
Mozambique,MOZ,2018,YR2018,135000000,2870000,331000000,14845400592.6712
Mozambique,MOZ,2019,YR2019,99000000,2033000,324000000,15390031039.9957
Mozambique,MOZ,2020,YR2020,95000000,..,113000000,14156864916.4711
Myanmar,MMR,2016,YR2016,201000000,2907000,2289000000,60291738934.7768
Myanmar,MMR,2017,YR2017,136000000,3443000,1988000000,61449391917.1276
Myanmar,MMR,2018,YR2018,118000000,3551000,1670000000,67144726167.9294
Myanmar,MMR,2019,YR2019,214000000,4364000,2501000000,68697761477.1809
Myanmar,MMR,2020,YR2020,..,903000,..,78930259068.5275
Namibia,NAM,2016,YR2016,82000000,1551000,295000000,10722018975.0783
Namibia,NAM,2017,YR2017,92000000,1581000,449000000,12895153160.466
Namibia,NAM,2018,YR2018,69000000,1639000,488000000,13682019171.6627
Namibia,NAM,2019,YR2019,118000000,1651000,451000000,12541928102.7657
Namibia,NAM,2020,YR2020,77000000,187100.006103516,155000000,10583748757.3345
Nauru,NRU,2016,YR2016,10000000,..,3400000,97541914.5833045
Nauru,NRU,2017,YR2017,9000000,..,3900000,109355653.690742
Nauru,NRU,2018,YR2018,7100000,..,1600000,130995580.092154
Nauru,NRU,2019,YR2019,..,..,..,125160081.80546
Nauru,NRU,2020,YR2020,..,..,..,124685686.622889
Nepal,NPL,2016,YR2016,634000000,753000,498000000,24524109484.7453
Nepal,NPL,2017,YR2017,886000000,940000,712000000,28971588880.8208
Nepal,NPL,2018,YR2018,915000000,1173000,740000000,33111525182.7133
Nepal,NPL,2019,YR2019,713000000,1197000,801000000,34186180694.9285
Nepal,NPL,2020,YR2020,267000000,230000,238000000,33433659223.1789
Netherlands,NLD,2016,YR2016,20188800781.25,15828000,19421800781.25,784060430240.101
Netherlands,NLD,2017,YR2017,22301099609.375,17924000,21844699218.75,833869641687.068
Netherlands,NLD,2018,YR2018,23359300781.25,18780000,23919099609.375,914043438179.591
Netherlands,NLD,2019,YR2019,22547400390.625,20129000,23723900390.625,910194347568.61
Netherlands,NLD,2020,YR2020,7435700195.3125,7265000,10926200195.3125,909793466661.466
New Caledonia,NCL,2016,YR2016,252000000,116000,248000000,8724568970.67697
New Caledonia,NCL,2017,YR2017,..,121000,..,9173669999.59434
New Caledonia,NCL,2018,YR2018,..,120000,..,9896402295.48329
New Caledonia,NCL,2019,YR2019,..,130000,..,9475655341.98316
New Caledonia,NCL,2020,YR2020,..,31000,..,9454629451.03219
New Zealand,NZL,2016,YR2016,4010000000,3494000,9773000000,188838342527.975
New Zealand,NZL,2017,YR2017,4463000000,3723000,10594000000,206556258844.567
New Zealand,NZL,2018,YR2018,4603000000,3858000,10961000000,211886686924.483
New Zealand,NZL,2019,YR2019,..,3888000,..,213091987153.092
New Zealand,NZL,2020,YR2020,..,996000,..,212569779569.515
Nicaragua,NIC,2016,YR2016,310000000,1596000,..,13286066154.9603
Nicaragua,NIC,2017,YR2017,365000000,1958000,..,13785890939.4447
Nicaragua,NIC,2018,YR2018,349000000,1412000,..,13025266513.3167
Nicaragua,NIC,2019,YR2019,312000000,1455000,..,12699028889.666
Nicaragua,NIC,2020,YR2020,102000000,474000,..,12678162359.4021
Niger,NER,2016,YR2016,110000000,152000,84000000,10398861980.6524
Niger,NER,2017,YR2017,120000000,164000,91000000,11185101444.3729
Niger,NER,2018,YR2018,141000000,157000,114000000,12808661487.4035
Niger,NER,2019,YR2019,144500000,192000,130000000,12916454870.5458
Niger,NER,2020,YR2020,..,85000,..,13744174582.2532
Nigeria,NGA,2016,YR2016,4524000000,5265000,1088000000,404649048648.026
Nigeria,NGA,2017,YR2017,8194000000,..,2615000000,375745732274.676
Nigeria,NGA,2018,YR2018,13218000000,..,1977000000,421739210176.152
Nigeria,NGA,2019,YR2019,16406000000,..,1471000000,474517470742.749
Nigeria,NGA,2020,YR2020,6613000000,..,321000000,432198936002.177
North Macedonia,MKD,2016,YR2016,204000000,510000,283000000,10672467073.2873
North Macedonia,MKD,2017,YR2017,233000000,631000,331000000,11307067000.7188
North Macedonia,MKD,2018,YR2018,282000000,707000,387000000,12683068033.1043
North Macedonia,MKD,2019,YR2019,302000000,758000,401000000,12606338448.547
North Macedonia,MKD,2020,YR2020,153000000,118000,253000000,12363580534.6811
Northern Mariana Islands,MNP,2016,YR2016,..,531000,..,1230000000
Northern Mariana Islands,MNP,2017,YR2017,..,660000,..,1560000000
Northern Mariana Islands,MNP,2018,YR2018,..,518000,..,1301000000
Northern Mariana Islands,MNP,2019,YR2019,..,487000,..,1181000000
Northern Mariana Islands,MNP,2020,YR2020,..,..,..,858000000
Norway,NOR,2016,YR2016,16384000000,5960000,6285000000,370956547619.048
Norway,NOR,2017,YR2017,17489000000,6252000,6565000000,401745275035.261
Norway,NOR,2018,YR2018,18307000000,5688000,7280000000,439788625883.8
Norway,NOR,2019,YR2019,17683000000,5879000,7040000000,408742840909.091
Norway,NOR,2020,YR2020,4230000000,1397000,2196000000,367633418886.627
Oman,OMN,2016,YR2016,2643000000,3207000,2324000000,75128738621.5865
Oman,OMN,2017,YR2017,2915000000,3178000,2629000000,80856697009.1027
Oman,OMN,2018,YR2018,3210000000,3242000,2874000000,91505851755.5267
Oman,OMN,2019,YR2019,3406000000,3506000,3077000000,88060858257.4772
Oman,OMN,2020,YR2020,1236000000,869000,669000000,75909397659.2978
Pakistan,PAK,2016,YR2016,2931000000,..,790000000,313629998960.445
Pakistan,PAK,2017,YR2017,3316000000,..,865000000,339205536454.445
Pakistan,PAK,2018,YR2018,2959000000,..,845000000,356128167702.894
Pakistan,PAK,2019,YR2019,2998000000,..,992000000,320909472926.461
Pakistan,PAK,2020,YR2020,1245000000,..,765000000,300425609206.18
Palau,PLW,2016,YR2016,23799999.2370605,138000,148000000,298300000
Palau,PLW,2017,YR2017,23299999.2370605,123000,123000000,285600000
Palau,PLW,2018,YR2018,..,106000,..,284900000
Palau,PLW,2019,YR2019,..,94000,..,278900000
Palau,PLW,2020,YR2020,..,18399.9996185303,..,251900000
Panama,PAN,2016,YR2016,1351000000,2379000,6283000000,57907700000
Panama,PAN,2017,YR2017,1132000000,2517000,6827000000,62202700000
Panama,PAN,2018,YR2018,1395000000,2487000,7139000000,67294169234.6291
Panama,PAN,2019,YR2019,1623000000,2494000,7052000000,69721787532.9789
Panama,PAN,2020,YR2020,601000000,647000,1841000000,57086836942.4052
Papua New Guinea,PNG,2016,YR2016,126599998.474121,198000,1600000.02384186,20758874952.5805
Papua New Guinea,PNG,2017,YR2017,168600006.103516,182000,15260000.2288818,22742696407.5093
Papua New Guinea,PNG,2018,YR2018,134000000,195000,4230000.01907349,24109780113.2307
Papua New Guinea,PNG,2019,YR2019,..,211000,..,24751069237.9977
Papua New Guinea,PNG,2020,YR2020,..,39000,..,23848442440.267
Paraguay,PRY,2016,YR2016,512000000,4318000,356000000,36089550671.834
Paraguay,PRY,2017,YR2017,545000000,4744000,399000000,38997129809.1697
Paraguay,PRY,2018,YR2018,549000000,4183000,393000000,40225448651.3062
Paraguay,PRY,2019,YR2019,552000000,4368000,409000000,37925338460.1556
Paraguay,PRY,2020,YR2020,226000000,1077000,104000000,35432177936.3317
Peru,PER,2016,YR2016,2700000000,4718000,4288000000,191898127860.843
Peru,PER,2017,YR2017,2893000000,4992000,4439000000,211007952315.888
Peru,PER,2018,YR2018,3353000000,5384000,4505000000,222597030191.041
Peru,PER,2019,YR2019,3627399902.34375,5275000,4703000000,228325852220.761
Peru,PER,2020,YR2020,938000000,1119000,1002000000,201947603715.409
Philippines,PHL,2016,YR2016,11681000000,5967000,6289000000,318627003965.989
Philippines,PHL,2017,YR2017,12442000000,6621000,8349000000,328480738147.1
Philippines,PHL,2018,YR2018,12474000000,7168000,9715000000,346841896890.489
Philippines,PHL,2019,YR2019,12926000000,8261000,11455000000,376823404772.837
Philippines,PHL,2020,YR2020,4872000000,1483000,2769000000,361751145432.404
Poland,POL,2016,YR2016,8509000000,80476000,11922000000,470024559638.496
Poland,POL,2017,YR2017,9420000000,83804000,13925000000,524641206562.004
Poland,POL,2018,YR2018,10367000000,85946000,15569000000,588779850763.487
Poland,POL,2019,YR2019,10161000000,88515000,15712000000,596058473058.766
Poland,POL,2020,YR2020,5547000000,..,8379000000,599442783603.187
Portugal,PRT,2016,YR2016,4707000000,13359000,17347000000,206426152308.937
Portugal,PRT,2017,YR2017,5509000000,15432000,21586000000,221357874718.932
Portugal,PRT,2018,YR2018,6427000000,16186000,24366000000,242313116577.963
Portugal,PRT,2019,YR2019,6823000000,17283000,24592000000,239986922638.897
Portugal,PRT,2020,YR2020,3536000000,4208000,10522000000,229031860520.773
Puerto Rico,PRI,2016,YR2016,1059000000,5003000,3974000000,104336700000
Puerto Rico,PRI,2017,YR2017,1072000000,4927000,3868000000,103445500000
Puerto Rico,PRI,2018,YR2018,893000000,4260000,3303000000,100958100000
Puerto Rico,PRI,2019,YR2019,..,4931000,3612000000,105126400000
Puerto Rico,PRI,2020,YR2020,..,3882000,2921000000,103130900000
Qatar,QAT,2016,YR2016,13152000000,2938000,12593000000,151732181868.132
Qatar,QAT,2017,YR2017,12284000000,2256000,15757000000,161099122225.275
Qatar,QAT,2018,YR2018,11754000000,1819000,15239000000,183334953818.681
Qatar,QAT,2019,YR2019,12528000000,2136500,15647000000,176371267689.082
Qatar,QAT,2020,YR2020,11504000000,582000,14318000000,144411363345.27
Romania,ROU,2016,YR2016,2910000000,10223000,2474000000,185287615324.922
Romania,ROU,2017,YR2017,4955000000,10926000,3553000000,210147181055.277
Romania,ROU,2018,YR2018,6109000000,11720000,3879000000,243316050520.725
Romania,ROU,2019,YR2019,7172000000,12815000,4240000000,251017797625.017
Romania,ROU,2020,YR2020,3472000000,5023000,1611000000,251362534092.315
Russian Federation,RUS,2016,YR2016,27654000000,24571000,12822000000,1276786344534.27
Russian Federation,RUS,2017,YR2017,35584000000,24390000,14938000000,1574199355092.71
Russian Federation,RUS,2018,YR2018,38791000000,24551000,18735000000,1657328764645.93
Russian Federation,RUS,2019,YR2019,40611000000,24419000,17235000000,1693114993990.49
Russian Federation,RUS,2020,YR2020,10800000000,6359000,4961000000,1493075887459.81
Rwanda,RWA,2016,YR2016,364000000,1377000,443000000,8695318854.11055
Rwanda,RWA,2017,YR2017,419000000,1570000,496500000,9252833678.08916
Rwanda,RWA,2018,YR2018,390000000,1711000,547000000,9636510839.30707
Rwanda,RWA,2019,YR2019,382799987.792969,1634000,635900024.414063,10346675636.3397
Rwanda,RWA,2020,YR2020,127000000,..,212000000,10172925171.5869
Samoa,WSM,2016,YR2016,2099999.90463257,146000,148699996.948242,843924750.673535
Samoa,WSM,2017,YR2017,3900000.09536743,158000,167000000,884844419.778891
Samoa,WSM,2018,YR2018,4099999.90463257,172000,192300003.051758,878448439.453724
Samoa,WSM,2019,YR2019,5199999.80926514,181000,206100006.103516,912950619.371868
Samoa,WSM,2020,YR2020,1799999.95231628,23899.9996185303,23059999.4659424,868898350.356664
San Marino,SMR,2016,YR2016,..,2000000,..,1468342430.68836
San Marino,SMR,2017,YR2017,..,1937000,..,1528621195.45849
San Marino,SMR,2018,YR2018,..,1874000,..,1655354303.82885
San Marino,SMR,2019,YR2019,..,1904000,..,1616188702.34405
San Marino,SMR,2020,YR2020,..,..,..,1541247884.00207
Sao Tome and Principe,STP,2016,YR2016,..,28899.9996185303,69100000,345495614.979982
Sao Tome and Principe,STP,2017,YR2017,..,28899.9996185303,65900000,375614126.193877
Sao Tome and Principe,STP,2018,YR2018,..,33400.0015258789,71900000,412253809.728799
Sao Tome and Principe,STP,2019,YR2019,..,..,..,427425039.684339
Sao Tome and Principe,STP,2020,YR2020,..,..,..,472551023.610419
Saudi Arabia,SAU,2016,YR2016,17671000000,20887000,13438000000,665999879694.192
Saudi Arabia,SAU,2017,YR2017,19065000000,18607000,15020000000,714994694991.651
Saudi Arabia,SAU,2018,YR2018,17939000000,17570000,16974000000,846583785179.856
Saudi Arabia,SAU,2019,YR2019,16415000000,20292000,19849000000,838564705624.643
Saudi Arabia,SAU,2020,YR2020,9069000000,..,5960000000,734271183954.88
Senegal,SEN,2016,YR2016,277000000,1219000,439000000,19040312331.1615
Senegal,SEN,2017,YR2017,295000000,1376000,470000000,20996562958.501
Senegal,SEN,2018,YR2018,324000000,..,557000000,23116701539.5646
Senegal,SEN,2019,YR2019,..,..,..,23403995984.9306
Senegal,SEN,2020,YR2020,..,..,..,24530513058.5946
Serbia,SRB,2016,YR2016,1351000000,1281000,1461000000,40692661657.284
Serbia,SRB,2017,YR2017,1549000000,1497000,1706000000,44179075778.9267
Serbia,SRB,2018,YR2018,1837000000,1711000,1941000000,50640662859.4987
Serbia,SRB,2019,YR2019,2000000000,1847000,2000000000,51514242775.5241
Serbia,SRB,2020,YR2020,1179000000,446000,1422000000,53356484763.839
Seychelles,SYC,2016,YR2016,92000000,333000,505000000,1458954109.81959
Seychelles,SYC,2017,YR2017,104000000,382000,585000000,1529773286.49646
Seychelles,SYC,2018,YR2018,101000000,405000,611000000,1587813245.28225
Seychelles,SYC,2019,YR2019,109000000,428000,618000000,1645090567.04612
Seychelles,SYC,2020,YR2020,39000000,124500,228000000,1183515397.64891
Sierra Leone,SLE,2016,YR2016,36500000,60000,41000000,3862721204.61052
Sierra Leone,SLE,2017,YR2017,62000000,59000,39000000,3719443317.52413
Sierra Leone,SLE,2018,YR2018,61000000,66000,39000000,4085114542.06831
Sierra Leone,SLE,2019,YR2019,83000000,71000,..,4076578653.54714
Sierra Leone,SLE,2020,YR2020,..,..,..,4062906363.55623
Singapore,SGP,2016,YR2016,23957000000,16403000,18944000000,319029973659.293
Singapore,SGP,2017,YR2017,24588000000,17425000,19891000000,343272878686.388
Singapore,SGP,2018,YR2018,25346000000,18508000,20416000000,376869585632.115
Singapore,SGP,2019,YR2019,..,19116000,..,376837488316.973
Singapore,SGP,2020,YR2020,..,2742000,..,348392174863.651
Sint Maarten (Dutch part),SXM,2016,YR2016,114000000,2197000,871000000,1263687150.83799
Sint Maarten (Dutch part),SXM,2017,YR2017,100000000,1640000,646000000,1191620111.73184
Sint Maarten (Dutch part),SXM,2018,YR2018,77000000,1775000,468000000,1185474860.3352
Sint Maarten (Dutch part),SXM,2019,YR2019,77000000,1952000,708000000,1459776536.31285
Sint Maarten (Dutch part),SXM,2020,YR2020,21000000,..,243000000,1240279329.60894
Slovak Republic,SVK,2016,YR2016,2420000000,17376000,2812000000,89952699524.8965
Slovak Republic,SVK,2017,YR2017,2599000000,15406000,3024000000,95649966260.981
Slovak Republic,SVK,2018,YR2018,2823000000,15299000,3318000000,106137924015.591
Slovak Republic,SVK,2019,YR2019,2811000000,..,3350000000,105710052464.625
Slovak Republic,SVK,2020,YR2020,1291000000,..,1303000000,106728917483.033
Slovenia,SVN,2016,YR2016,1483800048.82813,3397000,2717899902.34375,44766722790.5838
Slovenia,SVN,2017,YR2017,1641099975.58594,3991000,3055100097.65625,48589100043.0958
Slovenia,SVN,2018,YR2018,1864300048.82813,4425000,3377500000,54177882425.8421
Slovenia,SVN,2019,YR2019,1771699951.17188,4702000,3353100097.65625,54331588482.3048
Slovenia,SVN,2020,YR2020,855799987.792969,1216000,1418000000,53706800043.6833
Solomon Islands,SLB,2016,YR2016,74900001.5258789,23200.0007629395,71000000,1379490315.02286
Solomon Islands,SLB,2017,YR2017,72699996.9482422,25700.0007629395,79000000,1469789050.30851
Solomon Islands,SLB,2018,YR2018,53000000,27899.9996185303,92000000,1615478421.45974
Solomon Islands,SLB,2019,YR2019,62500000,28899.9996185303,82000000,1619154958.40233
Solomon Islands,SLB,2020,YR2020,30909999.8474121,4400.00009536743,7000000,1536145831.0639
Somalia,SOM,2016,YR2016,..,..,..,5534000000
Somalia,SOM,2017,YR2017,..,..,..,5609000000
Somalia,SOM,2018,YR2018,..,..,..,5856000006.22021
Somalia,SOM,2019,YR2019,..,..,..,6485000000
Somalia,SOM,2020,YR2020,..,..,..,6883000000
South Africa,ZAF,2016,YR2016,5354000000,15121000,8807000000,323585509674.481
South Africa,ZAF,2017,YR2017,6068000000,14975000,9706000000,381448814653.456
South Africa,ZAF,2018,YR2018,6348000000,15004000,9789000000,404158882459.024
South Africa,ZAF,2019,YR2019,5866000000,14797000,9064000000,388531226582.351
South Africa,ZAF,2020,YR2020,1594000000,3886600.09765625,2716000000,337619569570.511
South Sudan,SSD,2016,YR2016,323000000,..,23500000,..
South Sudan,SSD,2017,YR2017,293000000,..,26000000,..
South Sudan,SSD,2018,YR2018,513000000,..,12000000,..
South Sudan,SSD,2019,YR2019,..,..,..,..
South Sudan,SSD,2020,YR2020,469000000,..,..,..
Spain,ESP,2016,YR2016,..,115561000,..,1233554967011.71
Spain,ESP,2017,YR2017,..,121717000,..,1313245330197.66
Spain,ESP,2018,YR2018,..,124456000,..,1421702715218.01
Spain,ESP,2019,YR2019,..,126170000,..,1394320055129.38
Spain,ESP,2020,YR2020,..,36410000,..,1276962685648.23
Sri Lanka,LKA,2016,YR2016,2295000000,2168000,4591000000,88012281909.7522
Sri Lanka,LKA,2017,YR2017,2409000000,2248000,5083000000,94376237831.5778
Sri Lanka,LKA,2018,YR2018,2487000000,2521000,5608000000,94493871351.4217
Sri Lanka,LKA,2019,YR2019,2436000000,2027000,4663000000,89014978319.0703
Sri Lanka,LKA,2020,YR2020,803000000,540000,1076000000,84440535698.8207
St. Kitts and Nevis,KNA,2016,YR2016,51000000,1055000,332000000,1008100000
St. Kitts and Nevis,KNA,2017,YR2017,56000000,1194000,355000000,1058944444.44444
St. Kitts and Nevis,KNA,2018,YR2018,56000000,1278000,367000000,1076922222.22222
St. Kitts and Nevis,KNA,2019,YR2019,60000000,1107000,..,1107844444.44444
St. Kitts and Nevis,KNA,2020,YR2020,18000000,301399.993896484,..,884522222.222222
St. Lucia,LCA,2016,YR2016,78000000,948000,776000000,1865444444.44444
St. Lucia,LCA,2017,YR2017,84000000,1064000,875000000,1996703703.7037
St. Lucia,LCA,2018,YR2018,85000000,1165000,989000000,2057074074.07407
St. Lucia,LCA,2019,YR2019,92000000,1220000,..,2094185185.18518
St. Lucia,LCA,2020,YR2020,28000000,432500,..,1516000000
St. Martin (French part),MAF,2016,YR2016,..,..,..,..
St. Martin (French part),MAF,2017,YR2017,..,..,..,..
St. Martin (French part),MAF,2018,YR2018,..,..,..,..
St. Martin (French part),MAF,2019,YR2019,..,..,..,..
St. Martin (French part),MAF,2020,YR2020,..,..,..,..
St. Vincent and the Grenadines,VCT,2016,YR2016,41000000,227000,221300003.051758,814302267.073348
St. Vincent and the Grenadines,VCT,2017,YR2017,38000000,303000,215399993.896484,844039068.757533
St. Vincent and the Grenadines,VCT,2018,YR2018,40000000,356000,231000000,884328180.526933
St. Vincent and the Grenadines,VCT,2019,YR2019,40000000,392000,255000000,910765709.768752
St. Vincent and the Grenadines,VCT,2020,YR2020,13000000,..,85000000,869111852.751778
Sudan,SDN,2016,YR2016,203000000,800000,1009000000,102943515502.994
Sudan,SDN,2017,YR2017,29000000,813000,1029000000,129718581297.431
Sudan,SDN,2018,YR2018,13000000,836000,1043000000,32333780383.2924
Sudan,SDN,2019,YR2019,..,..,..,32338079165.2893
Sudan,SDN,2020,YR2020,..,..,..,27034593750
Suriname,SUR,2016,YR2016,112000000,257000,74000000,3317421499.77314
Suriname,SUR,2017,YR2017,99000000,279000,61000000,3591679371.03991
Suriname,SUR,2018,YR2018,104000000,..,73000000,3996198760.32389
Suriname,SUR,2019,YR2019,94000000,..,64000000,4016040575.08796
Suriname,SUR,2020,YR2020,64000000,..,19000000,2911807496.20227
Sweden,SWE,2016,YR2016,..,6782000,..,515654671469.547
Sweden,SWE,2017,YR2017,..,7054000,..,541018749769.097
Sweden,SWE,2018,YR2018,..,7440000,..,555455371487.089
Sweden,SWE,2019,YR2019,..,7616000,..,533879529188.454
Sweden,SWE,2020,YR2020,..,1957000,..,547054174235.876
Switzerland,CHE,2016,YR2016,19941000000,10402000,19787000000,687895460902.713
Switzerland,CHE,2017,YR2017,21501000000,11133000,20399000000,695200833086.499
Switzerland,CHE,2018,YR2018,21441000000,11715000,21294000000,725562534363.895
Switzerland,CHE,2019,YR2019,21097000000,11818000,21257000000,721369112726.724
Switzerland,CHE,2020,YR2020,10372000000,..,9994000000,739913619797.445
Syrian Arab Republic,SYR,2016,YR2016,..,1043000,..,12598742886.9368
Syrian Arab Republic,SYR,2017,YR2017,..,1291000,..,16369724433.2751
Syrian Arab Republic,SYR,2018,YR2018,..,1802000,..,21496337967.8677
Syrian Arab Republic,SYR,2019,YR2019,..,2424000,..,22600896352.1266
Syrian Arab Republic,SYR,2020,YR2020,..,..,..,11159274040.2708
Tajikistan,TJK,2016,YR2016,24600000.3814697,344000,149600006.103516,6992416096.89018
Tajikistan,TJK,2017,YR2017,15100000.3814697,431000,171600006.103516,7536403146.68377
Tajikistan,TJK,2018,YR2018,24200000.7629395,1035000,170899993.896484,7765000282.29397
Tajikistan,TJK,2019,YR2019,28399999.6185303,..,179100006.103516,8300813889.63698
Tajikistan,TJK,2020,YR2020,10800000.1907349,..,102400001.525879,8133963813.3329
Tanzania,TZA,2016,YR2016,992000000,1284000,2149000000,49774004999.2038
Tanzania,TZA,2017,YR2017,873000000,1327000,2265000000,53275968094.8533
Tanzania,TZA,2018,YR2018,818000000,1506000,2465000000,57003686049.4102
Tanzania,TZA,2019,YR2019,738200012.207031,1527000,2624500000,61026765850.3054
Tanzania,TZA,2020,YR2020,..,..,..,66068737757.2651
Thailand,THA,2016,YR2016,11267000000,32530000,48459000000,413366345843.744
Thailand,THA,2017,YR2017,12676000000,35592000,57057000000,456356812774.563
Thailand,THA,2018,YR2018,14406000000,38178000,61383000000,506754212432.991
Thailand,THA,2019,YR2019,14969000000,39916000,64371000000,543976695638.812
Thailand,THA,2020,YR2020,3681000000,..,15360000000,500457261548.076
Timor-Leste,TLS,2016,YR2016,118000000,65599.9984741211,58000000,1650619400
Timor-Leste,TLS,2017,YR2017,137000000,73900.0015258789,73000000,1595724300
Timor-Leste,TLS,2018,YR2018,131000000,74599.9984741211,78000000,1563887900
Timor-Leste,TLS,2019,YR2019,110000000,74800.0030517578,..,2028551600
Timor-Leste,TLS,2020,YR2020,61000000,..,..,2158392500
Togo,TGO,2016,YR2016,55000000,338000,223000000,6031632014.86013
Togo,TGO,2017,YR2017,57000000,514000,245000000,6395472028.24361
Togo,TGO,2018,YR2018,65000000,573000,269000000,7029217931.75029
Togo,TGO,2019,YR2019,61000000,876000,264000000,6992656428.93581
Togo,TGO,2020,YR2020,..,482000,..,7389329392.7704
Tonga,TON,2016,YR2016,23799999.2370605,86699.9969482422,52700000.7629395,420548768.072805
Tonga,TON,2017,YR2017,37700000.7629395,86599.9984741211,48500000,460374252.206137
Tonga,TON,2018,YR2018,41200000.7629395,77300.0030517578,48099998.4741211,488906860.874058
Tonga,TON,2019,YR2019,44000000,94000,57099998.4741211,512053639.842631
Tonga,TON,2020,YR2020,38000000,..,47700000.7629395,484796858.839009
Trinidad and Tobago,TTO,2016,YR2016,230000000,492000,708000000,23496215880.5212
Trinidad and Tobago,TTO,2017,YR2017,147000000,465000,717000000,23797686961.8447
Trinidad and Tobago,TTO,2018,YR2018,149000000,501000,541000000,24322359037.409
Trinidad and Tobago,TTO,2019,YR2019,133000000,480000,481000000,23849557811.3959
Trinidad and Tobago,TTO,2020,YR2020,42000000,141000,151000000,21059428846.0153
Tunisia,TUN,2016,YR2016,823000000,5724000,1706000000,44360065796.6202
Tunisia,TUN,2017,YR2017,871000000,7052000,1782000000,42163530590.9462
Tunisia,TUN,2018,YR2018,954000000,8299000,2320000000,42686509835.5287
Tunisia,TUN,2019,YR2019,889000000,9429000,2683000000,41905637658.6053
Tunisia,TUN,2020,YR2020,407000000,2012000,1007000000,42538462678.1201
Turkiye,TUR,2016,YR2016,5698000000,30907000,26505000000,869682954136.208
Turkiye,TUR,2017,YR2017,5865000000,37970000,31993000000,858988578709.755
Turkiye,TUR,2018,YR2018,6068000000,46113000,36791000000,778476714087.962
Turkiye,TUR,2019,YR2019,5354000000,51747000,41415000000,759934804372.319
Turkiye,TUR,2020,YR2020,1639000000,15971000,13771000000,720288811761.915
Turkmenistan,TKM,2016,YR2016,..,..,..,36169428571.4286
Turkmenistan,TKM,2017,YR2017,..,..,..,37926285714.2857
Turkmenistan,TKM,2018,YR2018,..,..,..,40765428571.4286
Turkmenistan,TKM,2019,YR2019,..,..,..,44220285714.2857
Turkmenistan,TKM,2020,YR2020,..,..,..,45610571428.5714
Turks and Caicos Islands,TCA,2016,YR2016,..,1296000,..,1032452000
Turks and Caicos Islands,TCA,2017,YR2017,..,1243000,..,1022365000
Turks and Caicos Islands,TCA,2018,YR2018,..,1463000,..,1113178000
Turks and Caicos Islands,TCA,2019,YR2019,..,1599000,..,1197415000
Turks and Caicos Islands,TCA,2020,YR2020,..,370399.993896484,..,924583000
Tuvalu,TUV,2016,YR2016,11399999.6185303,2500,..,41629064.9653416
Tuvalu,TUV,2017,YR2017,10100000.3814697,2500,..,45276606.0014551
Tuvalu,TUV,2018,YR2018,10800000.1907349,3200.00004768372,..,48015219.9526234
Tuvalu,TUV,2019,YR2019,9800000.19073486,3599.99990463257,..,54123195.2727502
Tuvalu,TUV,2020,YR2020,..,..,..,51746568.697119
Uganda,UGA,2016,YR2016,309000000,1323000,1118000000,29203988697.459
Uganda,UGA,2017,YR2017,365000000,1402000,954000000,30744473839.7439
Uganda,UGA,2018,YR2018,497000000,1506000,1522000000,32927025621.3848
Uganda,UGA,2019,YR2019,596000000,1543000,1400000000,35348155092.292
Uganda,UGA,2020,YR2020,268000000,473000,518000000,37605430214.347
Ukraine,UKR,2016,YR2016,6306000000,13734000,1723000000,93355868977.6619
Ukraine,UKR,2017,YR2017,7536000000,14579000,2019000000,112090503817.399
Ukraine,UKR,2018,YR2018,8287000000,14342000,2269000000,130891086689.522
Ukraine,UKR,2019,YR2019,8907000000,13710000,2595000000,153883045524.931
Ukraine,UKR,2020,YR2020,4823000000,3382000,687000000,156617719786.254
United Arab Emirates,ARE,2016,YR2016,17127259765.625,20894000,28657400390.625,369255326235.534
United Arab Emirates,ARE,2017,YR2017,17644699218.75,21805000,29705500000,390516804029.952
United Arab Emirates,ARE,2018,YR2018,18004099609.375,23092000,34609500000,427049432157.931
United Arab Emirates,ARE,2019,YR2019,18382000000,25282000,38413300781.25,417989721742.682
United Arab Emirates,ARE,2020,YR2020,15085000000,8084000,24615400390.625,349473015330.157
United Kingdom,GBR,2016,YR2016,..,39129000,..,2699659680997.2
United Kingdom,GBR,2017,YR2017,..,41080000,..,2683488510504.04
United Kingdom,GBR,2018,YR2018,..,40283000,..,2878152147315.82
United Kingdom,GBR,2019,YR2019,..,40857000,..,2857057847953.02
United Kingdom,GBR,2020,YR2020,..,11101000,..,2704609160088.15
United States,USA,2016,YR2016,147640000000,175261484.375,228549000000,18695110842000
United States,USA,2017,YR2017,158287000000,174291750,233758000000,19477336549000
United States,USA,2018,YR2018,176818000000,169324921.875,241984000000,20533057312000
United States,USA,2019,YR2019,186079000000,165478000,239447000000,21380976119000
United States,USA,2020,YR2020,48837000000,45037000,84205000000,21060473613000
Uruguay,URY,2016,YR2016,1079000000,3632000,2396000000,57480788380.312
Uruguay,URY,2017,YR2017,1222000000,4219000,2924000000,65006047680.3225
Uruguay,URY,2018,YR2018,1252000000,3954000,2708000000,65203071110.6037
Uruguay,URY,2019,YR2019,1424000000,3480000,2335000000,62048585618.505
Uruguay,URY,2020,YR2020,412000000,..,1085000000,53666908479.5585
Uzbekistan,UZB,2016,YR2016,1832000000,2027000,579000000,86138288633.2241
Uzbekistan,UZB,2017,YR2017,2107000000,2690000,835000000,62081322741.1228
Uzbekistan,UZB,2018,YR2018,2722000000,5346000,1314000000,52870108217.5626
Uzbekistan,UZB,2019,YR2019,2753000000,6749000,1679000000,60283503705.3907
Uzbekistan,UZB,2020,YR2020,1062000000,..,395000000,60224701295.7983
Vanuatu,VUT,2016,YR2016,28000000,351600.006103516,275000000,780889605.899977
Vanuatu,VUT,2017,YR2017,19000000,332700.012207031,289000000,880061830.96959
Vanuatu,VUT,2018,YR2018,21000000,350200.012207031,325000000,914736985.430944
Vanuatu,VUT,2019,YR2019,32000000,256000,295000000,936526267.622513
Vanuatu,VUT,2020,YR2020,22000000,82400.0015258789,67000000,909421043.508407
"Venezuela, RB",VEN,2016,YR2016,2920000000,681000,546000000,..
"Venezuela, RB",VEN,2017,YR2017,..,429000,..,..
"Venezuela, RB",VEN,2018,YR2018,..,..,..,..
"Venezuela, RB",VEN,2019,YR2019,..,..,..,..
"Venezuela, RB",VEN,2020,YR2020,..,..,..,..
Vietnam,VNM,2016,YR2016,4500000000,10013000,8500000000,257096001174.075
Vietnam,VNM,2017,YR2017,5040000000,12922000,8890000000,281353626107.245
Vietnam,VNM,2018,YR2018,5910000000,15498000,10080000000,310106472642.968
Vietnam,VNM,2019,YR2019,6460000000,18009000,11830000000,334365257920.289
Vietnam,VNM,2020,YR2020,4360000000,3837000,3232000000,346615750166.553
Virgin Islands (U.S.),VIR,2016,YR2016,..,2574000,1343000000,3798000000
Virgin Islands (U.S.),VIR,2017,YR2017,..,1954000,1202000000,3794000000
Virgin Islands (U.S.),VIR,2018,YR2018,..,1922000,993000000,3922000000
Virgin Islands (U.S.),VIR,2019,YR2019,..,2074000,1031000000,4117000000
Virgin Islands (U.S.),VIR,2020,YR2020,..,8612000,686000000,4204000000
West Bank and Gaza,PSE,2016,YR2016,620000000,400000,235000000,15405400000
West Bank and Gaza,PSE,2017,YR2017,813000000,503000,225000000,16128000000
West Bank and Gaza,PSE,2018,YR2018,826000000,606000,245000000,16276600000
West Bank and Gaza,PSE,2019,YR2019,914000000,688000,..,17133500000
West Bank and Gaza,PSE,2020,YR2020,567000000,93000,..,15531700000
"Yemen, Rep.",YEM,2016,YR2016,56000000,..,116000000,31317824906.4358
"Yemen, Rep.",YEM,2017,YR2017,..,..,..,26842231204.8047
"Yemen, Rep.",YEM,2018,YR2018,..,..,..,21606161066.2074
"Yemen, Rep.",YEM,2019,YR2019,..,..,..,..
"Yemen, Rep.",YEM,2020,YR2020,..,..,..,..
Zambia,ZMB,2016,YR2016,423000000,956000,..,20958412538.3093
Zambia,ZMB,2017,YR2017,410000000,1009000,..,25873601260.8353
Zambia,ZMB,2018,YR2018,478000000,1072000,..,26311506435.0598
Zambia,ZMB,2019,YR2019,511000000,1266000,..,23308667781.2258
Zambia,ZMB,2020,YR2020,474000000,502000,..,18110638619.3723
Zimbabwe,ZWE,2016,YR2016,406000000,2168000,194000000,20548678100
Zimbabwe,ZWE,2017,YR2017,337000000,2423000,158000000,17584890936.6523
Zimbabwe,ZWE,2018,YR2018,269000000,2580000,191000000,34156069918.0609
Zimbabwe,ZWE,2019,YR2019,257000000,2294000,285000000,21832234925.5021
Zimbabwe,ZWE,2020,YR2020,157000000,639000,66000000,21509698406.1116
Africa Eastern and Southern,AFE,2016,YR2016,12785958383.5774,37645887.774466,24305252593.9629,885176429223.509
Africa Eastern and Southern,AFE,2017,YR2017,13833871656.694,38258347.875597,26552526185.1869,1021043200767.01
Africa Eastern and Southern,AFE,2018,YR2018,13948520114.4888,41189145.2687099,28672643620.2925,1007196197587.41
Africa Eastern and Southern,AFE,2019,YR2019,13285421768.3955,39826701.4025488,27810935913.9312,1000834077088.55
Africa Eastern and Southern,AFE,2020,YR2020,..,..,..,927593321647.664
Africa Western and Central,AFW,2016,YR2016,10307901538.3631,13150775.3380124,5481752263.76546,691363412188.46
Africa Western and Central,AFW,2017,YR2017,15061265708.3502,..,7387315887.85046,684898755570.717
Africa Western and Central,AFW,2018,YR2018,21291654469.8694,..,7230774394.40082,767025741475.038
Africa Western and Central,AFW,2019,YR2019,25723080447.521,..,..,822538393591.447
Africa Western and Central,AFW,2020,YR2020,..,..,..,786460035395.026
Arab World,ARB,2016,YR2016,91998492117.0579,115219915.34879,93401986638.0264,2537536661584.81
Arab World,ARB,2017,YR2017,94677692221.7167,122153139.690839,107575704649.852,2637111521998.13
Arab World,ARB,2018,YR2018,94712413499.7079,131892640.892491,119512548743.69,2843476105063.8
Arab World,ARB,2019,YR2019,100713997305.421,142447574.174804,131922562360.543,2868890920845.12
Arab World,ARB,2020,YR2020,..,..,..,2533377484136.87
Caribbean small states,CSS,2016,YR2016,1622542180.11196,17638000,10590877575.243,70977854236.847
Caribbean small states,CSS,2017,YR2017,1697867224.85994,18488000,..,73482494257.1029
Caribbean small states,CSS,2018,YR2018,1750798337.38555,19669834.9167994,..,76247249561.2981
Caribbean small states,CSS,2019,YR2019,..,19819087.2645395,..,77282796215.9198
Caribbean small states,CSS,2020,YR2020,..,..,..,65994922945.3924
Central Europe and the Baltics,CEB,2016,YR2016,27664361996.7322,282858334.211699,51301453985.2399,1316495750803.65
Central Europe and the Baltics,CEB,2017,YR2017,32937582263.6381,293799709.735875,58829311855.6386,1461216063229.79
Central Europe and the Baltics,CEB,2018,YR2018,37121209259.0195,301502122.473578,64718122568.4512,1648513132166.16
Central Europe and the Baltics,CEB,2019,YR2019,38206176898.7308,314638365.070248,65843484713.7794,1674114230083.25
Central Europe and the Baltics,CEB,2020,YR2020,..,..,..,1665358949113.72
Early-demographic dividend,EAR,2016,YR2016,163187553569.318,301876958.468592,188151731018.75,10480129806000.4
Early-demographic dividend,EAR,2017,YR2017,178270493694.353,326787964.841898,219795837364.421,11335422969863.6
Early-demographic dividend,EAR,2018,YR2018,186955456590.85,350576700.187856,244161558291.944,11465084494129.5
Early-demographic dividend,EAR,2019,YR2019,185846485408.361,369336988.869679,266594979546.452,11696252034573.3
Early-demographic dividend,EAR,2020,YR2020,..,..,..,10909268111328.2
East Asia & Pacific,EAS,2016,YR2016,..,422310009.824166,..,22772302203840.8
East Asia & Pacific,EAS,2017,YR2017,..,449587158.558471,..,24324925891393
East Asia & Pacific,EAS,2018,YR2018,..,480202482.119432,..,26485229927652.4
East Asia & Pacific,EAS,2019,YR2019,..,490804002.09165,..,27023995393949
East Asia & Pacific,EAS,2020,YR2020,..,..,..,27144860679483.9
East Asia & Pacific (excluding high income),EAP,2016,YR2016,..,246129470.434008,..,13611836958159.3
East Asia & Pacific (excluding high income),EAP,2017,YR2017,..,267094231.846656,..,14876744560573.5
East Asia & Pacific (excluding high income),EAP,2018,YR2018,..,281129640.985927,..,16639892731999.3
East Asia & Pacific (excluding high income),EAP,2019,YR2019,..,292842169.375777,..,17207134431205.9
East Asia & Pacific (excluding high income),EAP,2020,YR2020,..,..,..,17487420266794.3
East Asia & Pacific (IDA & IBRD countries),TEA,2016,YR2016,..,243207453.386259,..,13594851920373.4
East Asia & Pacific (IDA & IBRD countries),TEA,2017,YR2017,..,263898378.255022,..,14858183903103.9
East Asia & Pacific (IDA & IBRD countries),TEA,2018,YR2018,..,277743234.61904,..,16619140999210.2
East Asia & Pacific (IDA & IBRD countries),TEA,2019,YR2019,..,289300101.805405,..,17185664986074.4
East Asia & Pacific (IDA & IBRD countries),TEA,2020,YR2020,..,..,..,17465598594220.7
Euro area,EMU,2016,YR2016,270138366471.857,590598000,297293396466.562,11973696253892.8
Euro area,EMU,2017,YR2017,298663421146.429,617852000,326730490336.465,12679719055232.6
Euro area,EMU,2018,YR2018,324974359715.612,638607601.5625,356076161403.959,13698192927474.5
Euro area,EMU,2019,YR2019,324149258676.854,655573447.522239,355218744907.194,13418360523881.5
Euro area,EMU,2020,YR2020,..,..,..,13086148411425.1
Europe & Central Asia,ECS,2016,YR2016,448970238541.501,1055431735.20262,477407366615.342,20419509740630.1
Europe & Central Asia,ECS,2017,YR2017,503747289464.858,1112981075.45227,531628546557.157,21655200512836.2
Europe & Central Asia,ECS,2018,YR2018,545834313437.512,1157868194.79519,584532109736.119,23193777815580.4
Europe & Central Asia,ECS,2019,YR2019,547492928570.908,1199188498.74821,589620761238.282,22910270792580.6
Europe & Central Asia,ECS,2020,YR2020,..,..,..,22150021659550.1
Europe & Central Asia (excluding high income),ECA,2016,YR2016,58941076538.0048,134101499.894963,64794278566.6343,2777867803805.59
Europe & Central Asia (excluding high income),ECA,2017,YR2017,72343375117.8486,149456827.794733,77226677470.1218,3118424956384.82
Europe & Central Asia (excluding high income),ECA,2018,YR2018,79423074237.7472,169084765.500036,89044934207.6748,3182909933137.88
Europe & Central Asia (excluding high income),ECA,2019,YR2019,82567114084.4852,180880471.54687,93373739042.8823,3248044237780.69
Europe & Central Asia (excluding high income),ECA,2020,YR2020,..,..,..,2990896567052.31
Europe & Central Asia (IDA & IBRD countries),TEC,2016,YR2016,68300773289.1304,274218218.147916,85964198034.1434,3485571017748.05
Europe & Central Asia (IDA & IBRD countries),TEC,2017,YR2017,83037467892.8839,294608725.405586,101716945309.785,3909150827560.03
Europe & Central Asia (IDA & IBRD countries),TEC,2018,YR2018,91384400506.6236,314784745.548675,115984030644.059,4076336318031.97
Europe & Central Asia (IDA & IBRD countries),TEC,2019,YR2019,94379487631.8316,331546366.211299,121077049953.365,4156449775997.6
Europe & Central Asia (IDA & IBRD countries),TEC,2020,YR2020,..,..,..,3899326823730.17
European Union,EUU,2016,YR2016,309087314096.998,870371000,357446356978,13889039447069.8
European Union,EUU,2017,YR2017,344050957736.601,910869000,395733644219.927,14764668937681.1
European Union,EUU,2018,YR2018,375317328796.361,938485601.5625,431696488610.397,15979881686055.6
European Union,EUU,2019,YR2019,375550608102.227,968873375.260994,432150008319.399,15692624900173
European Union,EUU,2020,YR2020,..,..,..,15370461303996.4
Fragile and conflict affected situations,FCS,2016,YR2016,32650144143.2217,..,27557594253.8476,1555352426735.14
Fragile and conflict affected situations,FCS,2017,YR2017,40237943893.0814,..,..,1645540777006.25
Fragile and conflict affected situations,FCS,2018,YR2018,47653655921.1816,..,..,1730287221140.22
Fragile and conflict affected situations,FCS,2019,YR2019,..,..,..,1826389026348.85
Fragile and conflict affected situations,FCS,2020,YR2020,..,..,..,1663072394700.79
Heavily indebted poor countries (HIPC),HPC,2016,YR2016,10878560152.5165,25289047.2324128,15777030392.8309,731974952060.25
Heavily indebted poor countries (HIPC),HPC,2017,YR2017,11066297328.2489,27119321.1667896,16462865233.7835,809850137940.151
Heavily indebted poor countries (HIPC),HPC,2018,YR2018,11938931650.7596,29458450.954646,19734803845.2177,771241850302.934
Heavily indebted poor countries (HIPC),HPC,2019,YR2019,12478988024.1891,29134874.0028677,20858320354.982,799160667507.735
Heavily indebted poor countries (HIPC),HPC,2020,YR2020,..,..,..,808664234946.38
High income,HIC,2016,YR2016,815711476166.757,1403510281.67581,989702994396.272,49306277527564.3
High income,HIC,2017,YR2017,882421696486.874,1453128423.16718,1059774547836.21,51570870016899.8
High income,HIC,2018,YR2018,950125360049.516,1491870217.10045,1147990968330.66,54839704976037.1
High income,HIC,2019,YR2019,959672417447.196,1522430052.79407,1152146571725.37,55315474922573.3
High income,HIC,2020,YR2020,..,..,..,53937976780898.1
IBRD only,IBD,2016,YR2016,359139098427.104,732382440.830946,..,25972093023068.7
IBRD only,IBD,2017,YR2017,411945706740.987,787599416.866195,..,28689022224808.4
IBRD only,IBD,2018,YR2018,434664588590.901,823988846.49919,..,30520147708890
IBRD only,IBD,2019,YR2019,447336475713.61,852166955.667661,..,31181885466267.4
IBRD only,IBD,2020,YR2020,..,..,..,30036645646514.1
IDA & IBRD total,IBT,2016,YR2016,385569763558.302,826247856.778612,..,28162575334751.8
IDA & IBRD total,IBT,2017,YR2017,444375885678.609,889465190.836547,..,30978325716193.1
IDA & IBRD total,IBT,2018,YR2018,476260989271.649,939010262.98174,..,32893629417407.6
IDA & IBRD total,IBT,2019,YR2019,494484195437.762,974462802.208958,..,33639428774236.2
IDA & IBRD total,IBT,2020,YR2020,..,..,..,32450856363672.7
IDA blend,IDB,2016,YR2016,13035814678.8607,..,7911800004.60148,977321951410.728
IDA blend,IDB,2017,YR2017,18164479575.6886,..,10151705391.7013,960023974850.292
IDA blend,IDB,2018,YR2018,24345076315.1049,..,10652993522.6195,1048863296886.91
IDA blend,IDB,2019,YR2019,28252107323.7521,..,10859684429.0933,1069700472074.97
IDA blend,IDB,2020,YR2020,..,..,..,1002567723026.3
IDA only,IDX,2016,YR2016,14254780934.8461,46337010.2452196,26758326392.2471,1211573767471.71
IDA only,IDX,2017,YR2017,14941721782.9039,50308715.5381637,28053764792.6281,1328753994737.09
IDA only,IDX,2018,YR2018,16440068107.5961,58328493.7275152,32347248555.226,1324642536591.81
IDA only,IDX,2019,YR2019,17082193037.9703,63144062.5081978,35608230395.6728,1387560546701.72
IDA only,IDX,2020,YR2020,..,..,..,1410929236494.54
IDA total,IDA,2016,YR2016,27144657870.8959,71605647.798736,33806058987.5273,2188895718882.44
IDA total,IDA,2017,YR2017,32752255830.3691,78201600.2766101,37443652752.52,2288777969587.38
IDA total,IDA,2018,YR2018,40201044515.955,93089667.6452262,42040713817.6538,2373505833478.72
IDA total,IDA,2019,YR2019,44683288685.967,100914423.764227,45396369606.8399,2457261018776.7
IDA total,IDA,2020,YR2020,..,..,..,2413496959520.84
Late-demographic dividend,LTE,2016,YR2016,..,479145118.671706,..,18593432462844.9
Late-demographic dividend,LTE,2017,YR2017,..,508820312.733723,..,20629823637317.1
Late-demographic dividend,LTE,2018,YR2018,..,532235103.181661,..,22621357448474.1
Late-demographic dividend,LTE,2019,YR2019,..,549832276.924528,..,23047283010403.6
Late-demographic dividend,LTE,2020,YR2020,..,..,..,22525940505680.5
Latin America & Caribbean,LCN,2016,YR2016,70244511260.5201,193556155.198286,93835317530.7462,5249746391043.57
Latin America & Caribbean,LCN,2017,YR2017,80940138324.0456,202720683.376421,98412826249.6212,5832610432359.4
Latin America & Caribbean,LCN,2018,YR2018,80791735173.5111,201522429.427424,101815368841.855,5706087467774.46
Latin America & Caribbean,LCN,2019,YR2019,75643090718.272,201856013.686497,104584816431.255,5622813152782.54
Latin America & Caribbean,LCN,2020,YR2020,..,..,..,4777568569259.72
Latin America & Caribbean (excluding high income),LAC,2016,YR2016,60398218880.574,156330000,71234508365.4837,4465515336167.3
Latin America & Caribbean (excluding high income),LAC,2017,YR2017,69958386559.3637,165093000,75265640563.8095,4980919738935.91
Latin America & Caribbean (excluding high income),LAC,2018,YR2018,69923884308.9573,164604173.905129,79006050569.6583,4836605850788.75
Latin America & Caribbean (excluding high income),LAC,2019,YR2019,64890411785.939,165233236.99443,81459149602.4918,4769077474514.31
Latin America & Caribbean (excluding high income),LAC,2020,YR2020,..,..,..,4020603113235.61
Latin America & the Caribbean (IDA & IBRD countries),TLA,2016,YR2016,66731592400.7148,165767000,76695528986.0043,5015399889886.8
Latin America & the Caribbean (IDA & IBRD countries),TLA,2017,YR2017,77049312751.9688,175407000,81435539842.3973,5593216809529.63
Latin America & the Caribbean (IDA & IBRD countries),TLA,2018,YR2018,77084923602.841,173715171.225937,85166901575.9189,5464428426578.1
Latin America & the Caribbean (IDA & IBRD countries),TLA,2019,YR2019,72084531612.9108,172908916.919959,86710962273.7145,5371331762438.8
Latin America & the Caribbean (IDA & IBRD countries),TLA,2020,YR2020,..,..,..,4529215519228.92
Least developed countries: UN classification,LDC,2016,YR2016,10733777448.6297,32624657.6546745,20172369303.0441,990949126516.125
Least developed countries: UN classification,LDC,2017,YR2017,11787174468.3176,34557520.6921775,21500887186.3327,1104009004406.99
Least developed countries: UN classification,LDC,2018,YR2018,12833855271.2691,38555567.9067446,24732461286.5662,1088187940163.63
Least developed countries: UN classification,LDC,2019,YR2019,13064499219.9862,40176417.3590637,26746319783.4889,1142396570094.39
Least developed countries: UN classification,LDC,2020,YR2020,..,..,..,1162434896497.14
Low & middle income,LMY,2016,YR2016,373672151753.453,673875108.775131,..,26916084709959.3
Low & middle income,LMY,2017,YR2017,431249374916.07,731331434.167185,..,29590502584084.8
Low & middle income,LMY,2018,YR2018,461791090870.065,782000891.14212,..,31364367229265.6
Low & middle income,LMY,2019,YR2019,480462685069.831,814041186.104538,..,32110421084434.4
Low & middle income,LMY,2020,YR2020,..,..,..,30983506895431.5
Low income,LIC,2016,YR2016,..,13028546.9680762,8614503881.66773,444439642488.111
Low income,LIC,2017,YR2017,..,14021098.7639868,8999448387.80904,491499092098.709
Low income,LIC,2018,YR2018,..,17021655.3602576,11679698812.7254,415816146816.49
Low income,LIC,2019,YR2019,..,17409971.529363,11751847677.4162,442286990942.081
Low income,LIC,2020,YR2020,..,..,..,436035519309.06
Lower middle income,LMC,2016,YR2016,98683577156.5498,146764495.238977,98018347429.2237,5997917461749.4
Lower middle income,LMC,2017,YR2017,111102900536.403,166574125.990859,118023139753.334,6447085710234.66
Lower middle income,LMC,2018,YR2018,121831731222.598,192813989.629173,133339168765.262,6606760498754.65
Lower middle income,LMC,2019,YR2019,133692161691.436,207722217.280817,145059485965.47,6874526773448.25
Lower middle income,LMC,2020,YR2020,..,..,..,6619062047763.54
Middle East & North Africa,MEA,2016,YR2016,111678748464.895,119350820.631413,103732379641.388,3213372950118.37
Middle East & North Africa,MEA,2017,YR2017,116785480649.745,127054293.453213,118782686001.923,3352271233734.46
Middle East & North Africa,MEA,2018,YR2018,114515524741.219,139804138.011964,131897142629.07,3516514202416.88
Middle East & North Africa,MEA,2019,YR2019,121506562095.784,152571279.95283,145143594987.669,3522808006382.47
Middle East & North Africa,MEA,2020,YR2020,..,..,..,3157878645367.9
Middle East & North Africa (excluding high income),MNA,2016,YR2016,35581693840.6059,41373623.8181917,35484947278.8251,1475844914342.24
Middle East & North Africa (excluding high income),MNA,2017,YR2017,38179709327.0039,48550026.9757678,43470158784.1131,1476907778479.73
Middle East & North Africa (excluding high income),MNA,2018,YR2018,35968285073.1716,58807590.7872825,49964342953.8253,1400046333583.24
Middle East & North Africa (excluding high income),MNA,2019,YR2019,42475887863.3529,65756226.1253439,55317558282.0073,1408624610717.23
Middle East & North Africa (excluding high income),MNA,2020,YR2020,..,..,..,1284929306042.49
Middle East & North Africa (IDA & IBRD countries),TMN,2016,YR2016,34963037871.1785,40984877.3879004,35252808777.8044,1460439514342.24
Middle East & North Africa (IDA & IBRD countries),TMN,2017,YR2017,37365133167.8178,48055307.589623,43252384809.6557,1460779778479.73
Middle East & North Africa (IDA & IBRD countries),TMN,2018,YR2018,35139572487.2867,58212100.3830495,49728453994.3907,1383769733583.24
Middle East & North Africa (IDA & IBRD countries),TMN,2019,YR2019,41590616262.2523,65078454.6035971,55056396011.2723,1391491110717.23
Middle East & North Africa (IDA & IBRD countries),TMN,2020,YR2020,..,..,..,1269397606042.49
Middle income,MIC,2016,YR2016,370550371789.023,655230626.632627,..,26474239454559.9
Middle income,MIC,2017,YR2017,428390598754.961,711194514.825387,..,29101978685393.7
Middle income,MIC,2018,YR2018,457525121448.75,758857901.867136,..,30947243041064.9
Middle income,MIC,2019,YR2019,476053588021.242,790163362.933784,..,31667498458543.1
Middle income,MIC,2020,YR2020,..,..,..,30547251417512
North America,NAC,2016,YR2016,175498960453.926,206045484.375,291480722526.511,20230005494907.4
North America,NAC,2017,YR2017,188118361696.46,206060750,298204194729.914,21133744509244.1
North America,NAC,2018,YR2018,210049062192.74,201364921.875,308764195752.146,22265581227435.8
North America,NAC,2019,YR2019,221039312133.268,198713000,305557753783.124,23132124767672.5
North America,NAC,2020,YR2020,..,..,..,22714959162302.7
Not classified,INX,2016,YR2016,..,..,..,..
Not classified,INX,2017,YR2017,..,..,..,..
Not classified,INX,2018,YR2018,..,..,..,..
Not classified,INX,2019,YR2019,..,..,..,..
Not classified,INX,2020,YR2020,..,..,..,..
OECD members,OED,2016,YR2016,687110532425.969,1244329484.375,847291744905.13,48327404425594.2
OECD members,OED,2017,YR2017,749861622433.557,1299260750,907571275803.942,50447226919268.8
OECD members,OED,2018,YR2018,815783975182.137,1331200523.4375,984306024850.827,53371534234287
OECD members,OED,2019,YR2019,819227741323.025,1364524985.83971,997063700763.716,53878159069137.1
OECD members,OED,2020,YR2020,..,..,..,52536127270671.7
Other small states,OSS,2016,YR2016,..,46851127.1015183,..,366511615959.013
Other small states,OSS,2017,YR2017,..,49979552.7638719,..,399126295563.396
Other small states,OSS,2018,YR2018,..,51524462.8351512,..,443078577997.35
Other small states,OSS,2019,YR2019,..,51930012.4665974,..,434119014495.412
Other small states,OSS,2020,YR2020,..,..,..,378201169802.007
Pacific island small states,PSS,2016,YR2016,354170591.39543,1836886.92745203,1932423304.09539,9504027364.77267
Pacific island small states,PSS,2017,YR2017,380107903.416899,1885809.47177424,2029445731.80946,10256678899.6612
Pacific island small states,PSS,2018,YR2018,392453079.830626,1928869.84006484,2248465667.51225,10760671502.4149
Pacific island small states,PSS,2019,YR2019,..,1752269.77187474,2233673134.26989,10739835368.721
Pacific island small states,PSS,2020,YR2020,..,..,..,9531900179.0281
Post-demographic dividend,PST,2016,YR2016,747279720744.592,1175947745.43724,880103292404.246,45593085156267.7
Post-demographic dividend,PST,2017,YR2017,815002079616.398,1223167398.08182,934170637887.963,47535727573455.9
Post-demographic dividend,PST,2018,YR2018,879273030462.31,1257774889.54502,1011618616788.33,50385041767149.9
Post-demographic dividend,PST,2019,YR2019,887822263226.139,1275198369.71218,1000792534069.71,50880064647603.9
Post-demographic dividend,PST,2020,YR2020,..,..,..,49719390050877.1
Pre-demographic dividend,PRE,2016,YR2016,21759323962.9429,24362726.9411335,16057706734.3352,1217513931539.13
Pre-demographic dividend,PRE,2017,YR2017,27052614478.0731,..,18096161335.8605,1294933204784.59
Pre-demographic dividend,PRE,2018,YR2018,32880665576.2253,..,17270492333.849,1348307586808.15
Pre-demographic dividend,PRE,2019,YR2019,40772702771.6661,..,19266611570.16,1421160801515.26
Pre-demographic dividend,PRE,2020,YR2020,..,..,..,1308382294199.16
Small states,SST,2016,YR2016,28133098541.8842,71729395.1557745,44254737521.3257,446993497560.633
Small states,SST,2017,YR2017,27312534537.9208,75794208.0555262,50207227370.4229,482865468720.16
Small states,SST,2018,YR2018,26566855896.899,78864839.6236104,51565534601.5637,530086499061.063
Small states,SST,2019,YR2019,27947788358.1123,79086475.9232005,52579729788.3253,522141646080.053
Small states,SST,2020,YR2020,..,..,..,453727992926.427
South Asia,SAS,2016,YR2016,26375000000,22126613.5453606,32045300003.0518,3010757329892.83
South Asia,SAS,2017,YR2017,30156000000,23793410.4549282,37826000000,3433883301221.75
South Asia,SAS,2018,YR2018,34077000000,26712613.6296487,39918000000,3534209044993.87
South Asia,SAS,2019,YR2019,36797000000,27102764.1528023,41884000000,3658004814522.01
South Asia,SAS,2020,YR2020,..,..,..,3490012356687.83
South Asia (IDA & IBRD),TSA,2016,YR2016,..,21438691.3878082,..,3010757329892.83
South Asia (IDA & IBRD),TSA,2017,YR2017,..,23053667.1488805,..,3433883301221.75
South Asia (IDA & IBRD),TSA,2018,YR2018,..,25882111.5392904,..,3534209044993.87
South Asia (IDA & IBRD),TSA,2019,YR2019,..,26260132.181425,..,3658004814522.01
South Asia (IDA & IBRD),TSA,2020,YR2020,..,..,..,3490012356687.83
Sub-Saharan Africa,SSF,2016,YR2016,22844780213.6159,51223036.3828596,29035443371.1273,1576539841411.97
Sub-Saharan Africa,SSF,2017,YR2017,28337369623.2333,52899581.2058794,33098286015.6402,1705941956337.72
Sub-Saharan Africa,SSF,2018,YR2018,34491411433.4395,56673405.0653589,35520914706.5393,1774221939062.45
Sub-Saharan Africa,SSF,2019,YR2019,38074663904.3073,56014499.1539477,34919262972.8354,1823372470680
Sub-Saharan Africa,SSF,2020,YR2020,..,..,..,1714053357042.69
Sub-Saharan Africa (excluding high income),SSA,2016,YR2016,22749442505.7485,50877194.3830237,28500418419.092,1575080887302.15
Sub-Saharan Africa (excluding high income),SSA,2017,YR2017,28230462732.7343,52496629.8574719,32478410641.1158,1704412183051.23
Sub-Saharan Africa (excluding high income),SSA,2018,YR2018,34389991449.2673,56247033.3736039,34873646197.8402,1772634125817.16
Sub-Saharan Africa (excluding high income),SSA,2019,YR2019,37965612630.2,55555231.2954125,34263192235.3189,1821727380112.95
Sub-Saharan Africa (excluding high income),SSA,2020,YR2020,..,..,..,1712869841645.04
Sub-Saharan Africa (IDA & IBRD countries),TSS,2016,YR2016,22844780213.6159,51223036.3828596,29035443371.1273,1576539841411.97
Sub-Saharan Africa (IDA & IBRD countries),TSS,2017,YR2017,28337369623.2333,52899581.2058794,33098286015.6402,1705941956337.72
Sub-Saharan Africa (IDA & IBRD countries),TSS,2018,YR2018,34491411433.4395,56673405.0653589,35520914706.5393,1774221939062.45
Sub-Saharan Africa (IDA & IBRD countries),TSS,2019,YR2019,38074663904.3073,56014499.1539477,34919262972.8354,1823372470680
Sub-Saharan Africa (IDA & IBRD countries),TSS,2020,YR2020,..,..,..,1714053357042.69
Upper middle income,UMC,2016,YR2016,..,498471214.239233,..,20476321992810.5
Upper middle income,UMC,2017,YR2017,..,534415314.856608,..,22654892975159
Upper middle income,UMC,2018,YR2018,..,556608632.209134,..,24340482542310.3
Upper middle income,UMC,2019,YR2019,..,573310641.28494,..,24792971685094.9
Upper middle income,UMC,2020,YR2020,..,..,..,23928189369748.5
World,WLD,2016,YR2016,1193724367473.88,2140443306.01389,1541142563377.13,76486454870400.4
World,WLD,2017,YR2017,1314055927207.01,2248870723.88107,1681211087096.03,81442048665487.8
World,WLD,2018,YR2018,1412736992372.23,2339399881.49679,1829956003842.39,86502223934428.3
World,WLD,2019,YR2019,1439120572186.1,2403074088.46029,1863068555520.54,87728102156402.9
World,WLD,2020,YR2020,..,..,..,85215150558552.1
,,,,,,,
,,,,,,,
,,,,,,,
Data from database: World Development Indicators,,,,,,,
Last Updated: 09/19/2023,,,,,,,
