Time,Time Code,Country Name,Country Code,"International tourism, expenditures (current US$) [ST.INT.XPND.CD]","International tourism, receipts (current US$) [ST.INT.RCPT.CD]","International tourism, number of arrivals [ST.INT.ARVL]","International tourism, number of departures [ST.INT.DPRT]",GDP (current US$) [NY.GDP.MKTP.CD],"Population, total [SP.POP.TOTL]"
2016,YR2016,Afghanistan,AFG,89000000,62000000,..,..,18019554403.4503,34636207
2016,YR2016,Albania,ALB,1338000000,1821000000,4736000,4852000,11861199830.8396,2876101
2016,YR2016,Algeria,DZA,556000000,246000000,2039000,4530000,160034212613.438,40339329
2016,YR2016,American Samoa,ASM,..,22000000,20100.0003814697,..,671000000,50448
2016,YR2016,Andorra,AND,..,..,8025000,..,2896610479.86779,72540
2016,YR2016,Angola,AGO,823000000,628000000,397000,..,49840491178.1518,29154746
2016,YR2016,Antigua and Barbuda,ATG,101000000,844000000,874000,..,1436585185.18519,90564
2016,YR2016,Argentina,ARG,12273000000,5466000000,6668000,18645000,557532317363.451,43590368
2016,YR2016,Armenia,ARM,1033000000,1037000000,1260000,1263000,10546136240.3952,2865835
2016,YR2016,Aruba,ABW,319000000,1757000000,1758000,..,2983798882.68156,104874
2016,YR2016,Australia,AUS,35718000000,39059000000,8269000,10390000,1206562910556.58,24190907
2016,YR2016,Austria,AUT,11634000000,20965000000,28121000,11534000,395837353031.51,8736668
2016,YR2016,Azerbaijan,AZE,2593000000,2855000000,2249000,4282000,37867007022.7844,9757812
2016,YR2016,"Bahamas, The",BHS,440000000,3091000000,6265000,..,11750800000,395976
2016,YR2016,Bahrain,BHR,3267000000,4021000000,10158000,3293000,32234973404.2553,1409661
2016,YR2016,Bangladesh,BGD,843000000,214300003.051758,182000,..,265236389198.948,159784568
2016,YR2016,Barbados,BRB,99000000,1071000000,1227000,..,4832811750,278649
2016,YR2016,Belarus,BLR,891000000,1019000000,10935000,8340000,47723549319.0842,9469379
2016,YR2016,Belgium,BEL,16522000000,8784000000,7481000,13372000,476062757356.94,11331422
2016,YR2016,Belize,BLZ,55000000,..,1391000,..,2258500000,367313
2016,YR2016,Benin,BEN,87000000,129000000,292000,..,11821065852.127,11260085
2016,YR2016,Bermuda,BMU,373000000,440000000,642000,..,6899911000,64554
2016,YR2016,Bhutan,BTN,52000000,139000000,210000,..,2158971717.50418,749761
2016,YR2016,Bolivia,BOL,960000000,827000000,961000,940000,33941126193.9219,11263015
2016,YR2016,Bosnia and Herzegovina,BIH,290000000,875000000,778000,..,17116926092.3905,3480986
2016,YR2016,Botswana,BWA,237100006.103516,505000000,1712000,..,15082636722.856,2352416
2016,YR2016,Brazil,BRA,17068000000,6613000000,6547000,8872000,1795693265824.27,206859578
2016,YR2016,British Virgin Islands,VGB,..,..,408000,..,..,29739
2016,YR2016,Brunei Darussalam,BRN,499000000,144000000,4257000,..,11400467372.4943,425994
2016,YR2016,Bulgaria,BGR,1636000000,4148000000,10604000,5392000,53987487124.3421,7127822
2016,YR2016,Burkina Faso,BFA,176000000,172000000,152000,..,12833363043.9719,19275498
2016,YR2016,Burundi,BDI,..,..,187000,..,2644487777.23693,10903327
2016,YR2016,Cabo Verde,CPV,79000000,397000000,598000,..,1849789992.74328,558394
2016,YR2016,Cambodia,KHM,762000000,3523000000,5012000,1434000,20016747858.3122,15624584
2016,YR2016,Cameroon,CMR,818000000,508000000,994000,..,33814337040.7804,23711630
2016,YR2016,Canada,CAN,..,..,30142000,52979000,1527994741907.43,36109487
2016,YR2016,Cayman Islands,CYM,194000000,708000000,2097000,..,4909322200.00212,62255
2016,YR2016,Central African Republic,CAF,..,..,82000,..,1825018144.46187,4904177
2016,YR2016,Chad,TCD,..,..,98000,56000,10097778097.0969,14592585
2016,YR2016,Channel Islands,CHI,..,..,..,..,9511207129.35458,163721
2016,YR2016,Chile,CHL,2733000000,3744000000,6712000,4269000,249298706449.182,18083879
2016,YR2016,China,CHN,..,..,141774000,135130000,11233314018690.1,1387790000
2016,YR2016,Colombia,COL,4891000000,5631000000,3675000,3795000,282720100286.228,47625955
2016,YR2016,Comoros,COM,38000000,50500000,26799.9992370605,..,1012835492.51585,746232
2016,YR2016,"Congo, Dem. Rep.",COD,60000000,4300000,351000,424000,37134801548.836,81430977
2016,YR2016,"Congo, Rep.",COG,457000000,42900001.5258789,213000,..,10219341017.1383,5186824
2016,YR2016,Costa Rica,CRI,1055000000,3776000000,3204000,1036000,58847019584.9144,4945205
2016,YR2016,Cote d'Ivoire,CIV,491000000,477000000,1583000,..,48407761031.6758,24213622
2016,YR2016,Croatia,HRV,954000000,9215000000,57587000,2581000,52391038979.0338,4174349
2016,YR2016,Cuba,CUB,..,3069000000,4009000,385000,91370000000,11342012
2016,YR2016,Curacao,CUW,428000000,644000000,944000,..,3014748603.35196,159664
2016,YR2016,Cyprus,CYP,1559318481.44531,2870000000,3286000,1268000,21046452117.3765,1197881
2016,YR2016,Czechia,CZE,4962000000,7041000000,32519000,6027000,196272068576.338,10566332
2016,YR2016,Denmark,DNK,9174000000,7494000000,28692000,9651000,313115929314.339,5728010
2016,YR2016,Djibouti,DJI,..,33500000,..,..,2604955228.70117,1023261
2016,YR2016,Dominica,DMA,33000000,198000000,356000,..,576229629.62963,70075
2016,YR2016,Dominican Republic,DOM,882000000,6720000000,6769000,500000,75704647977.2591,10527592
2016,YR2016,Ecuador,ECU,1454000000,1729000000,1569000,1366000,99937696000,16439585
2016,YR2016,"Egypt, Arab Rep.",EGY,4351000000,3306000000,5399000,..,332441717791.411,99784030
2016,YR2016,El Salvador,SLV,451000000,1161000000,2052000,1804000,24191430000,6250510
2016,YR2016,Equatorial Guinea,GNQ,..,..,..,..,11240808846.6924,1398927
2016,YR2016,Eritrea,ERI,..,48000000,142000,..,..,3365287
2016,YR2016,Estonia,EST,1299000000,1911000000,5942000,1339000,24072829276.775,1315790
2016,YR2016,Eswatini,SWZ,33000000,13199999.8092651,1279000,1789000,3816019222.86268,1142524
2016,YR2016,Ethiopia,ETH,461000000,2138000000,871000,..,74296745599.0048,105293228
2016,YR2016,Faroe Islands,FRO,..,..,..,..,2813278761.27524,49500
2016,YR2016,Fiji,FJI,119000000,1149000000,963000,156000,4930213787.50451,918371
2016,YR2016,Finland,FIN,6199000000,4017000000,2789000,10278000,240771351298.84,5495303
2016,YR2016,France,FRA,49029000000,63557000000,203042000,29636000,2472964344587.23,66724104
2016,YR2016,French Polynesia,PYF,226000000,782000000,241000,48000,5497036486.74487,293541
2016,YR2016,Gabon,GAB,..,..,..,..,14023890263.875,2086206
2016,YR2016,"Gambia, The",GMB,7199999.80926514,88000000,450000,..,1484578897.15783,2317206
2016,YR2016,Georgia,GEO,706000000,2315000000,5393000,3400000,15141598622.5692,3727505
2016,YR2016,Germany,DEU,87412000000,52234000000,35555000,90966000,3469853463945.63,82348669
2016,YR2016,Ghana,GHA,1571000000,952000000,..,..,56164933479.4044,29554303
2016,YR2016,Gibraltar,GIB,..,..,..,..,..,32565
2016,YR2016,Greece,GRC,3412000000,16811000000,28071000,7235000,193148146586.938,10775971
2016,YR2016,Greenland,GRL,..,..,..,..,2707146783.13056,56186
2016,YR2016,Grenada,GRD,40000000,437000000,474000,..,1061640740.74074,119966
2016,YR2016,Guam,GUM,..,..,1536000,..,5901000000,168346
2016,YR2016,Guatemala,GTM,1032000000,1202699951.17188,1906000,1195000,66053402744.7267,15827690
2016,YR2016,Guinea,GIN,16299999.2370605,16600000.3814697,63000,..,8595955600.7877,11930985
2016,YR2016,Guinea-Bissau,GNB,..,..,45200.0007629395,..,1179004911.26075,1834552
2016,YR2016,Guyana,GUY,..,..,235000,..,4482697336.56174,759087
2016,YR2016,Haiti,HTI,503000000,511000000,1153000,..,14069277532.4999,10713849
2016,YR2016,Honduras,HND,482000000,585000000,2228000,1121000,21717604580.8627,9460798
2016,YR2016,"Hong Kong SAR, China",HKG,24141000000,37838000000,56655000,91758000,320860317562.562,7336600
2016,YR2016,Hungary,HUN,2738000000,7481000000,52890000,18895000,128609822750.039,9814023
2016,YR2016,Iceland,ISL,..,..,1891000,536000,20793168030.9524,335439
2016,YR2016,India,IND,19184000000,23111000000,14570000,21872000,2294796889945.04,1338636340
2016,YR2016,Indonesia,IDN,9932000000,12566000000,11519000,8340000,931877364033.902,261850182
2016,YR2016,"Iran, Islamic Rep.",IRN,11142000000,4634000000,4942000,9007000,457954614595.24,83306231
2016,YR2016,Iraq,IRQ,7647000000,3120000000,..,..,166602488747.885,38697943
2016,YR2016,Ireland,IRL,6234000000,12649000000,10100000,7646000,299091127524.513,4755335
2016,YR2016,Isle of Man,IMN,..,..,..,..,6846373276.62067,83450
2016,YR2016,Israel,ISR,8210000000,6616000000,3070000,6781000,322102790386.835,8546000
2016,YR2016,Italy,ITA,30584000000,42423000000,84925000,57480000,1877071687633.83,60627498
2016,YR2016,Jamaica,JAM,413000000,..,3837000,..,14077105502.9175,2802695
2016,YR2016,Japan,JPN,25968000000,33456000000,24039000,17116000,5003677627544.24,127076000
2016,YR2016,Jordan,JOR,1367000000,4943000000,4236000,1511000,39892551126.7606,9964656
2016,YR2016,Kazakhstan,KAZ,2580000000,2038000000,6509000,9756000,137278320084.171,17794055
2016,YR2016,Kenya,KEN,..,1472000000,1340000,..,74815143796.3978,47894670
2016,YR2016,Kiribati,KIR,..,..,7599.99990463257,..,178507958.050329,118513
2016,YR2016,"Korea, Dem. People's Rep.",PRK,..,..,..,..,..,25389611
2016,YR2016,"Korea, Rep.",KOR,29817000000,20924000000,17242000,22383000,1500111596236.37,51217803
2016,YR2016,Kosovo,XKX,..,..,..,..,6682674062.9615,1777557
2016,YR2016,Kuwait,KWT,13232000000,831000000,7055000,..,109406169162.833,4048085
2016,YR2016,Kyrgyz Republic,KGZ,582000000,477000000,3853000,4185000,6813095396.14317,6079500
2016,YR2016,Lao PDR,LAO,912099975.585938,717000000,4239000,3059000,15912495368.8717,6891363
2016,YR2016,Latvia,LVA,..,..,6797000,1939000,28083597512.4849,1959537
2016,YR2016,Lebanon,LBN,5252000000,7373000000,1688000,..,51147308773.9304,6258619
2016,YR2016,Lesotho,LSO,262000000,..,1196000,..,2114426468.65681,2143872
2016,YR2016,Liberia,LBR,..,..,..,..,3398419600,4706097
2016,YR2016,Libya,LBY,813000000,..,..,..,49912085228.3487,6282196
2016,YR2016,Liechtenstein,LIE,..,..,69099.9984741211,..,6237299538.02934,37609
2016,YR2016,Lithuania,LTU,..,..,5322000,4143000,43047309305.7375,2868231
2016,YR2016,Luxembourg,LUX,2048000000,5606000000,1054000,1588000,62216885435.9505,582014
2016,YR2016,"Macao SAR, China",MAC,1500000000,31155000000,30950000,1251000,45070807279.6288,626688
2016,YR2016,Madagascar,MDG,300000000,912000000,333000,..,11848613859.5279,25501941
2016,YR2016,Malawi,MWI,100000000,30000000,849000,..,7909868618.46366,17405624
2016,YR2016,Malaysia,MYS,11339000000,19682000000,26757000,..,301255332137.075,31526418
2016,YR2016,Maldives,MDV,347000000,2640000000,1286000,..,4379134272.943,454252
2016,YR2016,Mali,MLI,213000000,201600006.103516,173000,..,14026048334.2131,18700106
2016,YR2016,Malta,MLT,..,..,2592000,550000,11667976402.763,455356
2016,YR2016,Marshall Islands,MHL,27000000,30399999.6185303,5400.00009536743,..,200716000,48329
2016,YR2016,Mauritania,MRT,74000000,33000000,..,..,6398741855.76276,4051890
2016,YR2016,Mauritius,MUS,683000000,1824000000,1307000,260000,12594155346.298,1263747
2016,YR2016,Mexico,MEX,12823000000,20619000000,94853000,97372000,1078493059306.95,121519221
2016,YR2016,"Micronesia, Fed. Sts.",FSM,..,..,29600.0003814697,..,332265200,109925
2016,YR2016,Moldova,MDA,334000000,344000000,121000,177000,7982450758.03213,2803186
2016,YR2016,Monaco,MCO,..,..,336000,..,6472837332.95721,37071
2016,YR2016,Mongolia,MNG,536000000,379000000,471000,..,11181350649.2247,3029555
2016,YR2016,Montenegro,MNE,91000000,978000000,1662000,..,4376929571.63114,622303
2016,YR2016,Morocco,MAR,2312000000,7922000000,10677000,1864000,111572946646.535,35107264
2016,YR2016,Mozambique,MOZ,290000000,114000000,1715000,..,11936993086.9579,27696493
2016,YR2016,Myanmar,MMR,201000000,2289000000,2907000,..,60291738934.7768,51892349
2016,YR2016,Namibia,NAM,82000000,295000000,1551000,..,10722018975.0783,2323352
2016,YR2016,Nauru,NRU,10000000,3400000,..,..,97541914.5833045,11437
2016,YR2016,Nepal,NPL,634000000,498000000,753000,..,24524109484.7453,27861186
2016,YR2016,Netherlands,NLD,20188800781.25,19421800781.25,15828000,18152000,784060430240.101,17030314
2016,YR2016,New Caledonia,NCL,252000000,248000000,116000,134000,8724568970.67697,270220
2016,YR2016,New Zealand,NZL,4010000000,9773000000,3494000,2611000,188838342527.975,4714100
2016,YR2016,Nicaragua,NIC,310000000,..,1596000,981000,13286066154.9603,6389235
2016,YR2016,Niger,NER,110000000,84000000,152000,..,10398861980.6524,20921743
2016,YR2016,Nigeria,NGA,4524000000,1088000000,5265000,..,404649048648.026,188666931
2016,YR2016,North Macedonia,MKD,204000000,283000000,510000,..,10672467073.2873,2072490
2016,YR2016,Northern Mariana Islands,MNP,..,..,531000,..,1230000000,51133
2016,YR2016,Norway,NOR,16384000000,6285000000,5960000,8030000,370956547619.048,5234519
2016,YR2016,Oman,OMN,2643000000,2324000000,3207000,5902000,75128738621.5865,4398070
2016,YR2016,Pakistan,PAK,2931000000,790000000,..,..,313629998960.445,213524840
2016,YR2016,Palau,PLW,23799999.2370605,148000000,138000,..,298300000,17816
2016,YR2016,Panama,PAN,1351000000,6283000000,2379000,1051000,57907700000,4026336
2016,YR2016,Papua New Guinea,PNG,126599998.474121,1600000.02384186,198000,..,20758874952.5805,8899169
2016,YR2016,Paraguay,PRY,512000000,356000000,4318000,1503000,36089550671.834,6266615
2016,YR2016,Peru,PER,2700000000,4288000000,4718000,2751000,191898127860.843,31132779
2016,YR2016,Philippines,PHL,11681000000,6289000000,5967000,5703000,318627003965.989,104875266
2016,YR2016,Poland,POL,8509000000,11922000000,80476000,44500000,470024559638.496,37970087
2016,YR2016,Portugal,PRT,4707000000,17347000000,13359000,1941000,206426152308.937,10325452
2016,YR2016,Puerto Rico,PRI,1059000000,3974000000,5003000,789000,104336700000,3406672
2016,YR2016,Qatar,QAT,13152000000,12593000000,2938000,..,151732181868.132,2595166
2016,YR2016,Romania,ROU,2910000000,2474000000,10223000,16128000,185287615324.922,19702267
2016,YR2016,Russian Federation,RUS,27654000000,12822000000,24571000,31659000,1276786344534.27,144342397
2016,YR2016,Rwanda,RWA,364000000,443000000,1377000,..,8695318854.11055,11930899
2016,YR2016,Samoa,WSM,2099999.90463257,148699996.948242,146000,..,843924750.673535,205544
2016,YR2016,San Marino,SMR,..,..,2000000,..,1468342430.68836,33834
2016,YR2016,Sao Tome and Principe,STP,..,69100000,28899.9996185303,..,345495614.979982,204632
2016,YR2016,Saudi Arabia,SAU,17671000000,13438000000,20887000,27618000,665999879694.192,33416270
2016,YR2016,Senegal,SEN,277000000,439000000,1219000,..,19040312331.1615,14751356
2016,YR2016,Serbia,SRB,1351000000,1461000000,1281000,..,40692661657.284,7058322
2016,YR2016,Seychelles,SYC,92000000,505000000,333000,68000,1458954109.81959,94677
2016,YR2016,Sierra Leone,SLE,36500000,41000000,60000,92000,3862721204.61052,7493913
2016,YR2016,Singapore,SGP,23957000000,18944000000,16403000,9474000,319029973659.293,5607283
2016,YR2016,Sint Maarten (Dutch part),SXM,114000000,871000000,2197000,..,1263687150.83799,39969
2016,YR2016,Slovak Republic,SVK,2420000000,2812000000,17376000,3095000,89952699524.8965,5430798
2016,YR2016,Slovenia,SVN,1483800048.82813,2717899902.34375,3397000,5408000,44766722790.5838,2065042
2016,YR2016,Solomon Islands,SLB,74900001.5258789,71000000,23200.0007629395,..,1379490315.02286,628102
2016,YR2016,Somalia,SOM,..,..,..,..,5534000000,14292847
2016,YR2016,South Africa,ZAF,5354000000,8807000000,15121000,..,323585509674.481,56422274
2016,YR2016,South Sudan,SSD,323000000,23500000,..,..,..,11066105
2016,YR2016,Spain,ESP,..,..,115561000,18277000,1233554967011.71,46484062
2016,YR2016,Sri Lanka,LKA,2295000000,4591000000,2168000,1448000,88012281909.7522,21425494
2016,YR2016,St. Kitts and Nevis,KNA,51000000,332000000,1055000,..,1008100000,47788
2016,YR2016,St. Lucia,LCA,78000000,776000000,948000,..,1865444444.44444,176413
2016,YR2016,St. Martin (French part),MAF,..,..,..,..,..,34811
2016,YR2016,St. Vincent and the Grenadines,VCT,41000000,221300003.051758,227000,..,814302267.073348,105963
2016,YR2016,Sudan,SDN,203000000,1009000000,800000,..,102943515502.994,39377169
2016,YR2016,Suriname,SUR,112000000,74000000,257000,..,3317421499.77314,581453
2016,YR2016,Sweden,SWE,..,..,6782000,..,515654671469.547,9923085
2016,YR2016,Switzerland,CHE,19941000000,19787000000,10402000,21536000,687895460902.713,8373338
2016,YR2016,Syrian Arab Republic,SYR,..,..,1043000,..,12598742886.9368,18964252
2016,YR2016,Tajikistan,TJK,24600000.3814697,149600006.103516,344000,22000,6992416096.89018,8725318
2016,YR2016,Tanzania,TZA,992000000,2149000000,1284000,..,49774004999.2038,54401802
2016,YR2016,Thailand,THA,11267000000,48459000000,32530000,8204000,413366345843.744,70607037
2016,YR2016,Timor-Leste,TLS,118000000,58000000,65599.9984741211,..,1650619400,1224562
2016,YR2016,Togo,TGO,55000000,223000000,338000,191000,6031632014.86013,7661354
2016,YR2016,Tonga,TON,23799999.2370605,52700000.7629395,86699.9969482422,..,420548768.072805,105707
2016,YR2016,Trinidad and Tobago,TTO,230000000,708000000,492000,..,23496215880.5212,1469330
2016,YR2016,Tunisia,TUN,823000000,1706000000,5724000,1830000,44360065796.6202,11685667
2016,YR2016,Turkiye,TUR,5698000000,26505000000,30907000,7892000,869682954136.208,81019394
2016,YR2016,Turkmenistan,TKM,..,..,..,..,36169428571.4286,5868561
2016,YR2016,Turks and Caicos Islands,TCA,..,..,1296000,..,1032452000,38246
2016,YR2016,Tuvalu,TUV,11399999.6185303,..,2500,..,41629064.9653416,10852
2016,YR2016,Uganda,UGA,309000000,1118000000,1323000,568000,29203988697.459,38748299
2016,YR2016,Ukraine,UKR,6306000000,1723000000,13734000,25226000,93355868977.6619,45004673
2016,YR2016,United Arab Emirates,ARE,17127259765.625,28657400390.625,20894000,18728000,369255326235.534,8994263
2016,YR2016,United Kingdom,GBR,..,..,39129000,81757000,2699659680997.2,65611593
2016,YR2016,United States,USA,147640000000,228549000000,175261484.375,141526000,18695110842000,323071755
2016,YR2016,Uruguay,URY,1079000000,2396000000,3632000,1715000,57480788380.312,3413766
2016,YR2016,Uzbekistan,UZB,1832000000,579000000,2027000,3848000,86138288633.2241,31847900
2016,YR2016,Vanuatu,VUT,28000000,275000000,351600.006103516,20299.9992370605,780889605.899977,283218
2016,YR2016,"Venezuela, RB",VEN,2920000000,546000000,681000,1530000,..,30741464
2016,YR2016,Vietnam,VNM,4500000000,8500000000,10013000,..,257096001174.075,93126529
2016,YR2016,Virgin Islands (U.S.),VIR,..,1343000000,2574000,..,3798000000,107516
2016,YR2016,West Bank and Gaza,PSE,620000000,235000000,400000,..,15405400000,4367088
2016,YR2016,"Yemen, Rep.",YEM,56000000,116000000,..,..,31317824906.4358,29274002
2016,YR2016,Zambia,ZMB,423000000,..,956000,..,20958412538.3093,16767761
2016,YR2016,Zimbabwe,ZWE,406000000,194000000,2168000,3192000,20548678100,14452704
2017,YR2017,Afghanistan,AFG,130000000,16000000,..,..,18896353155.8839,35643418
2017,YR2017,Albania,ALB,1473000000,2050000000,5118000,5186000,13019726211.7369,2873457
2017,YR2017,Algeria,DZA,632000000,171000000,2451000,5058000,170096989042.831,41136546
2017,YR2017,American Samoa,ASM,..,22000000,20000,..,612000000,49463
2017,YR2017,Andorra,AND,..,..,8152000,..,3000162081.22356,73837
2017,YR2017,Angola,AGO,1216000000,884000000,261000,..,68972769395.6274,30208628
2017,YR2017,Antigua and Barbuda,ATG,106000000,820000000,1040000,..,1467955555.55556,91119
2017,YR2017,Argentina,ARG,14180000000,5830000000,6711000,21583000,643628396190.388,44044811
2017,YR2017,Armenia,ARM,1218000000,1224000000,1495000,1482000,11527458712.6187,2851923
2017,YR2017,Aruba,ABW,349000000,1855000000,1863000,..,3092178770.94972,105439
2017,YR2017,Australia,AUS,39710000000,43975000000,8815000,10932000,1326467487376.42,24594202
2017,YR2017,Austria,AUT,12878000000,22424000000,29460000,11491000,417261151844.981,8797566
2017,YR2017,Azerbaijan,AZE,2803000000,3214000000,2697000,4109000,40866632047.8414,9854033
2017,YR2017,"Bahamas, The",BHS,554000000,2951000000,6136000,..,12253500000,399020
2017,YR2017,Bahrain,BHR,3178000000,4380000000,11374000,3136000,35473776595.7447,1456834
2017,YR2017,Bangladesh,BGD,1127000000,348000000,237000,..,293754769935.148,161793964
2017,YR2017,Barbados,BRB,..,..,1345000,..,4981588900,279187
2017,YR2017,Belarus,BLR,1082000000,1124500000,11060000,9209000,54725311690.0478,9458989
2017,YR2017,Belgium,BEL,17835000000,9636000000,8385000,12142000,502764720556.358,11375158
2017,YR2017,Belize,BLZ,53000000,..,1441000,..,2286000000,374693
2017,YR2017,Benin,BEN,148000000,160000000,307000,..,12701655845.9622,11596779
2017,YR2017,Bermuda,BMU,369000000,513000000,688000,..,7142316000,63873
2017,YR2017,Bhutan,BTN,63000000,153000000,255000,..,2450366107.88229,756121
2017,YR2017,Bolivia,BOL,997000000,928000000,1109000,997000,37508642170.767,11435533
2017,YR2017,Bosnia and Herzegovina,BIH,346000000,984000000,923000,..,18326376394.0796,3440027
2017,YR2017,Botswana,BWA,253300003.051758,542010009.765625,1775000,..,16105156375.5848,2401840
2017,YR2017,Brazil,BRA,22991000000,6175000000,6589000,10610000,2063514688761.67,208504960
2017,YR2017,British Virgin Islands,VGB,..,..,335000,..,..,30060
2017,YR2017,Brunei Darussalam,BRN,504000000,177000000,4316000,..,12128182463.596,430276
2017,YR2017,Bulgaria,BGR,2047000000,4663000000,11596000,6228000,59343060705.828,7075947
2017,YR2017,Burkina Faso,BFA,182000000,172000000,143000,..,14106955625.3571,19835858
2017,YR2017,Burundi,BDI,..,..,299000,..,2723586962.18686,11155593
2017,YR2017,Cabo Verde,CPV,100000000,451000000,668000,..,1996741544.61549,564954
2017,YR2017,Cambodia,KHM,919000000,4024000000,5602000,1752000,22177200588.6749,15830689
2017,YR2017,Cameroon,CMR,845000000,544000000,1081000,..,36098547058.7877,24393181
2017,YR2017,Canada,CAN,..,..,31081000,54955000,1649265644244.09,36545236
2017,YR2017,Cayman Islands,CYM,271000000,832000000,2147000,..,5166281293.18715,63581
2017,YR2017,Central African Republic,CAF,..,..,107000,..,2072349974.15272,4996741
2017,YR2017,Chad,TCD,..,..,87000,52000,10000394388.1158,15085884
2017,YR2017,Channel Islands,CHI,..,..,..,..,9530244530.24453,165215
2017,YR2017,Chile,CHL,3093000000,4115000000,7621000,4367000,276364936832.331,18368577
2017,YR2017,China,CHN,..,..,153260000,143035000,12310491176727.3,1396215000
2017,YR2017,Colombia,COL,5136000000,5899000000,4056000,4017000,311866875135.576,48351671
2017,YR2017,Comoros,COM,42000000,60599998.4741211,28000,..,1077439756.12224,761664
2017,YR2017,"Congo, Dem. Rep.",COD,68000000,6000000,..,..,38019264804.5125,84283273
2017,YR2017,"Congo, Rep.",COG,..,..,151000,..,11094823676.5914,5312340
2017,YR2017,Costa Rica,CRI,1322000000,3758000000,3231000,1150000,60516044623.4876,4993842
2017,YR2017,Cote d'Ivoire,CIV,564000000,509000000,1800000,..,52512344033.9625,24848016
2017,YR2017,Croatia,HRV,1410000000,10534000000,59238000,2597000,55937483557.9256,4124531
2017,YR2017,Cuba,CUB,..,3302000000,4654000,459000,96851000000,11336405
2017,YR2017,Curacao,CUW,447000000,572000000,1058000,..,3009497206.70391,160175
2017,YR2017,Cyprus,CYP,1378000000,3274000000,3750000,1407000,22946583375.5508,1208523
2017,YR2017,Czechia,CZE,5533000000,7695000000,34701000,6775000,218628940951.675,10594438
2017,YR2017,Denmark,DNK,9804000000,8508000000,30736000,8087000,332121063806.391,5764980
2017,YR2017,Djibouti,DJI,..,36200000,..,..,2762581334.22612,1040233
2017,YR2017,Dominica,DMA,28000000,161000000,230000,..,521551851.851852,70403
2017,YR2017,Dominican Republic,DOM,940000000,7184000000,7296000,522000,79998045975.5137,10647244
2017,YR2017,Ecuador,ECU,1463000000,2018000000,1806000,1347000,104295862000,16696944
2017,YR2017,"Egypt, Arab Rep.",EGY,2419000000,8636000000,8292000,..,248362771739.13,101789386
2017,YR2017,El Salvador,SLV,466000000,1227000000,2247000,1871000,24979190000,6266654
2017,YR2017,Equatorial Guinea,GNQ,..,..,..,..,12200913887.6428,1450694
2017,YR2017,Eritrea,ERI,..,..,..,..,..,3396933
2017,YR2017,Estonia,EST,1395000000,2124000000,6145000,1279000,26924385103.0662,1317384
2017,YR2017,Eswatini,SWZ,74000000,13199999.8092651,1343000,1751000,4402969225.92165,1151390
2017,YR2017,Ethiopia,ETH,363500000,2505000000,933000,..,81770886908.5198,108197950
2017,YR2017,Faroe Islands,FRO,..,..,..,..,2980057167.73595,50230
2017,YR2017,Fiji,FJI,138000000,1243000000,1027000,169000,5353468387.56019,919019
2017,YR2017,Finland,FIN,6740000000,5210000000,3180000,10480000,255647979916.473,5508214
2017,YR2017,France,FRA,53787000000,67717000000,207274000,44265000,2595151045197.67,66918020
2017,YR2017,French Polynesia,PYF,..,..,254000,55000,5833352684.45264,295450
2017,YR2017,Gabon,GAB,..,..,..,..,14929487495.759,2140215
2017,YR2017,"Gambia, The",GMB,8500000,128000000,522000,..,1504909447.77459,2381182
2017,YR2017,Georgia,GEO,853000000,2971000000,6483000,3851000,16242647229.7398,3728004
2017,YR2017,Germany,DEU,97163000000,55750000000,37452000,92402000,3690849152517.69,82657002
2017,YR2017,Ghana,GHA,1581000000,919000000,..,..,60405920071.1024,30222262
2017,YR2017,Gibraltar,GIB,..,..,..,..,..,32602
2017,YR2017,Greece,GRC,3306000000,19139000000,30161000,7685000,199844406013.533,10754679
2017,YR2017,Greenland,GRL,..,..,..,..,2851610655.92391,56172
2017,YR2017,Grenada,GRD,38000000,482000000,468000,..,1125685185.18519,120921
2017,YR2017,Guam,GUM,..,..,1545000,..,6013000000,168606
2017,YR2017,Guatemala,GTM,1066000000,1217599975.58594,2120000,1328000,71653756504.1625,16087418
2017,YR2017,Guinea,GIN,102400001.525879,16600000.3814697,99000,..,10324668270.876,12240789
2017,YR2017,Guinea-Bissau,GNB,..,16440000.5340576,49500,..,1350177012.24771,1879826
2017,YR2017,Guyana,GUY,..,..,247000,..,4748174334.14044,763252
2017,YR2017,Haiti,HTI,485000000,460000000,1262000,..,15093357143.42,10863543
2017,YR2017,Honduras,HND,517000000,610000000,2144000,727000,23136248046.2979,9626842
2017,YR2017,"Hong Kong SAR, China",HKG,25388000000,38170000000,58472000,91304000,341273289534.466,7393200
2017,YR2017,Hungary,HUN,3049000000,8448000000,54962000,20297000,143112196040.326,9787966
2017,YR2017,Iceland,ISL,..,..,2353000,619000,24728285177.4603,343400
2017,YR2017,India,IND,21856000000,27878000000,15543000,23943000,2651474263257.15,1354195680
2017,YR2017,Indonesia,IDN,10945000000,14691000000,14040000,8856000,1015618744168.15,264498852
2017,YR2017,"Iran, Islamic Rep.",IRN,12568000000,4531000000,4867000,10543000,486630147094.69,84505076
2017,YR2017,Iraq,IRQ,8093000000,2959000000,..,..,187217660050.676,39621162
2017,YR2017,Ireland,IRL,6616000000,14294000000,10338000,8171000,336377500160.549,4807388
2017,YR2017,Isle of Man,IMN,..,..,..,..,6979791187.09008,83580
2017,YR2017,Israel,ISR,8985000000,7602000000,3863000,7597000,358245427458.541,8713300
2017,YR2017,Italy,ITA,34819000000,46719000000,89931000,60042000,1961796197354.37,60536709
2017,YR2017,Jamaica,JAM,455000000,..,4276000,..,14808984880.5796,2808376
2017,YR2017,Japan,JPN,25774000000,36978000000,28691000,17889000,4930837369151.42,126972000
2017,YR2017,Jordan,JOR,1496000000,5549000000,4565000,1592000,41608435915.493,10215381
2017,YR2017,Kazakhstan,KAZ,2695000000,2356000000,7701000,10261000,166805788966.78,18037776
2017,YR2017,Kenya,KEN,..,1564000000,1449000,..,82036511258.8324,48948137
2017,YR2017,Kiribati,KIR,24569999.6948242,5170000.07629395,7500,..,188540699.145686,120362
2017,YR2017,"Korea, Dem. People's Rep.",PRK,..,..,..,..,..,25516321
2017,YR2017,"Korea, Rep.",KOR,34453000000,17173000000,13336000,26496000,1623901496835.79,51361911
2017,YR2017,Kosovo,XKX,..,..,..,..,7180768692.26354,1791003
2017,YR2017,Kuwait,KWT,13722000000,643000000,7407000,..,120687635952.46,4124904
2017,YR2017,Kyrgyz Republic,KGZ,422000000,480000000,4568000,4446000,7702938395.18458,6198200
2017,YR2017,Lao PDR,LAO,930000000,655000000,3869000,3049000,17071162084.4067,6997917
2017,YR2017,Latvia,LVA,..,..,7726000,2055000,30483806017.8321,1942248
2017,YR2017,Lebanon,LBN,5704000000,8086000000,1857000,..,53027680685.8375,6109252
2017,YR2017,Lesotho,LSO,307000000,..,1137000,..,2306741598.79677,2170617
2017,YR2017,Liberia,LBR,..,..,..,..,3390703400,4796631
2017,YR2017,Libya,LBY,2005000000,..,..,..,67157451660.2727,6378261
2017,YR2017,Liechtenstein,LIE,..,..,79300.0030517578,..,6474310909.50636,37889
2017,YR2017,Lithuania,LTU,..,..,5590000,4294000,47758736931.7805,2828403
2017,YR2017,Luxembourg,LUX,2607000000,5472000000,1046000,2346000,65712180342.9842,596336
2017,YR2017,"Macao SAR, China",MAC,1702000000,36595000000,32611000,1391000,50440935654.0075,638609
2017,YR2017,Madagascar,MDG,319000000,849000000,285000,..,13176313593.5509,26169542
2017,YR2017,Malawi,MWI,120000000,35000000,837000,..,8943543677.18899,17881167
2017,YR2017,Malaysia,MYS,12145000000,20311000000,25948000,..,319109103242.055,31975806
2017,YR2017,Maldives,MDV,369000000,2771000000,1390000,..,4754185598.8417,472442
2017,YR2017,Mali,MLI,220000000,206399993.896484,193000,..,15365713059.1057,19311355
2017,YR2017,Malta,MLT,..,..,2944000,633000,13489296992.0001,467999
2017,YR2017,Marshall Islands,MHL,27600000.3814697,18100000.3814697,6000,..,212701200,47187
2017,YR2017,Mauritania,MRT,61000000,24000000,..,..,6800138755.34592,4160015
2017,YR2017,Mauritius,MUS,738000000,2005000000,1371000,283000,13713505998.0391,1264887
2017,YR2017,Mexico,MEX,13647000000,22467000000,99349000,94274000,1158912015259.01,122839258
2017,YR2017,"Micronesia, Fed. Sts.",FSM,..,..,..,..,366666800,110430
2017,YR2017,Moldova,MDA,380000000,442000000,145000,229000,9519053158.46404,2755189
2017,YR2017,Monaco,MCO,..,..,355000,..,6431274937.64707,37044
2017,YR2017,Mongolia,MNG,618000000,462000000,543000,..,11480847740.0839,3096030
2017,YR2017,Montenegro,MNE,91000000,1110000000,1877000,..,4856602178.63413,622373
2017,YR2017,Morocco,MAR,2829000000,9086000000,11540000,1849000,118540574727.552,35528115
2017,YR2017,Mozambique,MOZ,237000000,164000000,1514000,..,13219079497.7055,28569441
2017,YR2017,Myanmar,MMR,136000000,1988000000,3443000,..,61449391917.1276,52288341
2017,YR2017,Namibia,NAM,92000000,449000000,1581000,..,12895153160.466,2364534
2017,YR2017,Nauru,NRU,9000000,3900000,..,..,109355653.690742,11682
2017,YR2017,Nepal,NPL,886000000,712000000,940000,1197000,28971588880.8208,28183426
2017,YR2017,Netherlands,NLD,22301099609.375,21844699218.75,17924000,20763000,833869641687.068,17131296
2017,YR2017,New Caledonia,NCL,..,..,121000,135000,9173669999.59434,270810
2017,YR2017,New Zealand,NZL,4463000000,10594000000,3723000,2853000,206556258844.567,4813600
2017,YR2017,Nicaragua,NIC,365000000,..,1958000,982000,13785890939.4447,6480532
2017,YR2017,Niger,NER,120000000,91000000,164000,..,11185101444.3729,21737922
2017,YR2017,Nigeria,NGA,8194000000,2615000000,..,..,375745732274.676,193495907
2017,YR2017,North Macedonia,MKD,233000000,331000000,631000,..,11307067000.7188,2074502
2017,YR2017,Northern Mariana Islands,MNP,..,..,660000,..,1560000000,50729
2017,YR2017,Norway,NOR,17489000000,6565000000,6252000,8170000,401745275035.261,5276968
2017,YR2017,Oman,OMN,2915000000,2629000000,3178000,6368000,80856697009.1027,4541854
2017,YR2017,Pakistan,PAK,3316000000,865000000,..,..,339205536454.445,216379655
2017,YR2017,Palau,PLW,23299999.2370605,123000000,123000,..,285600000,17837
2017,YR2017,Panama,PAN,1132000000,6827000000,2517000,869000,62202700000,4096063
2017,YR2017,Papua New Guinea,PNG,168600006.103516,15260000.2288818,182000,..,22742696407.5093,9114796
2017,YR2017,Paraguay,PRY,545000000,399000000,4744000,1548000,38997129809.1697,6355404
2017,YR2017,Peru,PER,2893000000,4439000000,4992000,2875000,211007952315.888,31605486
2017,YR2017,Philippines,PHL,12442000000,8349000000,6621000,..,328480738147.1,106738501
2017,YR2017,Poland,POL,9420000000,13925000000,83804000,46700000,524641206562.004,37974826
2017,YR2017,Portugal,PRT,5509000000,21586000000,15432000,2195000,221357874718.932,10300300
2017,YR2017,Puerto Rico,PRI,1072000000,3868000000,4927000,792000,103445500000,3325286
2017,YR2017,Qatar,QAT,12284000000,15757000000,2256000,..,161099122225.275,2711755
2017,YR2017,Romania,ROU,4955000000,3553000000,10926000,19953000,210147181055.277,19588715
2017,YR2017,Russian Federation,RUS,35584000000,14938000000,24390000,39629000,1574199355092.71,144496739
2017,YR2017,Rwanda,RWA,419000000,496500000,1570000,..,9252833678.08916,12230339
2017,YR2017,Samoa,WSM,3900000.09536743,167000000,158000,55000,884844419.778891,207630
2017,YR2017,San Marino,SMR,..,..,1937000,..,1528621195.45849,34056
2017,YR2017,Sao Tome and Principe,STP,..,65900000,28899.9996185303,..,375614126.193877,208036
2017,YR2017,Saudi Arabia,SAU,19065000000,15020000000,18607000,28748000,714994694991.651,34193122
2017,YR2017,Senegal,SEN,295000000,470000000,1376000,..,20996562958.501,15157793
2017,YR2017,Serbia,SRB,1549000000,1706000000,1497000,..,44179075778.9267,7020858
2017,YR2017,Seychelles,SYC,104000000,585000000,382000,74000,1529773286.49646,95843
2017,YR2017,Sierra Leone,SLE,62000000,39000000,59000,110000,3719443317.52413,7677565
2017,YR2017,Singapore,SGP,24588000000,19891000000,17425000,9889000,343272878686.388,5612253
2017,YR2017,Sint Maarten (Dutch part),SXM,100000000,646000000,1640000,..,1191620111.73184,40574
2017,YR2017,Slovak Republic,SVK,2599000000,3024000000,15406000,3870000,95649966260.981,5439232
2017,YR2017,Slovenia,SVN,1641099975.58594,3055100097.65625,3991000,5410000,48589100043.0958,2066388
2017,YR2017,Solomon Islands,SLB,72699996.9482422,79000000,25700.0007629395,..,1469789050.30851,643634
2017,YR2017,Somalia,SOM,..,..,..,..,5609000000,14864221
2017,YR2017,South Africa,ZAF,6068000000,9706000000,14975000,..,381448814653.456,56641209
2017,YR2017,South Sudan,SSD,293000000,26000000,..,..,..,10658226
2017,YR2017,Spain,ESP,..,..,121717000,20274000,1313245330197.66,46593236
2017,YR2017,Sri Lanka,LKA,2409000000,5083000000,2248000,1439000,94376237831.5778,21506813
2017,YR2017,St. Kitts and Nevis,KNA,56000000,355000000,1194000,..,1058944444.44444,47785
2017,YR2017,St. Lucia,LCA,84000000,875000000,1064000,..,1996703703.7037,177163
2017,YR2017,St. Martin (French part),MAF,..,..,..,..,..,34496
2017,YR2017,St. Vincent and the Grenadines,VCT,38000000,215399993.896484,303000,..,844039068.757533,105549
2017,YR2017,Sudan,SDN,29000000,1029000000,813000,..,129718581297.431,40679828
2017,YR2017,Suriname,SUR,99000000,61000000,279000,..,3591679371.03991,587559
2017,YR2017,Sweden,SWE,..,..,7054000,22121000,541018749769.097,10057698
2017,YR2017,Switzerland,CHE,21501000000,20399000000,11133000,22481000,695200833086.499,8451840
2017,YR2017,Syrian Arab Republic,SYR,..,..,1291000,..,16369724433.2751,18983373
2017,YR2017,Tajikistan,TJK,15100000.3814697,171600006.103516,431000,31000,7536403146.68377,8925525
2017,YR2017,Tanzania,TZA,873000000,2265000000,1327000,..,53275968094.8533,56267032
2017,YR2017,Thailand,THA,12676000000,57057000000,35592000,8963000,456356812774.563,70898202
2017,YR2017,Timor-Leste,TLS,137000000,73000000,73900.0015258789,..,1595724300,1243235
2017,YR2017,Togo,TGO,57000000,245000000,514000,216000,6395472028.24361,7852795
2017,YR2017,Tonga,TON,37700000.7629395,48500000,86599.9984741211,..,460374252.206137,105415
2017,YR2017,Trinidad and Tobago,TTO,147000000,717000000,465000,..,23797686961.8447,1478607
2017,YR2017,Tunisia,TUN,871000000,1782000000,7052000,..,42163530590.9462,11811443
2017,YR2017,Turkiye,TUR,5865000000,31993000000,37970000,8887000,858988578709.755,82089826
2017,YR2017,Turkmenistan,TKM,..,..,..,..,37926285714.2857,5968383
2017,YR2017,Turks and Caicos Islands,TCA,..,..,1243000,..,1022365000,39844
2017,YR2017,Tuvalu,TUV,10100000.3814697,..,2500,..,45276606.0014551,10828
2017,YR2017,Uganda,UGA,365000000,954000000,1402000,..,30744473839.7439,40127085
2017,YR2017,Ukraine,UKR,7536000000,2019000000,14579000,27067000,112090503817.399,44831135
2017,YR2017,United Arab Emirates,ARE,17644699218.75,29705500000,21805000,18866000,390516804029.952,9068296
2017,YR2017,United Kingdom,GBR,..,..,41080000,87242000,2683488510504.04,66058859
2017,YR2017,United States,USA,158287000000,233758000000,174291750,148045000,19477336549000,325122128
2017,YR2017,Uruguay,URY,1222000000,2924000000,4219000,1789000,65006047680.3225,3422200
2017,YR2017,Uzbekistan,UZB,2107000000,835000000,2690000,5182000,62081322741.1228,32388600
2017,YR2017,Vanuatu,VUT,19000000,289000000,332700.012207031,26299.9992370605,880061830.96959,290239
2017,YR2017,"Venezuela, RB",VEN,..,..,429000,1079000,..,30563433
2017,YR2017,Vietnam,VNM,5040000000,8890000000,12922000,..,281353626107.245,94033048
2017,YR2017,Virgin Islands (U.S.),VIR,..,1202000000,1954000,..,3794000000,107281
2017,YR2017,West Bank and Gaza,PSE,813000000,225000000,503000,..,16128000000,4454805
2017,YR2017,"Yemen, Rep.",YEM,..,..,..,..,26842231204.8047,30034389
2017,YR2017,Zambia,ZMB,410000000,..,1009000,..,25873601260.8353,17298054
2017,YR2017,Zimbabwe,ZWE,337000000,158000000,2423000,2768000,17584890936.6523,14751101
2018,YR2018,Afghanistan,AFG,226000000,50000000,..,..,18418860354.4238,36686784
2018,YR2018,Albania,ALB,1750000000,2306000000,5927000,5415000,15156424061.9815,2866376
2018,YR2018,Algeria,DZA,542000000,196500000,2657000,5610000,174910891124.491,41927007
2018,YR2018,American Samoa,ASM,..,..,20200.0007629395,..,639000000,48424
2018,YR2018,Andorra,AND,..,..,8328000,..,3218419896.93327,75013
2018,YR2018,Angola,AGO,762000000,557000000,218000,..,77792944471.9494,31273533
2018,YR2018,Antigua and Barbuda,ATG,111000000,854000000,1064000,..,1604770370.37037,91626
2018,YR2018,Argentina,ARG,13084000000,5999000000,6942000,18411000,524819898586.906,44494502
2018,YR2018,Armenia,ARM,1335000000,1358000000,1652000,1623000,12457940705.3088,2836557
2018,YR2018,Aruba,ABW,394000000,2035000000,1897000,..,3276187709.49721,105962
2018,YR2018,Australia,AUS,42439000000,47327000000,9246000,11403000,1428266513154.48,24966643
2018,YR2018,Austria,AUT,14109000000,25413000000,30816000,11043000,454991174096.094,8840521
2018,YR2018,Azerbaijan,AZE,2453000000,2830000000,2850000,4908000,47112479289.4186,9939771
2018,YR2018,"Bahamas, The",BHS,519000000,3756000000,6622000,..,12653600000,401906
2018,YR2018,Bahrain,BHR,2522000000,3834000000,12045000,2868000,37802005319.1489,1487340
2018,YR2018,Bangladesh,BGD,1207000000,357000000,267000,..,321379163135.647,163683958
2018,YR2018,Barbados,BRB,..,..,1356000,..,5097283200,279688
2018,YR2018,Belarus,BLR,1170000000,1221000000,11502000,9326000,60031163987.191,9438785
2018,YR2018,Belgium,BEL,20789000000,10319000000,9119000,13098000,543299066998.892,11427054
2018,YR2018,Belize,BLZ,50000000,..,1697000,..,2315000000,382066
2018,YR2018,Benin,BEN,76000000,175000000,322000,..,14262408079.7005,11940683
2018,YR2018,Bermuda,BMU,334000000,583000000,766000,..,7225977000,63918
2018,YR2018,Bhutan,BTN,79000000,121000000,274000,..,2446867582.27133,762096
2018,YR2018,Bolivia,BOL,1009000000,948000000,1142000,1060000,40287647930.5355,11606905
2018,YR2018,Bosnia and Herzegovina,BIH,378000000,1147000000,1053000,..,20484048415.5019,3400129
2018,YR2018,Botswana,BWA,278299987.792969,584200012.207031,1830000,..,17031943186.1353,2451409
2018,YR2018,Brazil,BRA,22229000000,6324000000,6621000,10628000,1916933708404.16,210166592
2018,YR2018,British Virgin Islands,VGB,..,..,192000,..,..,30335
2018,YR2018,Brunei Darussalam,BRN,585000000,190000000,4521000,..,13567164444.9707,434274
2018,YR2018,Bulgaria,BGR,2247000000,5061000000,12368000,6699000,66399602077.1693,7025037
2018,YR2018,Burkina Faso,BFA,191000000,179000000,144000,..,15890066209.8959,20392723
2018,YR2018,Burundi,BDI,..,..,..,..,2667182198.97925,11493472
2018,YR2018,Cabo Verde,CPV,112000000,520000000,710000,..,2205099509.15921,571202
2018,YR2018,Cambodia,KHM,1080000000,4832000000,6201000,1995000,24571753581.7841,16025238
2018,YR2018,Cameroon,CMR,915000000,633000000,997000,..,39973842058.565,25076747
2018,YR2018,Canada,CAN,..,..,31274000,38069000,1725297938435.76,37065084
2018,YR2018,Cayman Islands,CYM,284000000,911000000,2384000,..,5530178498.90783,64884
2018,YR2018,Central African Republic,CAF,..,..,109000,..,2220979144.52008,5094780
2018,YR2018,Chad,TCD,..,..,63000,..,11239167890.2816,15604210
2018,YR2018,Channel Islands,CHI,..,..,..,..,10422948632.4216,167259
2018,YR2018,Chile,CHL,3124000000,3911000000,6603000,4605000,295402646018.151,18701450
2018,YR2018,China,CHN,..,..,158606000,149720000,13894907485398.9,1402760000
2018,YR2018,Colombia,COL,5531000000,6655000000,4397000,4368000,334198218100.716,49276961
2018,YR2018,Comoros,COM,48000000,73699996.9482422,35900.0015258789,..,1188797449.96036,776313
2018,YR2018,"Congo, Dem. Rep.",COD,115000000,60500000,..,..,47568210020.9338,87087355
2018,YR2018,"Congo, Rep.",COG,..,..,158000,..,13670038019.8594,5441062
2018,YR2018,Costa Rica,CRI,1198000000,4073000000,3313000,1079000,62420164964.6987,5040734
2018,YR2018,Cote d'Ivoire,CIV,625000000,551000000,1965000,..,58522477744.7313,25493988
2018,YR2018,Croatia,HRV,1741000000,11348000000,57668000,2980000,61330483609.8835,4087843
2018,YR2018,Cuba,CUB,..,2783000000,4712000,552000,100050000000,11328244
2018,YR2018,Curacao,CUW,452000000,604000000,1210000,..,3020388826.81564,159336
2018,YR2018,Cyprus,CYP,1569000000,3449000000,4024000,1446000,25597301190.678,1218831
2018,YR2018,Czechia,CZE,6074000000,8283000000,36268000,7390000,249000540729.179,10629928
2018,YR2018,Denmark,DNK,10485000000,9097000000,30801000,7475000,356841216410.068,5793636
2018,YR2018,Djibouti,DJI,..,57000000,..,..,2913466732.12507,1057198
2018,YR2018,Dominica,DMA,28000000,111000000,199000,..,554770370.37037,70823
2018,YR2018,Dominican Republic,DOM,1006000000,7561000000,7551000,514000,85555390385.9812,10765531
2018,YR2018,Ecuador,ECU,1523000000,2279000000,2535000,1402000,107562008000,17015672
2018,YR2018,"Egypt, Arab Rep.",EGY,2897000000,12704000000,11346000,..,262588632526.73,103740765
2018,YR2018,El Salvador,SLV,490000000,1370000000,2536000,1788000,26020850000,6276342
2018,YR2018,Equatorial Guinea,GNQ,..,..,..,..,13097012124.2261,1502091
2018,YR2018,Eritrea,ERI,..,..,..,..,..,3445374
2018,YR2018,Estonia,EST,1647000000,2326000000,6033000,2069000,30624720196.2285,1321977
2018,YR2018,Eswatini,SWZ,43000000,16399999.6185303,1277000,1717000,4666598023.91856,1160428
2018,YR2018,Ethiopia,ETH,612700012.207031,3548000000,849000,..,84269196152.0333,111129438
2018,YR2018,Faroe Islands,FRO,..,..,..,..,3188601035.1907,50955
2018,YR2018,Fiji,FJI,160000000,1370000000,1058000,174000,5581425890.96651,918996
2018,YR2018,Finland,FIN,7223000000,5762000000,3224000,10480000,275708001767.838,5515525
2018,YR2018,France,FRA,59131000000,72518000000,211998000,48069000,2790956878746.61,67158348
2018,YR2018,French Polynesia,PYF,..,..,264000,47000,6135116260.64814,297606
2018,YR2018,Gabon,GAB,..,..,..,..,16867326389.8696,2192012
2018,YR2018,"Gambia, The",GMB,10399999.6185303,174000000,552000,..,1670671340.37966,2444916
2018,YR2018,Georgia,GEO,960000000,3518000000,7203000,3698000,17596922469.9152,3726549
2018,YR2018,Germany,DEU,103502000000,59446000000,38881000,108542000,3974443355019.53,82905782
2018,YR2018,Ghana,GHA,1329000000,996000000,..,..,67298913752.0241,30870641
2018,YR2018,Gibraltar,GIB,..,..,..,..,..,32648
2018,YR2018,Greece,GRC,3910000000,21594000000,33072000,7961000,212049447242.107,10732882
2018,YR2018,Greenland,GRL,..,..,..,..,3055791340.7025,56023
2018,YR2018,Grenada,GRD,42000000,548000000,529000,..,1166514814.81481,121838
2018,YR2018,Guam,GUM,..,..,1549000,..,6056000000,168678
2018,YR2018,Guatemala,GTM,1105000000,1235099975.58594,2406000,1538000,73328369925.8478,16346950
2018,YR2018,Guinea,GIN,411700012.207031,4699999.80926514,..,..,11857030366.4598,12554864
2018,YR2018,Guinea-Bissau,GNB,74599998.4741211,20000000,55000,..,1504630233.68639,1924955
2018,YR2018,Guyana,GUY,..,..,287000,..,4787637005.53638,785514
2018,YR2018,Haiti,HTI,599000000,620000000,1333000,..,16403864521.4121,11012421
2018,YR2018,Honduras,HND,558000000,601000000,2323000,703000,24067750465.9361,9792850
2018,YR2018,"Hong Kong SAR, China",HKG,26498000000,42313000000,65148000,92214000,361731070995.726,7452600
2018,YR2018,Hungary,HUN,3239000000,9618000000,57667000,22805000,160565642983.587,9775564
2018,YR2018,Iceland,ISL,..,..,2488000,668000,26260850582.0687,352721
2018,YR2018,India,IND,25790000000,29143000000,17423000,26296000,2702929639861.5,1369003306
2018,YR2018,Indonesia,IDN,13171000000,17915000000,15810000,9468000,1042271532953.36,267066843
2018,YR2018,"Iran, Islamic Rep.",IRN,9271000000,5252000000,7295000,7243000,327900695065.853,85617562
2018,YR2018,Iraq,IRQ,7855000000,1986000000,..,..,227367469034.031,40590700
2018,YR2018,Ireland,IRL,7541000000,15276000000,10926000,8643000,385736680797.111,4867316
2018,YR2018,Isle of Man,IMN,..,..,..,..,7491654051.08011,83775
2018,YR2018,Israel,ISR,9975000000,8048000000,4389000,8473000,376691526553.276,8882800
2018,YR2018,Italy,ITA,37644000000,51602000000,93228601.5625,61194601.5625,2091932426266.94,60421760
2018,YR2018,Jamaica,JAM,505000000,..,4319000,..,15730791525.65,2811835
2018,YR2018,Japan,JPN,28097000000,45276000000,31191000,18954000,5040880939324.86,126811000
2018,YR2018,Jordan,JOR,1493000000,6221000000,4922000,1501000,43370860704.2254,10459865
2018,YR2018,Kazakhstan,KAZ,2852000000,2651000000,8789000,10646000,179339977517.062,18276452
2018,YR2018,Kenya,KEN,..,1784000000,2025000,..,92202979940.671,49953304
2018,YR2018,Kiribati,KIR,..,..,9000,..,196501504.185186,122261
2018,YR2018,"Korea, Dem. People's Rep.",PRK,..,..,..,..,..,25638149
2018,YR2018,"Korea, Rep.",KOR,38022000000,23104000000,15347000,28696000,1724845615629.26,51585058
2018,YR2018,Kosovo,XKX,..,..,..,..,7878762812.20156,1797085
2018,YR2018,Kuwait,KWT,14318000000,919000000,8508000,..,138202309918.726,4317185
2018,YR2018,Kyrgyz Republic,KGZ,451000000,518000000,6947000,6839000,8271106196.04253,6322800
2018,YR2018,Lao PDR,LAO,1005000000,833000000,4186000,3207000,18141651381.3884,7105006
2018,YR2018,Latvia,LVA,..,..,7775000,2175000,34429023435.0205,1927174
2018,YR2018,Lebanon,LBN,6395000000,8694000000,1964000,..,54901519155.6219,5950839
2018,YR2018,Lesotho,LSO,347000000,..,1173000,..,2556247155.56945,2198017
2018,YR2018,Liberia,LBR,..,..,..,..,3422754800,4889391
2018,YR2018,Libya,LBY,2042000000,..,..,..,76686048499.3527,6477793
2018,YR2018,Liechtenstein,LIE,..,..,85300.0030517578,..,6692618410.5125,38181
2018,YR2018,Lithuania,LTU,..,..,6115000,4702000,53751411409.4437,2801543
2018,YR2018,Luxembourg,LUX,2872000000,5642000000,1018000,2510000,71000359760.4599,607950
2018,YR2018,"Macao SAR, China",MAC,1941000000,41478000000,35804000,1780000,55284309690.2698,650991
2018,YR2018,Madagascar,MDG,309000000,879000000,360000,..,13760033282.6071,26846541
2018,YR2018,Malawi,MWI,174000000,55000000,871000,..,9880675785.93057,18367883
2018,YR2018,Malaysia,MYS,13207000000,21775000000,25832000,..,358788833524.945,32399271
2018,YR2018,Maldives,MDV,414000000,3054000000,1484000,..,5300949822.99805,489758
2018,YR2018,Mali,MLI,255000000,231000000,203000,..,17070867577.6666,19934298
2018,YR2018,Malta,MLT,..,..,3232000,728000,15298004130.4975,484630
2018,YR2018,Marshall Islands,MHL,31399999.6185303,20100000.3814697,6800.00019073486,..,219330300,45989
2018,YR2018,Mauritania,MRT,38000000,6000000,..,..,7473550557.07378,4270712
2018,YR2018,Mauritius,MUS,663000000,2161000000,1431000,296000,14735695930.9727,1265577
2018,YR2018,Mexico,MEX,14074000000,23802000000,96497000,86280000,1222405556421.13,124013861
2018,YR2018,"Micronesia, Fed. Sts.",FSM,..,..,19200.0007629395,..,401932300,110929
2018,YR2018,Moldova,MDA,438000000,500000000,160000,264000,11253727815.4762,2707203
2018,YR2018,Monaco,MCO,..,..,347000,..,7194256778.2745,37029
2018,YR2018,Mongolia,MNG,822000000,526000000,598000,..,13178094719.8612,3163991
2018,YR2018,Montenegro,MNE,73000000,1224000000,2077000,..,5506944403.30196,622227
2018,YR2018,Morocco,MAR,2987000000,9520000000,12489000,1923000,127341141871.205,35927511
2018,YR2018,Mozambique,MOZ,135000000,331000000,2870000,..,14845400592.6712,29423878
2018,YR2018,Myanmar,MMR,118000000,1670000000,3551000,..,67144726167.9294,52666014
2018,YR2018,Namibia,NAM,69000000,488000000,1639000,..,13682019171.6627,2405680
2018,YR2018,Nauru,NRU,7100000,1600000,..,..,130995580.092154,11924
2018,YR2018,Nepal,NPL,915000000,740000000,1173000,..,33111525182.7133,28506712
2018,YR2018,Netherlands,NLD,23359300781.25,23919099609.375,18780000,20981000,914043438179.591,17231624
2018,YR2018,New Caledonia,NCL,..,..,120000,139000,9896402295.48329,271170
2018,YR2018,New Zealand,NZL,4603000000,10961000000,3858000,3038000,211886686924.483,4900600
2018,YR2018,Nicaragua,NIC,349000000,..,1412000,974000,13025266513.3167,6572233
2018,YR2018,Niger,NER,141000000,114000000,157000,..,12808661487.4035,22577058
2018,YR2018,Nigeria,NGA,13218000000,1977000000,..,..,421739210176.152,198387623
2018,YR2018,North Macedonia,MKD,282000000,387000000,707000,..,12683068033.1043,2076217
2018,YR2018,Northern Mariana Islands,MNP,..,..,518000,..,1301000000,50304
2018,YR2018,Norway,NOR,18307000000,7280000000,5688000,8110000,439788625883.8,5311916
2018,YR2018,Oman,OMN,3210000000,2874000000,3242000,5975000,91505851755.5267,4601157
2018,YR2018,Pakistan,PAK,2959000000,845000000,..,..,356128167702.894,219731479
2018,YR2018,Palau,PLW,..,..,106000,..,284900000,17864
2018,YR2018,Panama,PAN,1395000000,7139000000,2487000,1020000,67294169234.6291,4165255
2018,YR2018,Papua New Guinea,PNG,134000000,4230000.01907349,195000,..,24109780113.2307,9329227
2018,YR2018,Paraguay,PRY,549000000,393000000,4183000,1266000,40225448651.3062,6443328
2018,YR2018,Peru,PER,3353000000,4505000000,5384000,3078000,222597030191.041,32203944
2018,YR2018,Philippines,PHL,12474000000,9715000000,7168000,..,346841896890.489,108568836
2018,YR2018,Poland,POL,10367000000,15569000000,85946000,48600000,588779850763.487,37974750
2018,YR2018,Portugal,PRT,6427000000,24366000000,16186000,2486000,242313116577.963,10283822
2018,YR2018,Puerto Rico,PRI,893000000,3303000000,4260000,..,100958100000,3193354
2018,YR2018,Qatar,QAT,11754000000,15239000000,1819000,..,183334953818.681,2766732
2018,YR2018,Romania,ROU,6109000000,3879000000,11720000,21039000,243316050520.725,19473970
2018,YR2018,Russian Federation,RUS,38791000000,18735000000,24551000,41964000,1657328764645.93,144477859
2018,YR2018,Rwanda,RWA,390000000,547000000,1711000,..,9636510839.30707,12531808
2018,YR2018,Samoa,WSM,4099999.90463257,192300003.051758,172000,64000,878448439.453724,209701
2018,YR2018,San Marino,SMR,..,..,1874000,..,1655354303.82885,34156
2018,YR2018,Sao Tome and Principe,STP,..,71900000,33400.0015258789,..,412253809.728799,211344
2018,YR2018,Saudi Arabia,SAU,17939000000,16974000000,17570000,27425000,846583785179.856,35018133
2018,YR2018,Senegal,SEN,324000000,557000000,..,..,23116701539.5646,15574909
2018,YR2018,Serbia,SRB,1837000000,1941000000,1711000,..,50640662859.4987,6982604
2018,YR2018,Seychelles,SYC,101000000,611000000,405000,72000,1587813245.28225,96762
2018,YR2018,Sierra Leone,SLE,61000000,39000000,66000,112000,4085114542.06831,7861281
2018,YR2018,Singapore,SGP,25346000000,20416000000,18508000,10378000,376869585632.115,5638676
2018,YR2018,Sint Maarten (Dutch part),SXM,77000000,468000000,1775000,..,1185474860.3352,40895
2018,YR2018,Slovak Republic,SVK,2823000000,3318000000,15299000,4662000,106137924015.591,5446771
2018,YR2018,Slovenia,SVN,1864300048.82813,3377500000,4425000,5409000,54177882425.8421,2073894
2018,YR2018,Solomon Islands,SLB,53000000,92000000,27899.9996185303,..,1615478421.45974,659249
2018,YR2018,Somalia,SOM,..,..,..,..,5856000006.22021,15411094
2018,YR2018,South Africa,ZAF,6348000000,9789000000,15004000,..,404158882459.024,57339635
2018,YR2018,South Sudan,SSD,513000000,12000000,..,..,..,10395329
2018,YR2018,Spain,ESP,..,..,124456000,22287000,1421702715218.01,46797754
2018,YR2018,Sri Lanka,LKA,2487000000,5608000000,2521000,1476000,94493871351.4217,21670000
2018,YR2018,St. Kitts and Nevis,KNA,56000000,367000000,1278000,..,1076922222.22222,47761
2018,YR2018,St. Lucia,LCA,85000000,989000000,1165000,..,2057074074.07407,177888
2018,YR2018,St. Martin (French part),MAF,..,..,..,..,..,33852
2018,YR2018,St. Vincent and the Grenadines,VCT,40000000,231000000,356000,..,884328180.526933,105281
2018,YR2018,Sudan,SDN,13000000,1043000000,836000,..,32333780383.2924,41999059
2018,YR2018,Suriname,SUR,104000000,73000000,..,..,3996198760.32389,593715
2018,YR2018,Sweden,SWE,..,..,7440000,19939000,555455371487.089,10175214
2018,YR2018,Switzerland,CHE,21441000000,21294000000,11715000,24572000,725562534363.895,8514329
2018,YR2018,Syrian Arab Republic,SYR,..,..,1802000,..,21496337967.8677,19333463
2018,YR2018,Tajikistan,TJK,24200000.7629395,170899993.896484,1035000,31000,7765000282.29397,9128132
2018,YR2018,Tanzania,TZA,818000000,2465000000,1506000,..,57003686049.4102,58090443
2018,YR2018,Thailand,THA,14406000000,61383000000,38178000,9966000,506754212432.991,71127802
2018,YR2018,Timor-Leste,TLS,131000000,78000000,74599.9984741211,..,1563887900,1261845
2018,YR2018,Togo,TGO,65000000,269000000,573000,236000,7029217931.75029,8046679
2018,YR2018,Tonga,TON,41200000.7629395,48099998.4741211,77300.0030517578,..,488906860.874058,105150
2018,YR2018,Trinidad and Tobago,TTO,149000000,541000000,501000,..,24322359037.409,1504709
2018,YR2018,Tunisia,TUN,954000000,2320000000,8299000,2515000,42686509835.5287,11933041
2018,YR2018,Turkiye,TUR,6068000000,36791000000,46113000,8383000,778476714087.962,82809304
2018,YR2018,Turkmenistan,TKM,..,..,..,..,40765428571.4286,6065066
2018,YR2018,Turks and Caicos Islands,TCA,..,..,1463000,..,1113178000,41487
2018,YR2018,Tuvalu,TUV,10800000.1907349,..,3200.00004768372,..,48015219.9526234,10865
2018,YR2018,Uganda,UGA,497000000,1522000000,1506000,..,32927025621.3848,41515395
2018,YR2018,Ukraine,UKR,8287000000,2269000000,14342000,27977000,130891086689.522,44622518
2018,YR2018,United Arab Emirates,ARE,18004099609.375,34609500000,23092000,18967000,427049432157.931,9140169
2018,YR2018,United Kingdom,GBR,..,..,40283000,90571000,2878152147315.82,66460344
2018,YR2018,United States,USA,176818000000,241984000000,169324921.875,158445406.25,20533057312000,326838199
2018,YR2018,Uruguay,URY,1252000000,2708000000,3954000,1947000,65203071110.6037,3427042
2018,YR2018,Uzbekistan,UZB,2722000000,1314000000,5346000,8594000,52870108217.5626,32956100
2018,YR2018,Vanuatu,VUT,21000000,325000000,350200.012207031,28399.9996185303,914736985.430944,297298
2018,YR2018,"Venezuela, RB",VEN,..,..,..,..,..,29825653
2018,YR2018,Vietnam,VNM,5910000000,10080000000,15498000,..,310106472642.968,94914330
2018,YR2018,Virgin Islands (U.S.),VIR,..,993000000,1922000,..,3922000000,107001
2018,YR2018,West Bank and Gaza,PSE,826000000,245000000,606000,..,16276600000,4569087
2018,YR2018,"Yemen, Rep.",YEM,..,..,..,..,21606161066.2074,30790513
2018,YR2018,Zambia,ZMB,478000000,..,1072000,..,26311506435.0598,17835893
2018,YR2018,Zimbabwe,ZWE,269000000,191000000,2580000,2288000,34156069918.0609,15052184
2019,YR2019,Afghanistan,AFG,168000000,85000000,..,..,18904502222.2108,37769499
2019,YR2019,Albania,ALB,1852000000,2458000000,6406000,5922000,15401826080.5183,2854191
2019,YR2019,Algeria,DZA,670000000,140000000,2371000,5732000,171760290068.157,42705368
2019,YR2019,American Samoa,ASM,..,..,19200.0007629395,..,647000000,47321
2019,YR2019,Andorra,AND,187000000,1910000000,8235000,..,3155149347.92151,76343
2019,YR2019,Angola,AGO,717000000,395000000,218000,..,69309110145.7687,32353588
2019,YR2019,Antigua and Barbuda,ATG,119000000,992000000,1035000,..,1675403703.7037,92117
2019,YR2019,Argentina,ARG,9845000000,5654000000,7399000,15352000,447754686715.081,44938712
2019,YR2019,Armenia,ARM,1543000000,1553000000,1894000,1868000,13619290545.8131,2820602
2019,YR2019,Aruba,ABW,399000000,2109000000,1951000,..,3395793854.7486,106442
2019,YR2019,Australia,AUS,41345000000,47953000000,9466000,11624000,1392218527563.26,25340217
2019,YR2019,Austria,AUT,13922000000,25924000000,31884000,11902000,444621176100.54,8879920
2019,YR2019,Azerbaijan,AZE,1839000000,2004099975.58594,3170000,5568000,48174235294.1176,10024283
2019,YR2019,"Bahamas, The",BHS,514000000,4150000000,7250000,..,13058700000,404557
2019,YR2019,Bahrain,BHR,2637000000,3860000000,11061000,2950000,38653318085.1064,1494188
2019,YR2019,Bangladesh,BGD,1389000000,391000000,323000,..,351238397263.802,165516222
2019,YR2019,Barbados,BRB,..,..,966000,..,5324250000,280180
2019,YR2019,Belarus,BLR,1224500000,1290000000,11832000,9221000,64410112583.362,9419758
2019,YR2019,Belgium,BEL,20998000000,10581000000,9343000,14191000,535865692402.342,11488980
2019,YR2019,Belize,BLZ,45400001.5258789,..,1674000,..,2416500000,389095
2019,YR2019,Benin,BEN,130000000,240860000.610352,337000,..,14391686309.0337,12290444
2019,YR2019,Bermuda,BMU,342000000,601000000,805000,..,7423465000,63911
2019,YR2019,Bhutan,BTN,67000000,120000000,316000,72000,2535655609.45889,767459
2019,YR2019,Bolivia,BOL,1111000000,977000000,1239000,1160000,40895322850.9407,11777315
2019,YR2019,Bosnia and Herzegovina,BIH,393000000,1225000000,1198000,..,20482603346.4473,3360711
2019,YR2019,Botswana,BWA,294700012.207031,712400024.414063,..,..,16725908661.9419,2499702
2019,YR2019,Brazil,BRA,21178000000,6127000000,6353000,..,1873288159000.64,211782878
2019,YR2019,British Virgin Islands,VGB,..,..,302399.993896484,..,..,30610
2019,YR2019,Brunei Darussalam,BRN,..,..,4449000,..,13469240162.5496,438048
2019,YR2019,Bulgaria,BGR,2196000000,4832000000,12552000,7007000,68911930627.8977,6975761
2019,YR2019,Burkina Faso,BFA,185199996.948242,173000000,143000,..,16178161666.1334,20951639
2019,YR2019,Burundi,BDI,..,..,..,..,2576518879.39881,11874838
2019,YR2019,Cabo Verde,CPV,107000000,567000000,758000,..,2266752197.42617,577030
2019,YR2019,Cambodia,KHM,1162000000,5312000000,6611000,2038000,27089390032.8915,16207746
2019,YR2019,Cameroon,CMR,984000000,681000000,1021000,..,39670976440.3158,25782341
2019,YR2019,Canada,CAN,..,..,32430000,37845898.4375,1743725183672.52,37601230
2019,YR2019,Cayman Islands,CYM,299000000,964000000,2334000,..,5941896599.57333,66134
2019,YR2019,Central African Republic,CAF,..,..,87000,..,2221301350.75537,5209324
2019,YR2019,Chad,TCD,..,..,81000,..,11314951088.2451,16126866
2019,YR2019,Channel Islands,CHI,..,..,..,..,10381669645.1366,169410
2019,YR2019,Chile,CHL,3142000000,3279000000,5431000,4091000,278493308134.096,19039485
2019,YR2019,China,CHN,..,..,162538000,154632000,14279968485748,1407745000
2019,YR2019,Colombia,COL,5658000000,6784000000,4531000,4479000,323031701210.767,50187406
2019,YR2019,Comoros,COM,53000000,72699996.9482422,45099.9984741211,..,1195019531.03671,790986
2019,YR2019,"Congo, Dem. Rep.",COD,..,..,..,..,51775829868.7669,89906890
2019,YR2019,"Congo, Rep.",COG,..,..,..,..,12750338736.1661,5570733
2019,YR2019,Costa Rica,CRI,1330000000,4282000000,3366000,1153000,64417670555.7821,5084532
2019,YR2019,Cote d'Ivoire,CIV,702000000,550500000,2070000,..,59898479821.1946,26147551
2019,YR2019,Croatia,HRV,1811000000,11974000000,60021000,3500000,61329267533.1316,4065253
2019,YR2019,Cuba,CUB,..,2645000000,4276000,650000,103428000000,11316697
2019,YR2019,Curacao,CUW,411000000,706000000,1293000,..,2995185474.86034,157441
2019,YR2019,Cyprus,CYP,1596000000,3245000000,4117000,1578000,25945194240.4544,1228836
2019,YR2019,Czechia,CZE,6034000000,7967000000,37202000,7346000,252548179964.897,10671870
2019,YR2019,Denmark,DNK,..,..,33093000,9088000,346498737961.635,5814422
2019,YR2019,Djibouti,DJI,..,..,..,..,3088853638.56832,1073994
2019,YR2019,Dominica,DMA,31000000,..,322000,..,611537037.037037,71428
2019,YR2019,Dominican Republic,DOM,1060000000,..,7550000,532000,88941371980.2651,10881882
2019,YR2019,Ecuador,ECU,1650000000,2288000000,2108000,1515000,108108009000,17343740
2019,YR2019,"Egypt, Arab Rep.",EGY,3718000000,14256000000,13026000,..,318678815489.749,105618671
2019,YR2019,El Salvador,SLV,504000000,1664000000,2639000,1899000,26881140000,6280217
2019,YR2019,Equatorial Guinea,GNQ,..,..,..,..,11364133546.2494,1553031
2019,YR2019,Eritrea,ERI,..,..,..,..,..,3498818
2019,YR2019,Estonia,EST,1808000000,2310000000,6103000,1702000,31081901909.2151,1326898
2019,YR2019,Eswatini,SWZ,33000000,14300000.1907349,1226000,1721000,4466214522.19539,1169613
2019,YR2019,Ethiopia,ETH,661000000,3529000000,812000,..,95912607970.1686,114120594
2019,YR2019,Faroe Islands,FRO,..,..,..,..,3275684065.13139,51681
2019,YR2019,Fiji,FJI,174000000,1345000000,969000,174000,5481692621.61125,918465
2019,YR2019,Finland,FIN,6841000000,5944000000,3290000,10440000,268514916972.544,5521606
2019,YR2019,France,FRA,59751000000,70776000000,217877000,49276000,2728870246705.83,67388001
2019,YR2019,French Polynesia,PYF,..,..,300000,63000,6022276207.18983,299717
2019,YR2019,Gabon,GAB,..,..,..,..,16874405460.1964,2242785
2019,YR2019,"Gambia, The",GMB,10000000,157000000,620000,..,1813609679.15313,2508883
2019,YR2019,Georgia,GEO,1124000000,3551000000,7726000,3780000,17470436258.5131,3720161
2019,YR2019,Germany,DEU,101231000000,58372000000,39563000,99533000,3888226035921.49,83092962
2019,YR2019,Ghana,GHA,1380000000,1490000000,..,..,68337974418.7681,31522290
2019,YR2019,Gibraltar,GIB,..,..,..,..,..,32685
2019,YR2019,Greece,GRC,4211000000,23003000000,34005000,7848000,205257014892.498,10721582
2019,YR2019,Greenland,GRL,..,..,..,..,2997331094.25136,56225
2019,YR2019,Grenada,GRD,48000000,..,526000,..,1213485185.18519,122724
2019,YR2019,Guam,GUM,..,..,1667000,..,6366000000,168624
2019,YR2019,Guatemala,GTM,1128000000,1227199951.17188,2560000,1703000,77172313916.4218,16604026
2019,YR2019,Guinea,GIN,419500000,10399999.6185303,..,..,13442861496.5747,12877539
2019,YR2019,Guinea-Bissau,GNB,88900001.5258789,18920000.0762939,52400.0015258789,..,1439638410.99593,1970457
2019,YR2019,Guyana,GUY,..,..,315000,..,5173760191.84652,798753
2019,YR2019,Haiti,HTI,554000000,..,938000,..,15016090929.8744,11160438
2019,YR2019,Honduras,HND,655000000,556000000,2315000,..,25089937108.6681,9958829
2019,YR2019,"Hong Kong SAR, China",HKG,..,32697000000,55913000,94715000,363074560517.276,7507900
2019,YR2019,Hungary,HUN,3352000000,10225000000,61397000,24860000,164020460331.659,9771141
2019,YR2019,Iceland,ISL,..,..,2202000,611000,24663643101.958,360563
2019,YR2019,India,IND,28595000000,31661000000,17914000,26915000,2835606242052.48,1383112050
2019,YR2019,Indonesia,IDN,14449000000,18405000000,16107000,11689000,1119099871386.16,269582878
2019,YR2019,"Iran, Islamic Rep.",IRN,..,..,9107000,..,283649531542.631,86564202
2019,YR2019,Iraq,IRQ,10925000000,3593000000,..,..,233636097800.338,41563520
2019,YR2019,Ireland,IRL,8156000000,14808000000,10951000,9350000,399321701632.424,4934340
2019,YR2019,Isle of Man,IMN,..,..,..,..,7314966839.10981,83933
2019,YR2019,Israel,ISR,10389000000,8459000000,4905000,9179000,402470513619.148,9054000
2019,YR2019,Italy,ITA,37908000000,51910000000,95399000,62207000,2011302198827.41,59729081
2019,YR2019,Jamaica,JAM,508000000,..,4233000,..,15830766372.2651,2813773
2019,YR2019,Japan,JPN,29146000000,49209000000,31881000,20081000,5117993853016.51,126633000
2019,YR2019,Jordan,JOR,1569000000,6765000000,5361000,1537000,44503005774.6479,10698683
2019,YR2019,Kazakhstan,KAZ,2955000000,2922000000,8515000,10707000,181667185041.48,18513673
2019,YR2019,Kenya,KEN,..,1762000000,2049000,..,100378435824.178,50951450
2019,YR2019,Kiribati,KIR,..,..,12000,..,175181684.792212,124241
2019,YR2019,"Korea, Dem. People's Rep.",PRK,..,..,..,..,..,25755441
2019,YR2019,"Korea, Rep.",KOR,35339000000,25456000000,17503000,28714000,1651422932447.77,51764822
2019,YR2019,Kosovo,XKX,..,..,..,..,7899741278.93571,1788878
2019,YR2019,Kuwait,KWT,15839000000,1198000000,8565000,..,136191752590.897,4441100
2019,YR2019,Kyrgyz Republic,KGZ,519000000,708000000,8508000,5314000,8871019822.76098,6456200
2019,YR2019,Lao PDR,LAO,1029000000,974000000,4791000,2690000,18740559554.1632,7212053
2019,YR2019,Latvia,LVA,..,..,8342000,2384000,34343961072.8229,1913822
2019,YR2019,Lebanon,LBN,6495000000,8717000000,1936000,..,51605959131.3654,5781907
2019,YR2019,Lesotho,LSO,323000000,..,1142000,..,2436029587.61009,2225702
2019,YR2019,Liberia,LBR,..,..,..,..,3319596500,4985289
2019,YR2019,Libya,LBY,..,..,..,..,69254143968.3398,6569088
2019,YR2019,Liechtenstein,LIE,..,..,98099.9984741211,..,6436467007.11932,38482
2019,YR2019,Lithuania,LTU,..,..,6150000,4881000,54760617012.9166,2794137
2019,YR2019,Luxembourg,LUX,3288000000,5645000000,1041000,2548000,69825641851.0104,620001
2019,YR2019,"Macao SAR, China",MAC,2034000000,41166000000,39406000,1765000,55204960999.5882,663653
2019,YR2019,Madagascar,MDG,319000000,951000000,486000,..,14104664677.9627,27533134
2019,YR2019,Malawi,MWI,195000000,62000000,..,..,11025371147.1876,18867337
2019,YR2019,Malaysia,MYS,13694000000,22200000000,26101000,..,365177744321.011,32804020
2019,YR2019,Maldives,MDV,431000000,3171000000,1703000,..,5609385433.592,504508
2019,YR2019,Mali,MLI,..,..,217000,..,17280250805.2245,20567424
2019,YR2019,Malta,MLT,..,..,3519000,774000,15881258056.2009,504062
2019,YR2019,Marshall Islands,MHL,..,..,6099.99990463257,..,232092300,44728
2019,YR2019,Mauritania,MRT,56000000,13699999.8092651,..,..,8066118984.30581,4383849
2019,YR2019,Mauritius,MUS,656000000,2024000000,1418000,320000,14436347115.2893,1265985
2019,YR2019,Mexico,MEX,12300000000,25847000000,97406000,82752000,1269009571610.76,125085311
2019,YR2019,"Micronesia, Fed. Sts.",FSM,..,..,18000,..,412000000,111379
2019,YR2019,Moldova,MDA,479000000,527000000,174000,311000,11735774634.4239,2664224
2019,YR2019,Monaco,MCO,..,..,363000,..,7383941919.21567,37034
2019,YR2019,Mongolia,MNG,1036000000,605000000,637000,..,14206359016.4014,3232430
2019,YR2019,Montenegro,MNE,72000000,1276000000,2510000,..,5542053845.29274,622028
2019,YR2019,Morocco,MAR,3102000000,9949000000,13109000,2009000,128920265075.525,36304408
2019,YR2019,Mozambique,MOZ,99000000,324000000,2033000,..,15390031039.9957,30285595
2019,YR2019,Myanmar,MMR,214000000,2501000000,4364000,..,68697761477.1809,53040212
2019,YR2019,Namibia,NAM,118000000,451000000,1651000,..,12541928102.7657,2446644
2019,YR2019,Nauru,NRU,..,..,..,..,125160081.80546,12132
2019,YR2019,Nepal,NPL,713000000,801000000,1197000,..,34186180694.9285,28832496
2019,YR2019,Netherlands,NLD,22547400390.625,23723900390.625,20129000,22045000,910194347568.61,17344874
2019,YR2019,New Caledonia,NCL,..,..,130000,144000,9475655341.98316,271240
2019,YR2019,New Zealand,NZL,..,..,3888000,3225000,213091987153.092,4979200
2019,YR2019,Nicaragua,NIC,312000000,..,1455000,949000,12699028889.666,6663924
2019,YR2019,Niger,NER,144500000,130000000,192000,..,12916454870.5458,23443393
2019,YR2019,Nigeria,NGA,16406000000,1471000000,..,..,474517470742.749,203304492
2019,YR2019,North Macedonia,MKD,302000000,401000000,758000,..,12606338448.547,2076694
2019,YR2019,Northern Mariana Islands,MNP,..,..,487000,..,1181000000,49858
2019,YR2019,Norway,NOR,17683000000,7040000000,5879000,8890000,408742840909.091,5347896
2019,YR2019,Oman,OMN,3406000000,3077000000,3506000,6633000,88060858257.4772,4602768
2019,YR2019,Pakistan,PAK,2998000000,992000000,..,..,320909472926.461,223293280
2019,YR2019,Palau,PLW,..,..,94000,..,278900000,17916
2019,YR2019,Panama,PAN,1623000000,7052000000,2494000,1226000,69721787532.9789,4232532
2019,YR2019,Papua New Guinea,PNG,..,..,211000,..,24751069237.9977,9542486
2019,YR2019,Paraguay,PRY,552000000,409000000,4368000,1192000,37925338460.1556,6530026
2019,YR2019,Peru,PER,3627399902.34375,4703000000,5275000,3275000,228325852220.761,32824861
2019,YR2019,Philippines,PHL,12926000000,11455000000,8261000,..,376823404772.837,110380804
2019,YR2019,Poland,POL,10161000000,15712000000,88515000,50600000,596058473058.766,37965475
2019,YR2019,Portugal,PRT,6823000000,24592000000,17283000,3100000,239986922638.897,10286263
2019,YR2019,Puerto Rico,PRI,..,3612000000,4931000,..,105126400000,3193694
2019,YR2019,Qatar,QAT,12528000000,15647000000,2136500,..,176371267689.082,2807235
2019,YR2019,Romania,ROU,7172000000,4240000000,12815000,23066000,251017797625.017,19371648
2019,YR2019,Russian Federation,RUS,40611000000,17235000000,24419000,45330000,1693114993990.49,144406261
2019,YR2019,Rwanda,RWA,382799987.792969,635900024.414063,1634000,..,10346675636.3397,12835028
2019,YR2019,Samoa,WSM,5199999.80926514,206100006.103516,181000,69000,912950619.371868,211905
2019,YR2019,San Marino,SMR,..,..,1904000,..,1616188702.34405,34178
2019,YR2019,Sao Tome and Principe,STP,..,..,..,..,427425039.684339,214599
2019,YR2019,Saudi Arabia,SAU,16415000000,19849000000,20292000,27196000,838564705624.643,35827362
2019,YR2019,Senegal,SEN,..,..,..,..,23403995984.9306,16000781
2019,YR2019,Serbia,SRB,2000000000,2000000000,1847000,..,51514242775.5241,6945235
2019,YR2019,Seychelles,SYC,109000000,618000000,428000,76000,1645090567.04612,97625
2019,YR2019,Sierra Leone,SLE,83000000,..,71000,122000,4076578653.54714,8046828
2019,YR2019,Singapore,SGP,..,..,19116000,10711000,376837488316.973,5703569
2019,YR2019,Sint Maarten (Dutch part),SXM,77000000,708000000,1952000,..,1459776536.31285,41608
2019,YR2019,Slovak Republic,SVK,2811000000,3350000000,..,5214000,105710052464.625,5454147
2019,YR2019,Slovenia,SVN,1771699951.17188,3353100097.65625,4702000,6049000,54331588482.3048,2088385
2019,YR2019,Solomon Islands,SLB,62500000,82000000,28899.9996185303,..,1619154958.40233,674993
2019,YR2019,Somalia,SOM,..,..,..,..,6485000000,15981300
2019,YR2019,South Africa,ZAF,5866000000,9064000000,14797000,..,388531226582.351,58087055
2019,YR2019,South Sudan,SSD,..,..,..,..,..,10447666
2019,YR2019,Spain,ESP,..,..,126170000,22816000,1394320055129.38,47134837
2019,YR2019,Sri Lanka,LKA,2436000000,4663000000,2027000,1441000,89014978319.0703,21803000
2019,YR2019,St. Kitts and Nevis,KNA,60000000,..,1107000,..,1107844444.44444,47712
2019,YR2019,St. Lucia,LCA,92000000,..,1220000,..,2094185185.18518,178583
2019,YR2019,St. Martin (French part),MAF,..,..,..,..,..,33121
2019,YR2019,St. Vincent and the Grenadines,VCT,40000000,255000000,392000,..,910765709.768752,104924
2019,YR2019,Sudan,SDN,..,..,..,..,32338079165.2893,43232093
2019,YR2019,Suriname,SUR,94000000,64000000,..,..,4016040575.08796,600301
2019,YR2019,Sweden,SWE,..,..,7616000,19061000,533879529188.454,10278887
2019,YR2019,Switzerland,CHE,21097000000,21257000000,11818000,19797000,721369112726.724,8575280
2019,YR2019,Syrian Arab Republic,SYR,..,..,2424000,..,22600896352.1266,20098251
2019,YR2019,Tajikistan,TJK,28399999.6185303,179100006.103516,..,..,8300813889.63698,9337003
2019,YR2019,Tanzania,TZA,738200012.207031,2624500000,1527000,..,61026765850.3054,59872579
2019,YR2019,Thailand,THA,14969000000,64371000000,39916000,10446000,543976695638.812,71307763
2019,YR2019,Timor-Leste,TLS,110000000,..,74800.0030517578,..,2028551600,1280438
2019,YR2019,Togo,TGO,61000000,264000000,876000,269000,6992656428.93581,8243094
2019,YR2019,Tonga,TON,44000000,57099998.4741211,94000,..,512053639.842631,104951
2019,YR2019,Trinidad and Tobago,TTO,133000000,481000000,480000,..,23849557811.3959,1519955
2019,YR2019,Tunisia,TUN,889000000,2683000000,9429000,2781000,41905637658.6053,12049314
2019,YR2019,Turkiye,TUR,5354000000,41415000000,51747000,9651000,759934804372.319,83481684
2019,YR2019,Turkmenistan,TKM,..,..,..,..,44220285714.2857,6158420
2019,YR2019,Turks and Caicos Islands,TCA,..,..,1599000,..,1197415000,43080
2019,YR2019,Tuvalu,TUV,9800000.19073486,..,3599.99990463257,..,54123195.2727502,10956
2019,YR2019,Uganda,UGA,596000000,1400000000,1543000,..,35348155092.292,42949080
2019,YR2019,Ukraine,UKR,8907000000,2595000000,13710000,29346000,153883045524.931,44386203
2019,YR2019,United Arab Emirates,ARE,18382000000,38413300781.25,25282000,18906000,417989721742.682,9211657
2019,YR2019,United Kingdom,GBR,..,..,40857000,93086000,2857057847953.02,66836327
2019,YR2019,United States,USA,186079000000,239447000000,165478000,170930093.75,21380976119000,328329953
2019,YR2019,Uruguay,URY,1424000000,2335000000,3480000,2199000,62048585618.505,3428409
2019,YR2019,Uzbekistan,UZB,2753000000,1679000000,6749000,8437000,60283503705.3907,33580350
2019,YR2019,Vanuatu,VUT,32000000,295000000,256000,36400.0015258789,936526267.622513,304404
2019,YR2019,"Venezuela, RB",VEN,..,..,..,..,..,28971683
2019,YR2019,Vietnam,VNM,6460000000,11830000000,18009000,..,334365257920.289,95776716
2019,YR2019,Virgin Islands (U.S.),VIR,..,1031000000,2074000,..,4117000000,106669
2019,YR2019,West Bank and Gaza,PSE,914000000,..,688000,..,17133500000,4685306
2019,YR2019,"Yemen, Rep.",YEM,..,..,..,..,..,31546691
2019,YR2019,Zambia,ZMB,511000000,..,1266000,..,23308667781.2258,18380477
2019,YR2019,Zimbabwe,ZWE,257000000,285000000,2294000,3275000,21832234925.5021,15354608
2020,YR2020,Afghanistan,AFG,49000000,75000000,..,..,20143451705.7548,38972230
2020,YR2020,Albania,ALB,805000000,1243000000,2658000,2907000,15162734205.2462,2837849
2020,YR2020,Algeria,DZA,272000000,50000000,591000,1386000,145743722826.258,43451666
2020,YR2020,American Samoa,ASM,..,..,899.999976158142,..,716000000,46189
2020,YR2020,Andorra,AND,..,..,5207000,..,2891001149.40074,77700
2020,YR2020,Angola,AGO,691000000,19000000,..,..,50241368243.6314,33428486
2020,YR2020,Antigua and Barbuda,ATG,35000000,416000000,384500,..,1416348148.14815,92664
2020,YR2020,Argentina,ARG,2746000000,1702000000,..,..,385540406815.599,45376763
2020,YR2020,Armenia,ARM,330000000,303000000,375000,346000,12641698593.7908,2805608
2020,YR2020,Aruba,ABW,310000000,1077000000,..,..,2610038938.54749,106585
2020,YR2020,Australia,AUS,7654000000,26234000000,1828000,2832000,1326944627876.87,25655289
2020,YR2020,Austria,AUT,5551000000,15362000000,15091000,3964000,435225238000.43,8916864
2020,YR2020,Azerbaijan,AZE,439000000,340000000,796000,1165000,42693000000,10093121
2020,YR2020,"Bahamas, The",BHS,166000000,1007000000,1794500,..,9754600000,406471
2020,YR2020,Bahrain,BHR,..,724000000,1909000,..,34621807712.766,1477469
2020,YR2020,Bangladesh,BGD,659000000,217899993.896484,..,..,373902196399.317,167420951
2020,YR2020,Barbados,BRB,..,..,..,..,4671800000,280693
2020,YR2020,Belarus,BLR,477000000,542000000,3598000,2810000,61371755326.2351,9379952
2020,YR2020,Belgium,BEL,13928000000,7447000000,2584000,5850000,525213067068.319,11538604
2020,YR2020,Belize,BLZ,22040000.9155273,..,487000,..,2080000000,394921
2020,YR2020,Benin,BEN,..,..,..,..,15651545208.8771,12643123
2020,YR2020,Bermuda,BMU,212000000,94000000,51400.0015258789,..,6887147000,63893
2020,YR2020,Bhutan,BTN,50000000,84000000,29799.9992370605,..,2325185520.59339,772506
2020,YR2020,Bolivia,BOL,325000000,243000000,323299.987792969,432000,36629843806.0781,11936162
2020,YR2020,Bosnia and Herzegovina,BIH,163000000,438000000,197000,..,20226030731.0131,3318407
2020,YR2020,Botswana,BWA,91800003.0517578,217000000,..,..,14960291540.5283,2546402
2020,YR2020,Brazil,BRA,6490000000,3099000000,..,..,1476107292036.59,213196304
2020,YR2020,British Virgin Islands,VGB,..,..,83000,..,..,30910
2020,YR2020,Brunei Darussalam,BRN,..,..,1071000,..,12005795914.7306,441725
2020,YR2020,Bulgaria,BGR,1263000000,1792000000,4973000,3973000,70404359049.232,6934015
2020,YR2020,Burkina Faso,BFA,..,..,67000,..,17933606212.6294,21522626
2020,YR2020,Burundi,BDI,..,..,..,..,2649680261.01097,12220227
2020,YR2020,Cabo Verde,CPV,59000000,169000000,180000,..,1878277311.2253,582640
2020,YR2020,Cambodia,KHM,213000000,1119000000,1306000,326000,25872797892.0285,16396860
2020,YR2020,Cameroon,CMR,697000000,437000000,..,..,40773241211.6941,26491087
2020,YR2020,Canada,CAN,..,..,..,..,1647598402302.68,38007166
2020,YR2020,Cayman Islands,CYM,..,..,660000,..,5647224973.03878,67311
2020,YR2020,Central African Republic,CAF,..,..,..,..,2326720902.35741,5343020
2020,YR2020,Chad,TCD,..,..,10399.9996185303,5500,10715396051.4388,16644701
2020,YR2020,Channel Islands,CHI,..,..,..,..,9811538461.53846,171113
2020,YR2020,Chile,CHL,720000000,1034000000,..,..,254096103516.324,19300315
2020,YR2020,China,CHN,..,..,30402000,20334000,14687743556969.6,1411100000
2020,YR2020,Colombia,COL,1576000000,1959000000,1396000,1275000,270150956772.567,50930662
2020,YR2020,Comoros,COM,43000000,18500000,7000,..,1225039195.93744,806166
2020,YR2020,"Congo, Dem. Rep.",COD,..,..,..,..,48716961864.5378,92853164
2020,YR2020,"Congo, Rep.",COG,..,..,..,..,10483151093.6873,5702174
2020,YR2020,Costa Rica,CRI,697000000,1479000000,1146500,324000,62395610764.0705,5123105
2020,YR2020,Cote d'Ivoire,CIV,315000000,199300003.051758,668000,..,62982768371.5174,26811790
2020,YR2020,Croatia,HRV,789687194.824219,5631853027.34375,21608000,678000,57624938982.3606,4047680
2020,YR2020,Cuba,CUB,..,1152000000,1086000,271000,107352000000,11300698
2020,YR2020,Curacao,CUW,127000000,282000000,..,..,2496174748.60335,154947
2020,YR2020,Cyprus,CYP,880000000,663000000,..,..,25008266159.2479,1237537
2020,YR2020,Czechia,CZE,3495000000,3890000000,..,2399000,245974558654.043,10697858
2020,YR2020,Denmark,DNK,..,..,15595000,4230000,355222449505.211,5831404
2020,YR2020,Djibouti,DJI,..,..,..,..,3181071153.6622,1090156
2020,YR2020,Dominica,DMA,9000000,..,140000,..,504214814.814815,71995
2020,YR2020,Dominican Republic,DOM,444000000,..,2748000,210000,78844655833.2194,10999664
2020,YR2020,Ecuador,ECU,533000000,705000000,..,..,99291124000,17588595
2020,YR2020,"Egypt, Arab Rep.",EGY,2578000000,4874000000,..,..,383817841547.099,107465134
2020,YR2020,El Salvador,SLV,162000000,755000000,707000,515000,24930080000,6292731
2020,YR2020,Equatorial Guinea,GNQ,..,..,..,..,10099157995.5789,1596049
2020,YR2020,Eritrea,ERI,..,..,..,..,..,3555868
2020,YR2020,Estonia,EST,676000000,865000000,1695000,558000,31370395572.7653,1329522
2020,YR2020,Eswatini,SWZ,36400001.5258789,7300000.19073486,345299.987792969,488000,3982236726.3678,1180655
2020,YR2020,Ethiopia,ETH,322500000,2282000000,518000,..,107657734392.446,117190911
2020,YR2020,Faroe Islands,FRO,..,..,..,..,3248670978.10165,52415
2020,YR2020,Fiji,FJI,77000000,236000000,168000,..,4477030179.83128,920422
2020,YR2020,Finland,FIN,1940000000,1757000000,896000,2690000,271886077382.097,5529543
2020,YR2020,France,FRA,31193000000,35958000000,117109000,21287000,2639008701648.21,67571107
2020,YR2020,French Polynesia,PYF,..,..,89400.0015258789,12000,5731835679.23061,301920
2020,YR2020,Gabon,GAB,..,..,..,..,15314577167.8199,2292573
2020,YR2020,"Gambia, The",GMB,5199999.80926514,53000000,246000,..,1812170878.30632,2573995
2020,YR2020,Georgia,GEO,292000000,586000000,1513000,..,15842922532.7202,3722716
2020,YR2020,Germany,DEU,..,..,12449000,..,3889668895299.56,83160871
2020,YR2020,Ghana,GHA,946000000,191000000,..,..,70043095503.2503,32180401
2020,YR2020,Gibraltar,GIB,..,..,..,..,..,32709
2020,YR2020,Greece,GRC,1500000000,6193000000,7406000,2324000,188925995936.803,10698599
2020,YR2020,Greenland,GRL,..,..,..,..,3082909157.60994,56367
2020,YR2020,Grenada,GRD,12000000,..,217000,..,1043411111.11111,123663
2020,YR2020,Guam,GUM,..,..,328000,..,5886000000,169231
2020,YR2020,Guatemala,GTM,346000000,298500000,594000,507799.987792969,77715183063.2054,16858333
2020,YR2020,Guinea,GIN,1075099975.58594,1289999.96185303,..,..,14177835840.8311,13205153
2020,YR2020,Guinea-Bissau,GNB,..,..,..,..,1431758231.68287,2015828
2020,YR2020,Guyana,GUY,..,..,86400.0015258789,..,5471256594.72422,797202
2020,YR2020,Haiti,HTI,..,..,..,..,14508222518.158,11306801
2020,YR2020,Honduras,HND,230000000,189000000,669000,..,23827859694.7921,10121763
2020,YR2020,"Hong Kong SAR, China",HKG,..,..,3569000,8261000,344943149590.058,7481000
2020,YR2020,Hungary,HUN,1334000000,4224000000,31641000,12727000,157227094449.074,9750149
2020,YR2020,Iceland,ISL,..,..,488000,130000,21553080483.8132,366463
2020,YR2020,India,IND,15777000000,13413000000,..,..,2671595389575.7,1396387127
2020,YR2020,Indonesia,IDN,1980000000,3533000000,4053000,2918000,1059054842711.72,271857970
2020,YR2020,"Iran, Islamic Rep.",IRN,..,..,1550000,1550000,239735486745.704,87290193
2020,YR2020,Iraq,IRQ,4172000000,955000000,..,..,180924091442.953,42556984
2020,YR2020,Ireland,IRL,2334000000,4160000000,..,2326000,425852281928.114,4985382
2020,YR2020,Isle of Man,IMN,..,..,..,..,6684229268.52985,84046
2020,YR2020,Israel,ISR,2175000000,2661000000,..,..,413267669231.522,9215100
2020,YR2020,Italy,ITA,12965000000,20459000000,38419000,21448000,1897210466667.52,59438851
2020,YR2020,Jamaica,JAM,291000000,..,1329699.95117188,..,13812421859.4026,2820436
2020,YR2020,Japan,JPN,6741000000,11395000000,4115799.8046875,3174000,5048789595589.43,126261000
2020,YR2020,Jordan,JOR,408000000,1745000000,1240000,406000,43579916197.1831,10928721
2020,YR2020,Kazakhstan,KAZ,861000000,589000000,2035000,2865000,171082365723.326,18755666
2020,YR2020,Kenya,KEN,..,..,..,..,100657505600.655,51985780
2020,YR2020,Kiribati,KIR,..,..,..,..,177553260.108828,126463
2020,YR2020,"Korea, Dem. People's Rep.",PRK,..,..,..,..,..,25867467
2020,YR2020,"Korea, Rep.",KOR,16705000000,11776000000,2519000,4276000,1644312785467.12,51836239
2020,YR2020,Kosovo,XKX,..,..,..,..,7717143395.25699,1790133
2020,YR2020,Kuwait,KWT,6696000000,524000000,2161000,..,105948765156.029,4360444
2020,YR2020,Kyrgyz Republic,KGZ,185000000,195000000,..,..,7780873258.66887,6579900
2020,YR2020,Lao PDR,LAO,260000000,227000000,886400.024414063,707000,18981800705.0794,7319399
2020,YR2020,Latvia,LVA,..,..,3204000,690000,34601740323.338,1900449
2020,YR2020,Lebanon,LBN,1699000000,2369000000,..,..,31712128253.7961,5662923
2020,YR2020,Lesotho,LSO,277000000,..,..,..,2117736527.79886,2254100
2020,YR2020,Liberia,LBR,..,..,..,..,3039982500,5087584
2020,YR2020,Libya,LBY,..,..,..,..,46808208747.2754,6653942
2020,YR2020,Liechtenstein,LIE,..,..,58400.0015258789,..,6405765970.4778,38756
2020,YR2020,Lithuania,LTU,..,..,2284000,1643000,56914826860.6918,2794885
2020,YR2020,Luxembourg,LUX,2458000000,4454000000,525000,1460000,73992591285.3017,630419
2020,YR2020,"Macao SAR, China",MAC,886000000,9442000000,5897000,125000,25459685019.548,676283
2020,YR2020,Madagascar,MDG,97000000,202000000,87099.9984741211,..,13051441203.4474,28225177
2020,YR2020,Malawi,MWI,119000000,35000000,..,..,12056108780.2073,19377061
2020,YR2020,Malaysia,MYS,5206000000,3386000000,4333000,..,337339463179.961,33199993
2020,YR2020,Maldives,MDV,106000000,1409000000,555000,..,3746329358.28788,514438
2020,YR2020,Mali,MLI,..,..,..,..,17465392779.0366,21224040
2020,YR2020,Malta,MLT,..,..,718000,218000,15046136935.4814,515332
2020,YR2020,Marshall Islands,MHL,..,..,..,..,241722400,43413
2020,YR2020,Mauritania,MRT,35000000,6400000.09536743,..,..,8405498735.74293,4498604
2020,YR2020,Mauritius,MUS,224000000,518000000,316000,65000,11401040995.9946,1266014
2020,YR2020,Mexico,MEX,4286000000,11449000000,51128000,36056000,1090514966785.91,125998302
2020,YR2020,"Micronesia, Fed. Sts.",FSM,..,..,..,..,408000000,112106
2020,YR2020,Moldova,MDA,303000000,354000000,29000,75000,11531967881.0624,2635130
2020,YR2020,Monaco,MCO,..,..,159000,..,6739642360.46694,36922
2020,YR2020,Mongolia,MNG,573000000,49000000,66900.0015258789,..,13312981427.4023,3294335
2020,YR2020,Montenegro,MNE,38000000,180000000,351000,..,4769995511.55242,621306
2020,YR2020,Morocco,MAR,1509000000,4514000000,2802000,646000,121347533649.793,36688772
2020,YR2020,Mozambique,MOZ,95000000,113000000,..,..,14156864916.4711,31178239
2020,YR2020,Myanmar,MMR,..,..,903000,..,78930259068.5275,53423198
2020,YR2020,Namibia,NAM,77000000,155000000,187100.006103516,..,10583748757.3345,2489098
2020,YR2020,Nauru,NRU,..,..,..,..,124685686.622889,12315
2020,YR2020,Nepal,NPL,267000000,238000000,230000,..,33433659223.1789,29348627
2020,YR2020,Netherlands,NLD,7435700195.3125,10926200195.3125,7265000,..,909793466661.466,17441500
2020,YR2020,New Caledonia,NCL,..,..,31000,48000,9454629451.03219,272460
2020,YR2020,New Zealand,NZL,..,..,996000,511000,212569779569.515,5090200
2020,YR2020,Nicaragua,NIC,102000000,..,474000,325000,12678162359.4021,6755895
2020,YR2020,Niger,NER,..,..,85000,..,13744174582.2532,24333639
2020,YR2020,Nigeria,NGA,6613000000,321000000,..,..,432198936002.177,208327405
2020,YR2020,North Macedonia,MKD,153000000,253000000,118000,..,12363580534.6811,2072531
2020,YR2020,Northern Mariana Islands,MNP,..,..,..,..,858000000,49587
2020,YR2020,Norway,NOR,4230000000,2196000000,1397000,1690000,367633418886.627,5379475
2020,YR2020,Oman,OMN,1236000000,669000000,869000,1657000,75909397659.2978,4543399
2020,YR2020,Pakistan,PAK,1245000000,765000000,..,..,300425609206.18,227196741
2020,YR2020,Palau,PLW,..,..,18399.9996185303,..,251900000,17972
2020,YR2020,Panama,PAN,601000000,1841000000,647000,401000,57086836942.4052,4294396
2020,YR2020,Papua New Guinea,PNG,..,..,39000,..,23848442440.267,9749640
2020,YR2020,Paraguay,PRY,226000000,104000000,1077000,214000,35432177936.3317,6618695
2020,YR2020,Peru,PER,938000000,1002000000,1119000,791000,201947603715.409,33304756
2020,YR2020,Philippines,PHL,4872000000,2769000000,1483000,1483000,361751145432.404,112190977
2020,YR2020,Poland,POL,5547000000,8379000000,..,..,599442783603.187,37899070
2020,YR2020,Portugal,PRT,3536000000,10522000000,4208000,680000,229031860520.773,10297081
2020,YR2020,Puerto Rico,PRI,..,2921000000,3882000,..,103130900000,3281557
2020,YR2020,Qatar,QAT,11504000000,14318000000,582000,..,144411363345.27,2760385
2020,YR2020,Romania,ROU,3472000000,1611000000,5023000,9510000,251362534092.315,19265250
2020,YR2020,Russian Federation,RUS,10800000000,4961000000,6359000,12361000,1493075887459.81,144073139
2020,YR2020,Rwanda,RWA,127000000,212000000,..,..,10172925171.5869,13146362
2020,YR2020,Samoa,WSM,1799999.95231628,23059999.4659424,23899.9996185303,18500,868898350.356664,214929
2020,YR2020,San Marino,SMR,..,..,..,..,1541247884.00207,34007
2020,YR2020,Sao Tome and Principe,STP,..,..,..,..,472551023.610419,218641
2020,YR2020,Saudi Arabia,SAU,9069000000,5960000000,..,..,734271183954.88,35997107
2020,YR2020,Senegal,SEN,..,..,..,..,24530513058.5946,16436120
2020,YR2020,Serbia,SRB,1179000000,1422000000,446000,..,53356484763.839,6899126
2020,YR2020,Seychelles,SYC,39000000,228000000,124500,19000,1183515397.64891,98462
2020,YR2020,Sierra Leone,SLE,..,..,..,..,4062906363.55623,8233970
2020,YR2020,Singapore,SGP,..,..,2742000,1543000,348392174863.651,5685807
2020,YR2020,Sint Maarten (Dutch part),SXM,21000000,243000000,..,..,1240279329.60894,42310
2020,YR2020,Slovak Republic,SVK,1291000000,1303000000,..,..,106728917483.033,5458827
2020,YR2020,Slovenia,SVN,855799987.792969,1418000000,1216000,1892000,53706800043.6833,2102419
2020,YR2020,Solomon Islands,SLB,30909999.8474121,7000000,4400.00009536743,..,1536145831.0639,691191
2020,YR2020,Somalia,SOM,..,..,..,..,6883000000,16537016
2020,YR2020,South Africa,ZAF,1594000000,2716000000,3886600.09765625,..,337619569570.511,58801927
2020,YR2020,South Sudan,SSD,469000000,..,..,..,..,10606227
2020,YR2020,Spain,ESP,..,..,36410000,6236000,1276962685648.23,47365655
2020,YR2020,Sri Lanka,LKA,803000000,1076000000,540000,305000,84440535698.8207,21919000
2020,YR2020,St. Kitts and Nevis,KNA,18000000,..,301399.993896484,..,884522222.222222,47642
2020,YR2020,St. Lucia,LCA,28000000,..,432500,..,1516000000,179237
2020,YR2020,St. Martin (French part),MAF,..,..,..,..,..,32553
2020,YR2020,St. Vincent and the Grenadines,VCT,13000000,85000000,..,..,869111852.751778,104632
2020,YR2020,Sudan,SDN,..,..,..,..,27034593750,44440486
2020,YR2020,Suriname,SUR,64000000,19000000,..,..,2911807496.20227,607065
2020,YR2020,Sweden,SWE,..,..,1957000,6081000,547054174235.876,10353442
2020,YR2020,Switzerland,CHE,10372000000,9994000000,..,..,739913619797.445,8638167
2020,YR2020,Syrian Arab Republic,SYR,..,..,..,..,11159274040.2708,20772595
2020,YR2020,Tajikistan,TJK,10800000.1907349,102400001.525879,..,..,8133963813.3329,9543207
2020,YR2020,Tanzania,TZA,..,..,..,..,66068737757.2651,61704518
2020,YR2020,Thailand,THA,3681000000,15360000000,..,..,500457261548.076,71475664
2020,YR2020,Timor-Leste,TLS,61000000,..,..,..,2158392500,1299995
2020,YR2020,Togo,TGO,..,..,482000,..,7389329392.7704,8442580
2020,YR2020,Tonga,TON,38000000,47700000.7629395,..,..,484796858.839009,105254
2020,YR2020,Trinidad and Tobago,TTO,42000000,151000000,141000,..,21059428846.0153,1518147
2020,YR2020,Tunisia,TUN,407000000,1007000000,2012000,739000,42538462678.1201,12161723
2020,YR2020,Turkiye,TUR,1639000000,13771000000,15971000,2243000,720288811761.915,84135428
2020,YR2020,Turkmenistan,TKM,..,..,..,..,45610571428.5714,6250438
2020,YR2020,Turks and Caicos Islands,TCA,..,..,370399.993896484,..,924583000,44276
2020,YR2020,Tuvalu,TUV,..,..,..,..,51746568.697119,11069
2020,YR2020,Uganda,UGA,268000000,518000000,473000,..,37605430214.347,44404611
2020,YR2020,Ukraine,UKR,4823000000,687000000,3382000,11251000,156617719786.254,44132049
2020,YR2020,United Arab Emirates,ARE,15085000000,24615400390.625,8084000,6458000,349473015330.157,9287289
2020,YR2020,United Kingdom,GBR,..,..,11101000,23827000,2704609160088.15,67081234
2020,YR2020,United States,USA,48837000000,84205000000,45037000,60549898.4375,21060473613000,331511512
2020,YR2020,Uruguay,URY,412000000,1085000000,..,..,53666908479.5585,3429086
2020,YR2020,Uzbekistan,UZB,1062000000,395000000,..,..,60224701295.7983,34232050
2020,YR2020,Vanuatu,VUT,22000000,67000000,82400.0015258789,9399.99961853027,909421043.508407,311685
2020,YR2020,"Venezuela, RB",VEN,..,..,..,..,..,28490453
2020,YR2020,Vietnam,VNM,4360000000,3232000000,3837000,..,346615750166.553,96648685
2020,YR2020,Virgin Islands (U.S.),VIR,..,686000000,8612000,..,4204000000,106290
2020,YR2020,West Bank and Gaza,PSE,567000000,..,93000,..,15531700000,4803269
2020,YR2020,"Yemen, Rep.",YEM,..,..,..,..,..,32284046
2020,YR2020,Zambia,ZMB,474000000,..,502000,..,18110638619.3723,18927715
2020,YR2020,Zimbabwe,ZWE,157000000,66000000,639000,..,21509698406.1116,15669666
,,,,,,,,,
,,,,,,,,,
,,,,,,,,,
Data from database: World Development Indicators,,,,,,,,,
Last Updated: 09/19/2023,,,,,,,,,
